ebmf_factor,CD4_cl1,CD4_cl2,CD4_cl3,CD4_cl4,CD4_cl5,CD4_cl7,CD4_cl9,CD4_cl10,CD4_cl12,CD4_cl13,CD4_cl14,CD4_cl15,CD4_cl16,CD4_cl17,CD4_cl18,CD4_cl20,CD4_cl21,CD4_cl22,CD4_cl23,CD4_cl25,CD4_cl28,CD4_miniverse,CD4_prolif,CD8_cl1,CD8_cl2,CD8_cl4,CD8_cl5,CD8_cl6,CD8_cl7,CD8_cl10,CD8_cl11,CD8_cl12,CD8_cl13,CD8_cl14,CD8_cl15,CD8_cl18,CD8_cl20,CD8_cl22,CD8_cl25,CD8_cl26,CD8_cl27,CD8_cl28,CD8_miniverse,CD8_prolif,Treg_cl1,Treg_cl2,Treg_cl3,Treg_cl4,Treg_cl6,Treg_cl7,Treg_cl8,Treg_miniverse,Treg_prolif,gdT_cl2,gdT_cl4,gdT_cl5,gdT_cl7,gdT_cl9,gdT_cl10,gdT_cl11,gdT_cl12,gdT_cl23,gdT_cl26,gdT_cl28,gdT_cl33,gdT_cl35,gdT_cl42,gdT_cl43,gdT_cl46,gdT_cl50,gdT_52,gdT_53,gdT_54,gdT_miniverse,gdT_prolif,CD8aa_cl1,CD8aa_cl16,CD8aa_cl20,CD8aa_cl40,CD8aa_cl56,CD8aa_miniverse,CD8aa_prolif,DN_cl3,DN_cl15,DN_cl18,DN_cl29,DN_cl31,DN_cl34,DN_cl39,DN_cl41,DN_cl57,DN_cl58,DN_miniverse,DN_prolif,nonconv_cl8,nonconv_cl13,nonconv_cl17,nonconv_cl21,nonconv_cl24,nonconv_cl55,nonconv_miniverse,nonconv_prolif,DP_cl14,DP_cl51,DP_cl59,DP_cl60,DP_cl61,DP_cl62,DP_cl63,DP_cl64,DP_cl65,DP_miniverse,DP_prolif,thymocyte
F16,0.024216551770839388,0.01987121608922222,0.030169022455432491,0.6247573234414292,0.05265456015095301,0.045397298466618934,0.12836109496814696,0.10141206514748194,0.037249749422052156,0.060486268672333775,0.044566655129307901,0.015112482011489395,0.0038744516856799708,0.023166729296709595,0.017596194801834244,0.03530025111867801,0.072749340082387495,0.074213626247012485,0.024040530276152508,0.014263966599984959,0.018498675692694887,0.071580971897559104,0.046964977103696841,0.072417764393372511,0.017774149468447378,0.024115249071995123,0.8206820500796449,0.17023628498328261,0.18593727859808012,0.047194311923616478,0.013789127080222573,0.035300372967299987,0.023968639091277787,0.017904127890170377,0.079099860000031955,0.023283480650213254,0.11296097873855007,0.078936977006278344,0.025137430460858357,0.011662312972586531,0.044886005135870551,0.041890135638786949,0.072720027271130971,0.043029600997414617,0.074279739739327527,0.061234687850690799,0.031898944492889977,0.17808461485305124,0.056100268039734336,0.092226734613351791,0.051961835722574547,0.049359076155263706,0.091625275557970981,0.0047043586121156182,0.012726977379224836,0.02685895114086892,0.0048645472979565799,0.028618952306260596,0.034074534238007222,0.0054999787598044953,0.0099926849153311424,0.068572810294525929,0.063269901479034912,0.012952368408778966,0.085296909943365723,0.006551940041325457,0.025426241513924069,0.0089501192267012648,0,0.02341572935561299,0.10132000842076747,0.00077509085346419903,0.051218217456132975,0.034319866528983028,0.0130566154661554,0.010058153028346027,0.0048632409080087025,0.017737737834558384,0.0030969398469051276,0.064777879755863105,0.026206070705761628,0.024631664651370445,0.018375202007246575,0.031930615033387108,0.12322757758328952,0.014896957456292964,0.01393892705977311,0.012916049517236518,0.017005306846438386,0.025774309843790765,1,0.59591412987533254,0.035412535394833619,0.035151244535150575,0.047542180525470511,0.058201042124653948,0.038705251542273243,0.04736253537437804,0.068401377169464608,0.016033073868776757,0.046080692121611248,0.044413167342586539,0.018330132681940486,0.075248756199893699,0.081180665154124407,0.097835531530332795,0.03201643162743105,0.020916262619157387,0.12655209499176023,0.01232033419093562,0.011828451502145745,0.090092305950351489,0.093237466010083384,0.10208267189274232
F9,0.10140645256415014,0.097583558465651449,0.26872986536438026,0.14057433317139248,0.14389258834488322,0.15471853733283264,0.080411584818997045,0.16047747016908062,0.25202659730999566,0.089277077905397392,0.11872568741454256,0.046184436000988982,0.045970252128185556,0.05384196298211115,0.055991056409902075,0.062969927869335252,0.068117657037923676,0.078579126712494132,0.076278741985456533,0,0.13244072972710072,0.1949999505344121,0.073769944189764347,0.17185611452199848,0.077108363079708739,0.10532608992678261,0.14039278765908009,0.058304103881450929,0.051398912285825847,0.060721086695890318,0.042008314891887333,0.057146633527156543,0.054711449506729112,0.053028612735820158,0.060000862594206415,0.2077844517866867,0.082512327687184334,0.073153217768996762,0.20439990936179503,0.082656824958646236,0.12051678240032163,0.070117510617636963,0.1816419344506339,0.089901651841424776,0.13300262119711931,0.088905778722178405,0.13512215836283695,0.095588666053142438,0.11547343226528138,0.21627628918562311,0.076148858308907774,0.094518874226303798,0.12528629059942814,0.076443801682861995,0.074390641823130543,0.12297864248647124,0.054146553617008208,0.051987475889987339,0.061179113728831037,0.058939368952372381,0.068600441136556389,0.062440072048915884,0.082063705434619993,0.082743095574849643,0.12210125530327474,0.089753488091994141,0.070917328018831105,0.11098770364164842,0.042679880975189273,0.029780836783550833,0.1414343656742541,0.080151554728530597,0.11130876990958322,0.083067914957613523,0.070030570227335512,0.082748589025011823,0.086339954598022114,0.075450262776623506,0.07001257808129005,0.074622552715797139,0.083461854068587749,0.076433464262427794,0.064155538542435317,0.073241327619150975,0.067930601347685984,0.098123703109279328,0.068171347673695343,0.067081301001548035,0.046074024252767798,0.063720197981902205,0.037422927606424045,0.059601478706358874,0.089246309512369726,0.09544086504787147,0.092869868620523197,0.11118777402599707,0.057932157473154201,0.070477932881534963,0.07277773497046694,0.068506795256424086,0.089742608982292943,0.11139902713399898,0.044448094171420198,0.092598434759668252,1,0.071052894040103537,0.19613443774945682,0.19648756348028143,0.11524978674045505,0.12581864897132791,0.11201124501734845,0.26879579485173716,0.14652496565139783,0.17214835992188021
F61,0.39852319983041695,0.30808645195773809,0.35394213934216012,0.72506436435152155,0.26781403824118472,0.32154170245279728,0.33745880464393407,0.19912199136162892,0.29637237501741187,0.32193533465713603,0.17567086327642997,0.17621024904514176,0.17622642852089143,0.1525236401732962,0.11038475065300002,0.10802263982317872,0.15206222713032069,0.19249410844397152,0.23905622963646173,0.047292855576311847,0.18470896774549092,0.54436698075888301,0.13577282503140134,0.33026440000886603,0.27639526502182848,0.13739502154542685,0.14484213217045519,0.11467476883527636,0.14672425208763237,0.11171649209592348,0.17454560558468124,0.14318205590184135,0.19955477590544823,0.15287625331962437,0.12829670107572275,0.14243944638887765,0.29691888207166717,0.17218169751566537,0.17285003427756584,0.15492140304285826,0.22952850973765213,0.13824936290548406,0.39886460618462471,0.18051779085079278,0.3341131916980089,0.23838253194901077,0.3849705803930204,0.38746521061141959,0.30154339839825217,0.41521494575043044,0.22274384711770412,0.30557748763713971,0.1845067509847462,0.1775682749453959,0.15160093722949064,0.19638282974024973,0.16236321546057522,0.13657994862273118,0.14303430395026318,0.11561178630269693,0.16948670459021831,0.21322619276681448,0.20048819294234088,0.14055859942137902,0.22575604693140439,0.16389040201043584,0.15453314916046521,0.17617798466088183,0.080309849717223158,0.1534827005436529,0.25785334388001879,0.17989119999147921,0.39093837538922094,0.20100228615751503,0.10515462621100101,0.17005392404921549,0.15238750418403815,0.18295432753444701,0.15404850307326792,0.12563793503464726,0.19378833735986939,0.10299372546010309,0.10434859814311837,0.2212988603285457,0.12981054273181755,0.13882619747177299,0.11951492216808325,0.098821303673853486,0.1179169521803468,0.15128063298614292,0.12520418784964824,0.10034647895014295,0.16439309285270168,0.10517554871387283,0.13960338836631683,0.26232357262810618,0.13223251838470088,0.16096613943535115,0.14175741073077547,0.11377751383110969,0.14526090117014787,0.17461653680157313,0.17026633725846732,0.50785666102525273,0.21533706230387492,0.21746661724116356,0.16614115281734429,0.18543821363287219,0.13054651171779436,0.031291488294850664,0,1,0.14809663836991607,0.20163167622379197
F54,0.30716826967918254,0.11615796597515649,0.25248668418436676,0.47194178945601345,0.071699691353283565,0.23563426483148311,0.27725151874670922,0.015788365838429137,0.073381070437159496,0.16488930286178494,0.095972511172299296,0.026371106440268195,3.770366975950117e-09,0.11123708093669721,0.069829718304044136,4.144555508167601e-09,0.024637195600346867,0.062199142303184497,0.14171321073547863,3.9265087488084868e-09,0.075291234980942146,0.31236457364861181,0.053318779390607002,0.36130013408441053,0.19063096255021891,0.11756209822379797,0.2816546651948722,3.7122414437391444e-09,0.040870158028441468,0.020207030383781938,0.013801579335078213,0.050094942728947704,0.067943600376778615,0.047024885643642093,0.025695222562166078,4.3120882231585549e-09,0.25268235129512367,0.14343627798076955,5.0117566136463334e-09,4.593992712143883e-09,0.26967856403153123,0.0018104931303433241,0.38242958203240923,0.020562517485906248,0.12948955056402178,0.054401328295085843,0.096682359521516922,0.1913610508787511,0.051264734015153392,0.26735739464421415,0.042069129178686854,0.00047453538725723517,0.033088676456371841,0.0030276495542457043,0.0096487561827112434,0.12044069161405227,0.00011804562321839524,0.1276038307422328,0.05584207058509618,0.0033834566191802196,0.001571808134960347,0.22840870174449776,0.041149320448683802,0.023328183576522315,0.19919072646226199,0.0053773287530153287,0.0080362603185365859,0.058590822815647398,0.13312079196887697,1.8706975888300494e-09,0.8534379352170941,3.9898234916958491e-09,0.24877641577290704,0.046258496093130652,0.043567620669204263,0.005627118192477628,0.00058484604430930718,0.021410384759102397,0.0040908174808795385,4.5619797927262832e-09,0.086333800874157041,0.0037252012002601002,0.03341578749404564,0.025404256562902447,0.0132653255296005,0.011404240003551369,4.6353653353725786e-09,4.011987136893285e-09,0.030846715978249249,3.8377724880603746e-09,4.4424229718893399e-09,4.2905478962433204e-09,0.0639354985974947,0.034561918669786244,0.1091277675681689,0.11904962629574761,0.038750735741309814,0.021116395224998627,0.038134956419164111,4.7283748918102243e-09,0.0045532996975059144,0.2171958058247061,0,0.68628119845404034,0.091908057437757373,0.20562302497157914,5.0554723691557043e-09,4.7943542343151495e-09,0.20272778413102499,4.7905063456458738e-09,3.5917994922802726e-09,1,0.14058515819983156,5.2753125622889058e-09
F74,0.54827184026880071,0.40525501729762586,0.51374309896329096,0.44010710995567109,0.53800699081388992,0.44471715137112977,0.343719770111093,0.35399409138872762,0.19260411720504533,0.17569097942098069,0.071550917547480081,0.069516401353114932,0.0021554308339640318,0.024073719453788084,0.02789292560497442,1.7911347429268346e-08,0.050801424864908767,0.078194042045977255,0.12186979371169036,0.098842118670341567,0.21355092928672456,0.59405993211937735,0.10432928556699085,0.56485109061936589,0.43113256717479032,0.5042145324117856,0.43616920007401833,0.025527112432684233,0.12117453352342135,0.096296831209551723,0.1692758724588444,0.10736421766564812,0.1581795557004351,0.04079224668474761,0.046963185010006625,0.079633941358172852,1.970820774580178e-08,0.40295871286529478,0.044529848112251309,0.019498969720061293,0.40578712363448599,0.032674283757723015,0.80406350770600066,0.11285557398233391,0.65485478267219277,0.2884850562152953,0.58688283618493886,0.36598712356237822,0.25837792320574998,0.42790965834015926,0.26913662639744657,0.16214683722285067,0.12647341120814326,0.019044376014836547,0.011251926329276508,0.094698984248199447,0.0093259774915705005,0.11546039079201929,0.042815647834738901,0.000487214696915639,0.0073075050506029391,0.75182125241035813,0.26144539262644434,2.9618278164819651e-08,0.1980487090895261,0.00047949443020346651,0.022973884868499168,0.12893364629086879,0.041741021180839444,0,0.50243655390725461,3.8304156756224749e-08,0.28846994771728796,0.34806087476723607,0.056047309017042433,0.017387081541157805,0.045021388211472238,0.065469895751220503,0.018219263788906509,0.51253236841994987,0.3923253509822599,0.16292296916548274,1,0.28599416631075908,0.12605028868773072,0.17072339202526443,0.28948557125063828,0.20220375092118606,0.408439835967364,0.042963280321208303,1.5328453681438822e-08,0.12478337268214598,0.65208008543438634,0.090694094225579419,0.22565591365251417,0.16860412641466346,0.29144814253700374,0.60764033560241482,0.25114947844186314,2.5519266194435547e-08,0.42835177686753195,0.12301140558945763,9.6047253517571599e-09,0.78582990334653335,0.088780258989669444,0.48909212433162041,0.033797074698716519,0.59153440831127246,0.11386467699741497,0.71848376366219824,0.43341229501513728,0.47096723304890631,0.11680392931757858,1.6338443301151771e-08
F41,0.23826985060707834,1,0.33119589294490603,0.46095624678440855,0.44235981754542464,0.12852401211239028,0.45339870081626588,0.2803669449962034,0.4672579002088898,0.45831339757501938,0.1913468953619763,0.36935624383145921,0.44192263990689112,0.19472301349792623,0.1471709745238684,0.19430216777271653,0.28238390834157562,0.23296949889728982,0.36235806686955097,0.15696645370520224,0.15320557146680902,0.49510974390821799,0.24164572690895861,0.19129773268618919,0.88245489687997702,0.19263707772738523,0.077864656826584097,0.23297949835683504,0.12417520719932446,0.17442181229388273,0.65979540287834426,0.19839523330044886,0.32623379059232133,0.11339863103667851,0.13104575961589518,0.17562911181877888,0.30901021035190568,0.29085570211754713,0.12368992580001581,0.13687624453042338,0.15668796885012165,0.072924320839902218,0.49463434548877672,0.09552324356910262,0.32454066942786547,0.27883544562701934,0.32082356420660579,0.50564873822618306,0.14836476847040114,0.50818141403971129,0.38942570161350171,0.66863413975876329,0.23386056773087147,0.17775789802460976,0.24449389294070287,0.49685718803529133,0.21090619234040792,0.6921743168138963,0.11308385416383841,0.016690786081173487,0.12659181237895309,0.24985018969748607,0.74994269210964604,0.16924178979859986,0.25192843097802164,0.093644736138379786,0.11733766045665811,0.37198014378342875,0.67637586761447577,0.92063571820454837,0.25145501412394311,0.15291636059048311,0.26450102159980554,0.36620423231903415,0.25473535871219144,0.18152168913009861,0.11317456156699345,0.01470898313148577,0.17410452369462678,0.22272078708526014,0.25326697966334355,0.10661943504493064,0.33080842194160415,0.6057737316318712,0.21668728155186875,0.44047830421080142,0.32483645505064546,0.12006427675790406,0.21919890626892291,0.1574273365759917,0.2089255844840788,0.18507080746273974,0.41897952925286652,0.22444129308312122,0.37278868720892916,0.40836534890771298,0.28321188908532519,0.14741446637297384,0.28954234242070043,0.12094620876429873,0.42981718531713703,0.13884230144277851,0.32701023991078448,0.35920153571776614,0.3942764798577163,0.24491360753944105,0.11806137701246526,0.27427886903446685,0.16877479047316446,0.11846532564920775,0,0.31959418069625661,0.6660449746017546,0.18611306640614125
F11,0.16638055376847646,1,0.26752832846144453,0.30216211466815079,0.17668241567301826,0.22883190566882841,0.26965952199666993,0.16704477585698249,0.20920895191515379,0.21157062635356316,0.19341444040855496,0.20661785463304291,0.11165057253118443,0.7478385577486496,0.2694091777010012,0.43803297694983778,0.25617416055904574,0.29435250743892921,0.22409444393572181,0.035274027448395986,0.2184929499914372,0.34247808284613018,0.20033505323926207,0.18991702712814734,0.8126269328031307,0.21145257714581919,0.20762019363395764,0.49771509656585039,0.23773402691904999,0.25646957408077309,0.1576621427873206,0.1458547579320737,0.10339969469943161,0.19061782683295339,0.2099552447243003,0.12869657284175967,0.034779446441781291,0.13417096079171614,0.14890202741709579,0.26849776253083385,0.14425914898143932,0.12990133999255185,0.33354033052583176,0.15520076302155944,0.30471326128448817,0.21848400832388262,0.15138310622813689,0.33865753486652544,0.1219170268779293,0.24109602082110668,0.37761678728955145,0.25564350458527774,0.1748418723223763,0.12891638260273963,0.1127603636339317,0.21238877530870937,0.23053834169862103,0.34003384040369306,0.17506782438005017,0.10064845683582407,0.14293698552689632,0.25078274122742944,0.2156139362527987,0.19982369294133859,0.12947777565266627,0.09931112760376816,0.21875717375431947,0.31465972251048185,0.27984903418776902,0.37126002447719081,0.31028737171794674,0,0.16183053418489557,0.26301549844464089,0.13884899964837122,0.22604222203200741,0.10815470156021305,0.13792689278733866,0.12569790003019601,0.29694199330663479,0.30046156869119756,0.12416651386407583,0.12026259895745521,0.21888258008176942,0.2923239571572363,0.59913445439314084,0.1983173141053472,0.18486371117058698,0.17746989622168938,0.36250331587492618,0.14823801269336478,0.21327674606070521,0.42188010301003409,0.15326659679256413,0.23235627990091612,0.18291930247015922,0.37052715324241503,0.23171220846662205,0.32103173766056226,0.20116215865689599,0.39172773568807512,0.17463772565004274,0.17967898274687996,0.28916287724651896,0.1924213435618774,0.29133916616351974,0.19930177449761335,0.16271261866886544,0.10997106886202915,0.19186020897828676,0.23482839044496331,0.19996152780208329,0.20926052588620178,0.17042206069465465
F86,0.24183287738203432,0.38905777572977041,0.12191917251457467,3.1432292123996351e-07,2.0899494079778001e-07,3.0697329541166684e-07,0.30864363886128499,3.9836408447590003e-07,4.1817521962052371e-07,4.3570507662486151e-07,3.6929891964151078e-07,5.8122934334021785e-07,4.480155033122461e-07,5.1971672972280825e-07,4.7946764838126624e-07,3.7573624673815559e-06,0.0029537990828591596,3.3700115371935153e-07,3.8284937741257353e-07,4.069162425159604e-07,4.0988501178082439e-07,0.19325753741533497,2.9521925631102734e-07,0.00424153422961864,0.072690716144715006,4.0912391441139242e-07,4.0972233301029488e-07,4.5126549569037553e-07,3.7434185906491202e-07,0.09370284305086754,4.4128284338812837e-07,0.080845088990317074,4.3205755354870131e-07,3.2900993314196264e-07,3.2481764767665487e-07,4.8212730796461781e-07,2.9865034188761288e-07,2.2868647891199463e-07,4.2905928110079538e-07,3.6086003366898231e-07,0.053540964901819775,3.257123224871732e-07,0.031810419970915174,0.0087789342416666836,3.9466695601623021e-07,4.3002566239807497e-07,3.5465167870109501e-07,6.7845958271907874e-07,0.033180523229831352,3.6785285810179768e-07,0.030830344368854054,5.9245348885188188e-07,0.024449436155806983,3.9162470145945948e-07,0.0095966898612507776,4.3655728867636967e-07,0.25237278499800248,7.9855406881268407e-07,1,3.6117668185853633e-07,4.9022350456770819e-06,4.6246432529400958e-07,4.3065135621405211e-07,1.0049503847428887e-06,3.6895174063010743e-07,1.7508433751589704e-06,3.5018632248602204e-07,3.9523886517354535e-07,5.4501817709604882e-07,4.9991100218231205e-07,2.8428252560119974e-07,3.6890151083919524e-07,3.6656166636135323e-07,3.8870394879023431e-07,0.015508353234887791,0.018869587172132069,0.095365884493947894,3.4830390015351151e-07,3.8883118356070984e-07,4.251342325246755e-07,3.4527079796130918e-07,2.8010367354024662e-07,4.4272773168055484e-07,0.11328358622575907,4.1197961432957882e-07,0.3479151543651493,2.0625122074991383e-07,2.7118834703611936e-07,4.6465338971858567e-07,7.3917574504738043e-07,4.0575249086747791e-07,4.6842293236474356e-07,0.20763190854428759,2.6221733227038587e-07,3.3639822247661441e-07,3.2250379086458582e-07,3.6391915236462009e-07,3.7783128861545324e-07,4.4003517012955672e-07,3.4827608373883499e-07,3.2972971136085789e-07,2.1040695020010009e-07,3.08094399450455e-07,3.3469221838056035e-07,3.2528841509372397e-07,3.8600628941500372e-07,4.3308787502311128e-07,4.7031114962737324e-07,2.4807122544004137e-07,0,1.3109792323183484e-07,3.6669995297798038e-07,2.6940294233551546e-07,3.3110996906670887e-07
F144,0.022284314824859215,0.030842334592838049,0.024769760370514593,3.1262587601164552e-09,2.3002706684294084e-09,2.856049156185698e-09,0.034964614250202884,3.5909119078965115e-09,3.2752112391485682e-09,3.9280386135126301e-09,3.6778560026512068e-09,4.3397102730850308e-09,3.6271383947626194e-09,4.2771978294215474e-09,3.8736443720751365e-09,3.2574761686511942e-09,0.054511281166994989,3.1731378730168471e-09,3.0611609774440533e-09,3.6558409612900641e-09,3.7219380339918365e-09,4.5464156968213583e-09,2.9750287553165998e-09,0.012038214250437955,0.033114524561192925,3.6045796706590747e-09,3.6572100048143484e-09,3.3961352705573783e-09,0.0017819104333758056,3.0667545332987703e-09,0.083080768002412764,0.00016536446494619354,3.8804207356960404e-09,2.8267798677443811e-09,0.00045027248669221538,4.6945776314430461e-09,3.1752290234420178e-09,2.4498145953677258e-09,3.9581229165691887e-09,3.2282984039370505e-09,3.0776415810428631e-09,3.4634845480533313e-09,0.066429224464901432,0.0010336084031886553,3.6419795372863189e-09,3.1801370991678377e-09,2.8923731429567752e-09,0.042376553420040215,2.5725780415087942e-09,1,4.1100225897728231e-09,1.6380205985465296e-08,2.2156238570078653e-09,0.075218666555498387,3.4312450435758587e-09,2.8152521668415996e-08,0.21314316964180197,4.6339188082497288e-09,3.272200144184211e-09,3.3114922765004184e-09,0.029402803336861665,0.078519097565173723,2.8882312381494284e-09,0.31705110824810789,2.8268283721207958e-09,0.12005535067528329,0.10312087420738676,0.0026152527890690885,4.3672714939713456e-09,2.8173746568034195e-09,2.7376992155898303e-09,2.1917931194462201e-09,3.4474246867740656e-09,0.14839956438227345,0.0037079206387853254,0.063271045581058283,0.0075094044587878652,0.25995008210421561,3.5113387020856606e-09,3.5994208609330259e-09,2.9346392841165745e-09,2.8321447352067155e-09,3.4901135217391373e-09,3.2148852227063956e-09,3.5852828127909477e-09,3.6498387279103021e-09,1.8866591147676442e-09,2.0977651575019897e-09,4.0376035466694182e-09,0.0018391740534798215,3.6191700691825174e-09,3.7252113039885319e-09,3.9947591011350412e-09,2.5013480991873195e-09,0.065322581249952827,3.1348158605370957e-09,3.7305218595504067e-09,0.035935100961493535,3.458794950937932e-09,3.7009451656930069e-09,0.61099874193061321,2.3407933142115192e-09,1.8533086488118167e-09,3.5554920466429507e-09,3.4772599510717436e-09,3.7483285517316575e-09,3.6488795391519446e-09,4.0618612714337426e-09,2.7763339843123312e-09,0,2.4319396632675122e-10,3.6422125007264664e-09,3.1921650335394369e-09,2.7830012213278421e-09
F33,0.12085466211516412,0.15744633923545884,0.2284831590272336,0.1306946239668445,0.18337848714561819,0.18101037733955194,0.22196241032814384,8.4034359185049628e-10,0.078864090187800898,0.075073748213823663,0.15642125450477401,0.24326752945609284,0.092451214261897147,0.03022259678391025,0.32113280168950731,5.1611091875789055e-10,0.065064084472957903,0.086133753479365693,0.23299405312907515,0.1518606043118553,0.089154253774946762,0.23721736741409363,0.095808517084766551,0.18663196051824063,0.15326911427793663,0.30767537025653113,0.26644294570318178,2.1503835172898722e-10,0.12693728366830129,0.03970431623921801,3.2577453853244378e-10,0.059993224005714496,0.063254783005688889,0.042757155219374308,0.080730719101140921,0.071113179427466131,4.3955013506890025e-10,0.020697654308067987,0.13232666982153179,3.1584339302068976e-10,0.10373535079670172,0.067348374633948729,0.28163540338743642,0.12790093052183851,0.14835312947056364,0.15385970291985437,0.32719692676425172,0.15658139982025879,0.11996128410460308,0.070114396382073382,0.1791000349083029,0.24763463895898186,0.058761508938701149,0.038592295596325786,0.0082827549220331597,0.15320333417899082,0.10631544839632448,2.5747005054007336e-10,0.035927207088127758,0.13283096056293398,0.011523160544908262,0.24875385925788909,0.15464838450077409,0.11186174740263945,1.633130348352575e-10,3.232205010636397e-10,0.016615668201464082,0.018698322424966579,2.1278606854990543e-10,2.936236485555404e-10,0.089372670451381364,0,5.0961506865026107e-10,0.25743818381631339,0.11113844109000129,0.061829199812813776,2.0660070958205547e-10,0.020596292775116317,3.5255543936978337e-10,0.12391607132914707,4.0764986936479138e-10,0.033021669970251306,0.41907609669020118,0.061166117803803356,0.17331859260530855,0.11510771392462781,2.3671818559288053e-10,3.3926604680649863e-10,0.030274804580698523,0.064911424371105933,1.6829708375843341e-10,2.093855037407183e-10,0.16210029690118183,0.045117280174298287,0.33987920747333183,0.15723470057048791,0.35167264771094192,0.36485299244500863,0.058578076931874876,4.0034152590282654e-10,1,0.074346739060607431,4.3465528146249647e-10,0.22896713571922458,3.6969154768258214e-10,0.22230252399813846,0.43050888673707666,0.5590615784647166,5.4151396403927046e-10,6.2229730197197695e-10,2.5929979347444619e-10,6.2294724963530595e-10,0.033649243264912136,9.3318898383859992e-11
F97,0.00032473024893787706,0.00017586852674274784,0.0081860579369794524,0.0014082413373952901,5.8575510002859579e-05,0.00089293140750175111,0.0011366050641957791,0.0021740600080533091,3.9348465577293765e-08,1.8978406502542422e-07,0.0011539047793257871,7.6819434379000445e-06,1.0400580189419275e-06,0.00036025200071678067,6.201183179082115e-08,5.8938347496845184e-08,0.00015835809088962809,7.1808572220497275e-08,4.6691062401723379e-08,0.0018803732057861568,3.8898480405465688e-08,0.0020068251560998633,2.5494512388642394e-06,0.0038536650921766093,8.2878645911576342e-05,0.00038880565836424402,3.392780849249751e-08,4.4872363675511217e-08,0.0012378172867356487,0.00072401514590223436,6.189093745325028e-06,0.00039788446360870306,1.0750798803579195e-05,6.7758765165873061e-06,0.00094981450419108157,5.0152964117095947e-08,1.0384160563683482e-07,6.9091599530509926e-08,2.1111047943222655e-08,6.9182733406237997e-08,3.7273326025056694e-08,4.6014907503862868e-08,0.042054651267612431,0.00040511108317517854,1.1143344532171553e-07,0.00094676191811771582,0.00031607317006662755,0.00012982458128707065,0.0012014727497685481,7.861738940628518e-08,0.0011615813861395811,0.0015976348933740101,2.8793922085986354e-07,1.6489315242844104e-06,3.6402912826592115e-07,7.5577939241649742e-09,0.00055397891367998638,7.3512278534637083e-05,1.5060495836731555e-05,4.1537624457773924e-08,0.021881428985571022,0.00081801120884891169,4.506645620601088e-05,0.00020805035940453133,4.1823972866106887e-08,5.2832762486574996e-05,2.079492124529487e-05,2.036007711523417e-08,4.3508372625753664e-06,1.2681726175118697e-07,0.00090562222347379331,2.5423367265815883e-08,0.00776405369979265,0.0044223532091268569,0.00025929502564203807,0.0035807360936644874,6.0624595662689836e-07,3.7935854090460322e-08,0.0021024717555401902,1.0089804138207701e-07,2.9920428472348734e-08,2.8010314293083081e-07,1.5653618085688295e-07,6.0206115813910581e-08,4.9546993734775864e-08,3.0573175368863954e-06,1.2144417864989331e-05,8.6716032851762321e-06,0.0001478852934080503,0.00055098361290743672,2.3638624357052402e-08,4.037440780594575e-08,6.4022112010007777e-07,4.2696865565611724e-07,2.6676712464609709e-07,0.0018889414810569299,5.8000915068579732e-08,8.1637101518959327e-05,0.0013836641728815964,3.3670136386219595e-08,1,2.1156759347454992e-06,0,0.00099894382965778471,0.0073080314782362895,2.0042330291023136e-06,0.002778409162336275,2.2387291306908787e-08,7.966235439795592e-08,3.6539350155180638e-08,7.0241982272409293e-06,4.738879543925367e-08,5.8238663432435471e-08,4.4912968575554966e-08
F30,0.0044482861685582534,0.0080278176645608105,0.0034118682858338342,0.010374346924072554,0.019710870989348522,0.013845257978266176,0.061926399626934803,0.038144560635568842,0.006917033348663385,0.050919372919948323,0.092125169518290639,0.19889947213316791,0.14482760953075013,0.045270979074243309,0.045254922843367434,0.12236900617620459,0.16957828586279172,0.093873574162510479,0.091918538267480518,0.014860441658989712,0.14550380996165876,0.064948941374652125,0.089939518447747099,0.0081675938227804782,0.0030428226374173539,0.13185544074004402,0.13132713944617566,0.25502318024532145,0.065874955262965537,0.15272731907562268,0.056874571059950904,0.076350756113730239,0.13540309923382751,0.027619213279247847,0.064341493730323704,0.040156709998768261,0.046026762208240271,0.036953041606200061,0.16718979229312059,0.050482472531077349,0.01997556127764584,0.036801187705818819,0.086352199307581853,0.057146306461337427,0.030923653122299753,0.099725299479958493,0.068447671654622552,0.042034909991163626,0.030359571985193005,0.07707738401040326,0.093705179390019169,0.070693641934439028,0.033790890359255213,0.05775096718808706,0.039835621875870031,0.04285679000345053,0.044361703302194827,0.064023813739895324,0.23479472564405715,0.006606353346517246,0.033666693119592035,0.27643501054362141,0.11314262569069768,0.092656279374284681,0.2600072595153321,0.055597885495734606,0.087191959707026118,0.069248368182228459,0,0.059063317016568438,0.071550514591062306,0.43691287485924246,0.61272738987614872,0.15492067905298607,0.05579646167767742,0.062946007275199736,0.054467616799634223,0.35745519640234386,0.048471787861709567,0.15391839139682553,0.1226477906324613,0.06750643688663796,0.32336301093650377,0.028671658199912315,0.13575293326616222,0.092705784794610446,0.0098176307923620934,0.10684105222962478,0.18847277567491738,0.19459546678366452,0.84395529733731778,0.21115029178298703,0.32736103191462507,0.11453636372510285,0.34349055245234644,0.43401725604227093,0.17930092751474871,1,0.61300700191270729,0.14186286807665713,0.98368353855972834,0.61450135041684917,0.070121936038912369,0.02440012777591383,0.041770177333921209,0.078641587636828977,0.1794798029156047,0.14934607754743742,0.014154473726586623,0.032220663744681216,0.097533883401147714,0.057313965942095479,0.090069140931801614,0.061514367251682037
F38,0.00085860210309863692,0.00026748107967817294,8.9442076976588385e-06,1.2652903886831129e-09,9.0173044030185862e-10,1.2402741460379843e-09,0.021271279988022265,1.5658370617196851e-09,1.5855063392947883e-09,0.0097408109371202901,0.00087360591041136474,0.00063044789157124231,2.1507198805783722e-09,0.00027755571635842058,0.002945722612794062,1.7344929078814589e-09,0.079003542032073479,0.00057880354062912385,0.003365372590813888,1.5264236983078934e-09,1.6476359244136239e-09,0.069354088457942165,0.071175940182075015,0.00052921284573892381,0.029786524573775723,0.0010637968830497129,0.0010411772970086222,1.7546023567855465e-09,0.069826725340005683,0.051568156105294027,0.050081262199899258,3.4530084168335526e-05,0.0043843008694634551,1.2315971327275642e-09,0.040042944580846479,2.1144630189155343e-09,0.0084030052722188879,9.5935326135813838e-10,1.7515913306333851e-09,1.3999151467230175e-09,1.2854706693834942e-09,0.0021297283993647188,0.013044541944852649,0.0015452556537946356,0.047757030166792502,0.055893269641440105,0.050512914863451004,0.00018425823294196752,0.00020213611312156149,1.4981154515701561e-09,0.00027816174947414602,0.034559305886573702,0.0022212278932627122,0.0022715968225078217,1.4387668124245467e-09,0.00027406073795183236,0.00027548127401641075,2.3083369218833077e-09,0.0054125057201589262,1.38992927932679e-09,0.00051970590338086499,1.932642118635633e-09,1.5666694053833592e-09,0.0065552999838326522,1.4831691646094753e-09,0.0056571601362206472,0.0058421840433858551,2.2088267225133403e-09,2.756822755786858e-09,1.617915555975575e-09,1.1732176166687017e-09,1.4943421764453586e-09,1.5176936590985708e-09,0.42544682858540939,0.0070143756307221141,0.038086044388187044,1.3659515975998204e-09,0.0051334526509590247,1.469884810994913e-09,1.7616018740566319e-09,1.3492057798192595e-09,1.0721003597706135e-09,1.8676462617073096e-09,0.01259336491241685,1.7066959930192568e-09,0.020068006899332545,8.1834800022704821e-10,1.1671020088176955e-09,0.0011852024840948484,0.0026011682123889615,1.5983037379048978e-09,2.0020265152584193e-09,0.0026599943161228507,1.0807211321187498e-09,1,1.3590510355000676e-09,0.00081225279395731012,0.003233819912908754,1.8496622078496686e-09,1.4159272614093306e-09,1.2461759673043333e-09,9.6186721603411226e-10,1.318410430847428e-09,1.3264797079359915e-09,1.2922189047970774e-09,0.0033384005647862243,1.7644885605798509e-09,0.060798581275177822,1.0118945300378756e-09,0,4.2267535735229158e-10,1.4811325101716863e-09,0.066084309378775921,1.4598960711952886e-09
F105,0.0043263074943454619,0.28894350882928271,0.10704133533658421,6.5874354498020392e-07,0.007016441224796225,5.7663752002578904e-07,7.1150633480394479e-07,7.3047183008489983e-07,7.3401580750321257e-07,8.3897926952544652e-07,1.2358597082683428e-06,1.0462425133413229e-06,7.6369472810309442e-07,9.8453275020922779e-07,7.6857562332216784e-07,6.7331594494728565e-07,0.0028896197503515716,6.3998865103334168e-07,0.012348018929529631,0.027982147476537478,8.3964483731567943e-07,0.016626878764067127,5.6735611561772938e-07,0.0028262889959488227,0.014035723454783112,7.3058534516610701e-07,7.171017357620598e-07,8.9744284307502474e-07,6.6810663736453232e-07,0.0032739953464310215,7.296160889437822e-07,5.054196424744888e-06,7.7329411728508653e-07,5.9250127174915913e-07,6.1759066730761616e-07,8.545575375388441e-07,6.0328006825145774e-07,0.0076031587817101025,7.4260638292105479e-07,0.017956061623680523,6.1412642679045518e-07,0.024245305465172381,0.58481431334496425,0.2726318252946533,8.6857405606876229e-07,0.0029354921264674715,6.8910957856508047e-07,2.7911142385491764e-06,5.8990427240687343e-07,6.7714797430543162e-07,0.00017028275069492222,0.048164415223916346,4.4889969304825642e-07,0.0065476590027950228,6.6562189786624773e-07,8.539893041896879e-07,0.0074113941391317001,0.068197991170228525,0.010019819754861214,7.6081340658023294e-07,0.022907062361367036,8.3595200343443322e-07,7.4485898583913874e-07,0.28622496776937334,6.6926796620514158e-07,0.70077267422020806,0.03319014555484958,0.010967609092538376,9.6537184344327091e-07,7.6448713525377273e-07,5.4526595081127327e-07,7.2507545844773227e-07,1.0468367954059783e-06,0.032897541244124216,0.019805054703285419,0.020877372886203682,0.01261108313997948,0.19015185688885386,7.7779373753821928e-07,7.7637849678531253e-07,6.5874862792888252e-07,7.5846437980567739e-07,8.2491595400726436e-07,7.601659143328622e-07,7.3199270982235735e-07,0.013158912418032753,4.3472329306015977e-07,5.8646775842162712e-07,8.6748949608946634e-07,1,6.8712502445487733e-07,1.7002551476355139e-06,0.045205485973962171,4.7644338834354307e-07,0.71933674293494876,6.1187591527992036e-07,6.9877295817302155e-07,0.03151250563328014,7.9423450285269881e-07,6.3048179093657105e-07,0.028725224470680901,4.7508178046542035e-07,5.3121852921518414e-07,0.037008302074631086,5.9574058284136355e-07,7.0358030446947018e-07,7.8171332828484366e-07,1.205819011906933e-06,4.6281123946840953e-07,0,2.1272502641620836e-07,6.8741350166694308e-07,5.873787376498417e-07,6.2688314627433824e-07
F137,0.016358277456362758,0.023646653347261192,0.058271983199493033,0.064783351912390708,2.6279546377258924e-07,1.2690451717284196e-05,0.018654853169472005,4.4937202663239993e-07,4.0950062640131839e-07,0.11808329961477013,4.3207473555936267e-07,0.045877258830814747,4.4307906635728926e-07,4.5606054421733244e-07,3.996444535736618e-07,4.1665001645785055e-07,0.11499229715011869,9.756717875795036e-07,3.6714765077025026e-07,3.9318195393806026e-07,3.9534947646901163e-07,0.00097615379724023195,0.03779211931410955,0.034911710682330357,0.02905265239155902,0.00077858372149368132,8.8153728103310901e-07,4.2280859760547684e-07,4.0274813297807501e-07,0.030271919314326698,0.13042748703461424,0.024570702039673056,0.020778414252901584,3.2714182214609989e-07,3.4298038043908628e-07,5.6895077460127314e-07,3.6844504999479375e-07,0.0025710111889308889,3.9663194873217634e-07,3.6756965729664372e-07,0.0069727733451698257,3.6289515294604712e-07,0.037507365473006496,0.034383390031969843,4.3463916340494704e-07,5.5399433398362833e-07,4.1961170455399091e-07,3.6034645954041119e-07,3.2585301611587792e-07,3.7785537077849486e-07,0.13028874240742178,0.010780269593508156,2.7116947462467447e-07,4.7299038333861419e-07,0.042149591023926632,4.0039991920718137e-06,0.14612551167665336,0.0987614095668852,3.571047834026428e-07,3.6673172932702272e-07,0.10086887554524278,4.464045529279846e-07,3.9893691152429303e-07,0.044978861096766111,3.4766108535715345e-07,0.37596583555850599,6.0184361470974979e-07,4.996709934379447e-07,0.043601220737667298,3.7525835719299144e-07,4.5858522421451598e-07,3.7281043359065216e-07,3.7696587361174528e-07,1,0.26613394653282135,0.13203985986336078,0.00019238310397133175,5.1829407946406986e-07,0.068481223260193097,6.0069059840932621e-05,3.5607358121298829e-07,2.7836596527392871e-07,0.0045714260881417335,5.0539506198752907e-07,4.5445413744751193e-07,1.6808894177612187e-06,2.5540027353564353e-07,2.9331171793681114e-07,0.052958671297411247,0.95191777487000584,3.8311707683411716e-07,4.3712360986134595e-07,0.13631954829281454,2.6530262617055148e-07,0.3297233198953386,0.0085107957926610807,4.527987227612499e-07,0.83360894098668159,4.1437397403556897e-07,3.4376914905035997e-07,9.7946630643255506e-06,0.04006497342904522,2.9926202292165938e-07,3.462151841086435e-07,3.4237170773071188e-07,3.9098999029659859e-07,3.9919464982660558e-07,5.5540249519703464e-07,2.9036848024850238e-07,0,1.2941050363136908e-07,3.7321535815183997e-07,4.2893592528624919e-07,3.1913741518676063e-07
F103,0.0024569930354147295,0.0069126443450157763,0.0051570320388815974,0.0063544120399481891,0.011326643792177257,0.0033682655747566841,0.0051234445658010991,0.015757134074242361,2.9409111053747037e-06,0.021303222406475468,0.0058506160681589918,1.6664494198961016e-06,1.4405057004599088e-06,0.036450856424942869,0.075880938536711739,7.4854646453606344e-07,0.061401680201551137,1.3400620784215058e-06,2.7264865182203493e-06,1.2943496222264365e-06,1.330026018779482e-06,0.021814327777150616,0.00054376752595966386,0.03304743734127235,0.13042531452440836,0.0025451948809364316,1.2606033544927813e-06,0.073999169928378003,0.011036862095527674,0.0092332614278769886,0.0031301590397662749,0.0059384634325248941,0.27441966082905567,0.003483519635109858,0.0012649296051722679,1.7049406171533258e-05,1.2136070183654559e-06,1.4559109165540461e-06,9.4476806882703846e-07,0.0061599000906471316,1.3711631364122194e-05,1.4053937245071745e-05,0.025525624675200489,0.11167366730015744,0.0080722814341949879,0.015017498627938684,0.0097381152926709104,0.011340328180217626,0.00019691984871167368,1.3573324967422576e-06,0.0016357130663862945,0.22375217363461897,0.016627680939572159,0.0053928414219122783,1.3294759253227638e-06,0.0059423936749165166,0.042894683987418872,0.023425514943302195,0.0037824231456276207,0.0044765424672032136,0.0088270178405011057,1.2744762361203424e-06,1.9576920939579107e-06,3.0241131697975863e-06,1.9617624757621204e-06,0.023660788688373499,0.016927225478728644,0.44165266552426136,0.038171888269549953,2.3676351590897717e-06,1.2406444784604346e-06,0,1.0828323127774978e-06,1,0.010369589894880344,0.0056607500287351332,0.0060023757960370079,1.5407002100795045e-06,3.8061861499041396e-05,0.0041495079439790852,9.3691033781051883e-07,1.3611629740855816e-06,0.0049936313662072825,1.1056379964901005e-06,0.0026562622100116686,0.0045975924155334672,8.6962812839412747e-07,1.8938619531954255e-06,0.0033607031016431419,3.4248256631169028e-05,1.2244861248643376e-06,1.2014637518253381e-06,0.021397161918721177,0.00012350370919642431,0.0047864980929878996,1.5087201295914136e-06,1.870970870151247e-06,0.0056530879336826947,0.0010160772805908377,1.1362855810507241e-06,0.041006300363061937,1.424274570597072e-06,1.9824979013603596e-06,0.023374767131006575,1.8268224577556384e-06,1.5402832917255699e-06,9.989732166499158e-07,9.7586539854434138e-07,8.3157128194493102e-07,1.8487797689350865e-06,2.8833824549511395e-06,0.042269989952498387,1.7700131063309469e-06,9.937304682961584e-07
F88,0.0049271769341736457,0.0019755714981566186,0.0086081951942102823,2.7375009976827384e-08,1.6506145988648626e-08,1.9415785056051112e-08,0.047630358049077302,2.1768258834078799e-08,2.0439445153461666e-08,0.41943460112712333,0.017120003451641982,0.10798873319648429,2.8995750232784576e-08,0.020045252568834375,0.018924210696987367,2.2589287412045666e-08,0.15897487774871791,2.0324979332958552e-08,0.009222127086199558,1.7143834515421803e-08,2.1985802521534596e-08,0.15391757815461463,0.095431635334210868,0.005315526567353744,0.04585243540876318,6.8870848054517652e-05,2.3719279749266484e-08,1.951860672390593e-08,0.17218513929287352,0.16164242627193928,0.14207736393560724,0.00043063531916229291,0.0012181578043666309,1.5696761336506617e-08,0.095551046087520006,3.3117296233664136e-08,0.0079678986764837728,1.6279301474173282e-08,2.2893049052828185e-08,2.0434372060634178e-08,0.013052013920678299,2.1171544470430498e-08,0.090560105262817547,0.02057371674407981,0.095347289930457407,0.14826108716182204,0.14006469906143149,0.0065233473194080275,0.00026599900802829786,2.3497436069268451e-08,0.01652477799268507,0.12657964029861077,0.016192406364110564,0.017322997713105567,0.020451738074459193,2.5640126768791191e-08,0.068973984841605829,0.029853301686009168,0.069221587260510156,1.7686087346398867e-08,0.024236270357808093,2.8759579567385932e-08,1.5108159267989816e-08,0.11347782956238341,2.3257853968093849e-08,0.058418795247307864,0.0027352350782195618,0.045996440846216721,3.6451565949678324e-08,1.3813470727151473e-08,1.8480774537695111e-08,1.3053523674057898e-08,2.3224907385347473e-08,1,0.18567862431345533,0.086332524494079549,0.061217068532519861,2.166534183248984e-08,0.015078628943463972,2.6764730038418313e-08,1.7076018902259888e-08,0.012726458328518613,0.00072919777836666811,0.10763227481228149,0.027536580256744738,0.021754714624231081,1.6970400529028083e-08,1.7818309803403786e-08,2.7823533249762711e-08,0.011916097822958561,2.2620840396721354e-08,2.9663179052323405e-08,0.001774985187346814,2.1494117541297574e-08,0.16579543379400349,2.0174843885174983e-08,0.11433670701455746,2.3706359112392278e-08,2.6963030570343392e-08,2.3335995168030452e-08,1.6653035386312515e-08,1.8405929271264015e-08,1.7815760772160087e-08,2.3386759880303633e-08,2.2116786340410455e-08,0.066907364535497144,2.3553328862715959e-08,2.3602886782277758e-08,1.760993242251826e-08,0,1.3486955703924174e-09,2.4187577330693007e-08,1.9874987921646842e-08,1.8024147049922025e-08
F92,0.0058992993596832148,0.012098607490091019,0.014999918481151696,0.0094606195164546603,0.0094187793117326678,0.0020326815331767932,0.0028096014100926748,3.3134851648150207e-06,2.8081439810307465e-06,0.010705949542609635,0.0037624355286994698,0.0055019899870406832,0.14073117865276244,0.026727956531208189,0.025399141157143409,2.023513730427383e-06,0.023638020432572706,0.058730058458485411,0.17631789873845713,2.7654252336019996e-06,0.013667891484474148,0.0069817604717416605,0.0020338174342259389,0.0084698387343056947,0.011458469490609942,0.010893740303669651,4.1916649247862137e-06,3.720206201250994e-06,0.006471890952100893,0.014473938236485542,0.047693942652348997,0.010010769461527869,0.0082230679839654704,0.072597947610160571,0.010916426476171019,0.039997977382191512,9.2656768126746374e-05,0.0031560720230319967,2.0657839959580623e-06,4.4149884780799625e-06,0.0089654399557827103,0.017985863876224049,0.025181029789564061,0.0099489533009945209,0.01095584819800755,0.020852488822801152,0.011333332941637556,0.0061160680689185737,0.019031263232293351,0.037468114919610496,0.015180325055547048,0.04006093338215775,0.0074068771438243952,3.5289712577267427e-06,3.270745707635294e-06,0.05612845380988879,0.48017810310169512,0.036277691550737859,1.3873919599972296e-05,4.2305095545845723e-06,0.014302163948320061,4.4877453659765116e-06,0.057395836272784155,0.02983918111131283,3.8350937416271669e-06,0.016260306937350498,0.0024523739569285892,0.0055775619758362902,0.018659087176239608,4.9632684579153807e-06,0.0065582982494076132,1.4498367291472607e-06,0.021617693102346812,1,0.53724653028653513,0.0078321412048143225,0.0099077254454337255,0.016927793168422679,0.0015125619531011325,0.033528492467304917,0.47434326752575751,3.0318006296862097e-06,0.0097356807132912369,0.00010458261205656977,0.013848003725754654,0.0091042746858214264,6.393362289988808e-06,2.3625091708200883e-06,0.0032702978080394493,0.025519579010510031,2.8115362086114715e-06,2.9985917308208285e-06,0.026043568353363085,0.028017915702349912,0.0066772901411441482,5.3168782318686571e-06,0.012738992617630656,0.020798781807397977,2.7794190210145722e-06,2.9306794303695743e-06,0.0020910128965070346,6.9462337474075127e-05,0,4.140690652728082e-06,3.1149715469806534e-06,3.7288586235353955e-06,0.03039245201536361,0.035315251311191516,2.470109518895124e-06,5.0026268243333448e-06,4.4013464986738363e-06,1.2124678620040502e-05,8.1784226798547487e-06,3.2890957087769309e-06
F2,0.030972451025209007,0.04447139886990565,0.0970008384649345,0.045527593337732868,0.07584593618303799,0.046563141383653639,0.034234219319413631,0.047952117918215596,0.054180038750006182,0.089838286010109347,0.045583866873280608,0.018226569136079587,0.0062582595656518348,0.015494957086552104,0.046005321196542603,0.029005190227953313,0.029016471316691887,0.010976254137543899,0.012188683528761851,0,0.027029346815917503,0.91196405234248623,0.023427104281862458,0.050639667182416484,0.032661630230224947,0.036065065975832186,0.036331588146752539,0.012412759941631853,0.023345743371503132,0.033427586656086826,0.0933532594317808,0.010849687586303308,0.0090372834759945772,0.0047040516550429625,0.0087527855300364998,0.020981664582349482,0.039976571567474958,0.047847769140430152,0.0081158949205043379,0.031128391152974711,0.024512791608161156,0.0061221091876818689,0.96790628579364624,0.043671686147707958,0.041665050407792642,0.035852311690560135,0.064645877468348198,0.039718896533047644,0.03521712706640228,0.18767572825742734,0.027803516204236656,0.89458276898830746,0.025271253893126983,0.01604063331890105,0.018086546718681085,0.034019776972622387,0.022298423481241222,0.035869494880181346,0.033578872823052754,0.01364300180221501,0.018623737502933529,0.023761219959178469,0.019697893546154786,0.51982331181765673,0.11464002613137429,0.10712583183016515,0.036286176633563788,0.026222321059323438,0.02176084562634354,0.010198170942056923,0.066488830784183203,0.31075817735873934,0.036154278444430067,0.97841619943449976,0.1349551804163088,0.023589027120464887,0.11558531639260732,0.015891643920637074,0.017351054368055879,0.022173760061942722,0.92669227453029146,0.034333817864045713,0.021363199690450543,0.10703125287668447,0.012938842663859565,0.036201347932438066,0.031041418776073117,0.022407084825961699,0.010806757238788786,0.016049397941494434,0.017885101731334514,0.0096554762748347171,1,0.091114241528379478,0.049237535621806078,0.037675998366944158,0.033371590900839604,0.034277412330607028,0.025557007387240583,0.050232317307206731,0.9635900046372492,0.084041376700067699,0.0678528861591913,0.055166198962306297,0.38567939127923606,0.045190371776596551,0.0074778313665792347,0.044386891942407504,0.044450486966638836,0.052473058505295322,0.052069381524389495,0.84955742087515906,0.076210956240374758,0.26587080349494624
F163,0.13910037925287644,0.17069511428306611,0.19985982786019474,0.14716661832817754,0.14549325111192532,0.49684347516982458,0.24731041611471802,0.36807346737962165,0.15141993710003179,0.3481666685535667,0.27151845020053478,0.43798944943341134,0.33672517094484089,0.25077838801314895,0.18345499183893163,0.17793611000730861,0.21364272393637593,0.22030508530740142,0.12082458746234549,0,0.34028331041969845,0.61565982383853834,0.27314786920641593,0.20160103290088349,0.13366066049181413,0.049755022424717549,0.10168958722719859,0.066237188861248991,0.14991188221873292,0.16248783145287846,0.13904626962863328,0.16745231738631977,0.11742287425261974,0.086681931622511615,0.13566149373850242,0.39620434227566631,0.1411315254302471,0.23460632144872645,0.45298724029855925,0.18727692157266101,0.45251524175776053,0.22268433898748094,0.76489927382080658,0.29571435519783129,0.14991942245258488,0.31196443709105376,0.21575630094319606,0.34546809545800505,0.4268947053302049,0.19877208727357984,0.35010889365155867,0.78159688547905826,0.29890539315670844,0.22151008629758534,0.16567966802809284,0.49211015935741326,0.26925523597720324,0.16054369504673202,0.10050018764521439,0.12097630565938369,0.18418329387536156,0.065428536776833482,0.28896103651096755,0.27947455309839281,0.40905772297606524,0.099237519187093226,0.13046973284862609,0.41226105869936092,0.27711701508897407,0.080375036404953498,0.24096723910242762,0.29757851906614236,0.48241809803979119,0.91109410751507192,0.28288276384565259,0.18960068336877053,0.1231149164877965,0.37827299827967037,0.21535156363223756,0.10900356414761345,0.78711833335397385,0.19208539538022198,0.060747505941626902,0.11419891100205368,0.32007055458156025,0.16253613119202959,0.18801832822622522,0.33329780194196557,0.043573082212397307,0.24550111492926097,0.23361071132974875,0.150073688548955,0.81811833978486015,0.43353303350101657,0.34197850721559048,0.56078437765824707,0.18355111061567714,0.29071288848546623,0.28916429370184937,0.20426574807142642,1,0.55512039977418881,0.80871110192069784,0.14726046441533325,0.17840478361244846,0.1866106645886651,0.42069479413320571,0.46415483945855335,0.428834361391081,0.26724937955877037,0.11070969880325143,0.52403645785375341,0.36972973358933431,0.87586958151132754
F141,0.035948025926673288,0.03917273222658281,0.07014242536175444,0.1432592764815534,5.0247685244157813e-07,3.4135895410939568e-08,0.041319896047288113,3.4752800476421492e-08,3.4247238420157312e-08,0.2590220657522862,0.0022002577103134081,0.096530349808645888,3.6398885485638327e-08,3.7695562900172434e-08,3.5655057694833659e-08,3.9842323424106823e-08,0.094898092197587505,7.9639054103534677e-08,3.0132376501022426e-08,3.2692925234349234e-08,6.8013560787438682e-08,1.310743709711929e-05,0.06417201862452751,0.020973181031076718,0.05654867434207643,0.00061715398819727277,3.4555262002658702e-08,3.4950511003844298e-08,3.7367620900725207e-08,0.064121050430541116,0.2842002004660733,0.053531171998964434,0.045114186031376055,2.9574549491538447e-08,3.6080403746731563e-08,3.7173332765144215e-08,3.5737684451743315e-08,5.683397677102525e-08,3.1581618310825902e-08,3.5626294512853189e-08,0.0032387634103016507,3.1394646924397632e-08,0.082345127301035839,0.061415489720229775,7.0170942876958768e-08,0.0013476314127135226,5.5241726811068859e-08,1.2075149943638037e-06,3.3634135915973351e-08,0.020435882970613869,0.28417746952337158,5.281557863603545e-07,4.2411194298644088e-08,6.0773696553150774e-07,0.089554665515359594,0.0070893675622234155,0.3054585288508756,0.21512859241041365,0.0046748740852758401,3.8176444204180415e-08,0.38730906939064796,3.5056154885796453e-08,3.2963377267339235e-08,0.014671626880359466,3.521048350696614e-08,0.090396386426474101,6.9279390793142097e-08,3.7895728484945159e-08,0.025420106195263061,0.062499394999992471,4.1867294759797535e-08,0,3.471367548925991e-08,0.010485457723214657,1,0.028499926833952027,0.00050027462736322505,8.3846296017585513e-08,0.28936128278617779,3.8486446366551431e-08,8.9382352026069853e-08,9.6244182630314614e-08,4.4422801088401672e-08,4.3266203222614837e-08,2.3626468860095673e-05,0.0018381215833462024,9.212320721786772e-08,3.5752778401059047e-08,0.10917636390929875,0.021604716783808427,3.4274626038734639e-08,3.4169420392911183e-08,0.97358852313845268,4.3919427882279541e-08,0.010915368157721454,0.00022171425098179803,5.0510871673752721e-08,0.42311475922053382,1.0760286349371158e-07,3.1479017014730163e-08,1.2557224569977889e-07,4.859716055725794e-08,3.6696313252792096e-08,3.5871285120569223e-08,2.981055057217336e-08,3.5107255402352684e-08,3.155350804189081e-08,2.9238528309845089e-08,3.5453885641670558e-08,4.2524323184367042e-08,1.8233048335420144e-07,3.0941125332192024e-08,2.4465238904412862e-08,3.6442476304020086e-08
F142,0.024334278671845282,0.025253016537458525,0.012708788183721809,0.095919383013798806,1.4953247482086622e-08,0.14086656911513909,0.027898425386629334,4.9023116403107313e-08,5.0937510028438139e-09,0.17576833029010056,6.2650492519314479e-09,0.069669169346974577,6.2161778915426735e-09,4.9921376878235591e-09,8.9952861055090798e-09,7.3611389710007031e-09,0.11873667964919989,7.2383345319847904e-09,1.2919367344327818e-08,7.6542562517937859e-09,7.2314562949313018e-08,2.8713643456814805e-08,0.041272633872393966,0.073202054253944521,0.19458342254361455,4.3234998859784273e-09,4.3850013691256297e-09,4.1242908033701732e-09,6.6269845977970696e-09,0.043607620314640334,0.19317448556140049,0.036385040932529172,0.030669812134481712,9.056718160160721e-09,8.0673550496126034e-09,0,8.4207209990223901e-09,1.3205000076121679e-08,4.324223874017959e-09,7.6368784771439046e-09,1.5010743404465275e-08,7.4965560756438654e-09,0.17161044770682912,0.041788635954270369,5.3655683155645278e-09,0.0013204757126192978,5.1447124926911921e-07,9.1253391711085644e-09,1.0411112674242321e-08,6.494170628688445e-09,0.19315059840636303,6.5899178172382612e-09,1.4640860666492704e-08,1.1598586596842452e-08,0.06154081157505982,3.5284403871667746e-09,0.21219484142703179,0.44895078049649567,1.2690590650837268e-08,8.7890139361124883e-09,0.12644878262387163,3.0724890886101474e-09,6.8410736353864633e-09,4.3092646623684582e-07,7.8421817899755603e-09,0.056692637183583611,0.14684270832654417,3.6519458645828306e-09,0.0064908082983763287,7.2497664140241437e-09,1.2696812996956072e-08,8.6639657061111521e-09,3.60558044014823e-08,0.34548676522450444,1,0.20938399652014969,9.674917926832668e-09,1.5105975993167305e-08,0.071254975178885654,4.7704868963231635e-09,9.3851802627898382e-09,1.1147922528235426e-08,0.39460648173853746,1.0894293987542105e-08,7.887607438939724e-09,1.787291952797008e-08,1.5671687359522353e-08,1.2762329045243722e-08,0.074198757209982633,0.013828040890451228,5.6847533852140408e-09,3.2292605037125461e-09,0.13071056430239122,1.2200708841616475e-08,0.20263694668336815,8.7392569768645132e-09,6.2754042745878566e-09,0.34540763845106548,4.8725523973480338e-09,7.1224728583450259e-09,2.9171739033899077e-08,1.4163295292467835e-08,7.6213712462459013e-09,7.1522309744822781e-09,7.312509542843057e-09,6.0971736437086263e-09,6.5245888367602441e-09,3.5493033122804255e-09,1.0964593880566937e-08,3.288667525996009e-08,2.3149887178010875e-08,5.9310389460395092e-09,1.1719459766670193e-08,1.0286790607323972e-08
F138,0.02209190513051448,0.084079028813802664,0.026163692033054301,0.076478625275325229,1.1773744298662922e-07,0.0040136334675549903,0.023889031914164981,0.0067032424248540815,1.8773889214859106e-07,0.15461312276686703,0.011624443907157238,0.23664117155398304,1.7729938217275654e-07,0.010386167666756015,1.6579561556973971e-07,1.7568045987508799e-07,0.047530931987036319,1.6397355316409662e-07,1.7848888283680714e-07,2.0088322371222239e-07,0.0019377184142776347,0.01250221129076139,0.033237410897906848,0.020938768554055288,0.056365822691929392,0.00043884420431500098,1.8960688828701405e-07,1.9313934244102538e-07,0.00082977898269656224,0.056262412523922653,0.14764660626830647,0.034421671769157239,0.023459966278489817,0.0018291316681182822,0.0016933088210654842,2.2110654960593598e-07,1.4910898339457437e-07,0.0025518098642802875,1.9028670092414634e-07,0.0074129117507208625,1.5050080717636395e-07,1.7848512342956881e-07,0.064684306325306973,0.13063787262322898,0.0059514464269189403,0.024069438807209357,0.011897743724852479,0.016627213484812754,1.4716642763780291e-07,1.6873617916780392e-07,0.17067711256449419,1.8257406332645978e-07,0.0067578772753996274,0.00085638730918254807,0.050369633697683658,0.025997689633662686,0.44928886886060254,0.13840828142701422,0.012549767121529805,0.0023851059552397608,0.091044383547790236,2.0936205649606621e-07,0.031985025867296492,0.34037078398165921,1.5746197693178177e-07,0.18562532174095941,0.010750991314765482,0.0039621209727026064,2.4559289053303483e-07,1.3102462019927508e-07,0.011010255838115201,1.8911010569272137e-07,0.02362537747705127,0.19537502029485815,1,0.18152101739926815,0.015665196732391487,0.088414662729067214,0.14941081691381125,1.8079532968219025e-07,1.6051858598587667e-07,1.3443027048517443e-07,0.039017109694570021,0.0064481011659053619,0.017905448365011092,0.012063799877664847,7.8138656804375394e-08,1.2363221342643631e-07,0.056798103320643063,0.18723806008884714,0.15613130465326305,2.1769820890778229e-07,0.053272046218954643,1.2978614302635515e-07,0.11586316337736328,1.5256321060096043e-07,1.6955348408792434e-07,0.23091265282955228,0.050447715525206667,2.1721241067158453e-07,0.064495408009601893,0.021869975653427898,1.6415826744520943e-07,1.5490267548681533e-07,1.9206897700576953e-07,1.7160088011382089e-07,1.9023321493773465e-07,2.0042054959866891e-07,1.121240888659602e-07,0,5.3537541687996405e-08,1.7422894417144376e-07,1.2533500669871787e-07,1.4717666688825386e-07
F52,0.0043811746324741658,0.062292532109046533,0.031197652681763676,0.01708124504804473,1.0047859289857618e-07,0.063232377122749511,0.011129396591364154,0.0029027960636410425,1.4453296267983276e-07,0.07033671684138243,0.0050762228088883808,0.10133663723514708,1.5129793841761935e-07,0.0043838624750370345,1.5195225408622891e-07,1.3990707847205395e-07,0.095751335878488081,1.3285502409067852e-07,1.3461448795283979e-07,1.36628137352173e-07,1.4140649221863969e-07,0.012695176741406402,0.010996505467736159,0.041135506302239458,0.12713515340663153,0.00020066884080428523,1.5681162999391009e-07,1.4963908265705496e-07,0.00038702355686685857,0.070540271692308143,0.022876979896377457,0.0071982490401836293,0.0036219352469110322,0.00081517379583313137,0.005554989713539139,1.7944379768710686e-07,1.2765970179398901e-07,0.0011270371888398255,1.5700504630285224e-07,0.024476867038993603,0.00052666104358627249,1.3349907887128669e-07,0.088278861738991798,0.062863866118320469,0.0026065474786369806,0.010600767300660043,0.032839768594312049,0.0072916611186598273,1.0855319906457937e-07,1.7541759397452691e-07,0.049755267057552476,0.0089962875927383883,0.0029515797078658911,0.00075282228373325672,0.0085131661083674842,0.084991446996069198,0.25629149534200352,0.19829612681757414,0.03858816958235084,0.0010173155364718773,0.11263813855044338,1.8152235576077118e-07,0.10450402470494022,0.57108688603382585,1.3806614432775419e-07,0.15325667048984343,0.068395855202083966,0.0017621949661471962,0.0059649196024341008,1.200297462441528e-07,0.036062293797686093,1.3653884293925817e-07,0.010262488015093359,0.23809426973941075,1,0.17633055687713475,0.0068072327220132425,0.19370201243368443,0.16397409320495862,1.5990106203200682e-07,1.1031699054730425e-07,1.0697726926019772e-07,0.27999755737063931,0.0031031293180148931,0.0077145216753554142,0.02058220017859912,8.3838113129544821e-08,1.1267563428655231e-07,0.0088247249681650246,0.089695836043056476,0.50783607641535444,1.7586214193394345e-07,0.21316657810893169,1.258241549391016e-07,0.25690496853883155,1.5390606461127474e-07,1.4335255088632298e-07,0.56220895320662201,0.16390164670638899,1.4548202381225071e-07,0.10701119606055964,0.0093642257853237178,1.4378047993954064e-07,1.3354826413347215e-07,1.3141044924050595e-07,3.3030354323808728e-07,1.5647014090356414e-07,1.6526046082378262e-07,1.1053536911133971e-07,0,3.124743593124561e-08,1.3870769628515079e-07,1.0569248443205126e-07,1.192660920319176e-07
F143,0.015745565159377476,0.10179911045466672,0.021560863790987816,0.058711682712363385,1.9959779741072395e-08,0.005718054134270803,0.03142465413625261,0.0020450651234275251,9.9862375167599635e-09,0.19811737536090171,0.0038084585104278673,0.077575302300453203,1.4156559642108944e-08,0.0034098111518153433,2.2830375697323997e-08,1.0669325590000282e-08,0.085884849474440486,1.6151658707953021e-08,1.0995272208956766e-08,9.886297887637032e-09,1.4096366836239648e-08,0.01932645230295664,0.035810693436389096,0.032367098474116757,0.12572579460738859,0.00014767582074038375,1.1388605798385082e-08,9.0828812745873452e-09,0.00027570502584425117,0.15307067893113188,0.11607750771611948,0.024039771247252515,0.018442230854405418,0.00053531801848830194,0.010945247575925089,1.3480397166167634e-08,1.7117314021758425e-08,0.000831983229420709,1.3464233456469285e-08,0.048254077234037338,1.7133274901985169e-08,1.8483287769974406e-08,0.080464610312344906,0.077421792033099596,0.0019526634871223879,0.0079184149902704701,0.063544983315469164,0.0054565589487500085,1.3463033101511109e-08,3.6427969014563587e-08,0.16007211114576236,1.240069225197136e-08,0.0022219172166519719,0.00028458444978711901,0.038102566682324243,0.16746972929474846,0.36069809818254356,0.18689050071194852,0.075786391755425064,0.0007121290901206562,0.15520026992364053,1.1897053032061869e-08,0.20587158345139403,0.95035912565560798,1.6621200112872058e-08,0.23280074729119057,0.0080502282019232971,0.0013699832374843128,1.1078146119000643e-08,2.5165236197073951e-08,0.071054554094086175,0,0.0077958245557336082,0.059807459114322975,0.56226152518419736,0.11412773152056355,0.0050440186374103206,0.36320817713091791,0.16371317636311214,1.3195120899690476e-08,1.1388921905586356e-08,1.8896356209314325e-08,0.22029987724103672,0.0022866270792581893,0.0059157199134140283,0.03699245442335395,2.2544812781504342e-08,1.381554593433593e-08,0.044612143435268307,0.044174460378111756,1,1.1167004819709806e-08,0.022387612725222342,1.8835766013961749e-08,0.28158875720232468,1.0490037781954792e-07,1.8596685180394622e-08,0.61888778448298964,0.32274916662240782,1.8088216171772199e-08,0.1881204538286472,0.0064228434844782658,3.390619487192346e-09,2.0636861377787464e-08,2.0235814167796026e-08,1.6749143527405348e-08,1.4319064847901467e-08,1.0637001319833133e-08,1.9554353434233933e-08,2.8326767169879774e-08,1.289942575774718e-08,1.7385395592923765e-08,2.2183944495644228e-08,1.5121255007224591e-08
F140,0.011979252094298678,0.06081437439563997,0.036478918995825393,0.040427004256087022,0.0013700242268173274,0.0090982135150265327,0.021199234324226164,3.8621899270705605e-05,1.7676450287343097e-06,0.13242138345189022,0.00078293895970006763,0.61332505171280416,1.9478842690731765e-06,0.0063305499548804893,1.7699638354246195e-06,1.9090414355194369e-06,0.063412728713100441,1.5462421671952556e-06,0.0046455577153381982,0.0085882367864275333,0.042073822318739018,0.016000370474962198,0.023835935437958172,0.024052741347425591,0.090911795914890486,1.4098333499374475e-05,1.8517937688657518e-06,1.8985286775015672e-06,0.0013427710384483944,0.10028740194379486,0.090575984151163899,0.016878883249372371,0.012734300188446613,1.9639658401715573e-05,0.0069442387399176447,2.2595316286179089e-06,1.4802691619094005e-06,2.526590831653648e-05,1.7842138356373935e-06,0.030483854794681856,0.00021539081620748618,0.0047021762960675782,0.056479932263902834,0.16892844262914922,0.001389387397532231,0.014283668154581411,0.044916410150646568,4.807975401469698e-06,1.484980893809513e-06,1.6864280694143346e-06,0.10387352912000421,1.6155870867129939e-05,1.1887053029582718e-06,9.7705267268900652e-06,0.029129531793946114,0.10586616124990347,1,0.14166380618648969,0.046656293427387328,0.0033794649652155203,0.1056985084908301,4.001967780360219e-05,0.13029765570415655,0.66234549805686338,1.5757483502912445e-06,0.14334007902014792,0.015608198300221827,2.0524117216114401e-06,2.4597555564859943e-06,2.2239073050516819e-06,0.047198408715111329,1.4259915876718344e-06,1.6683253972222533e-06,0.036852979023725974,0.33806789280499827,0.068271611127524404,2.0095565927622008e-06,0.22275215959568051,0.39934884963503914,1.8150675994577829e-06,1.4585814815732784e-06,1.2255764789267379e-06,0.1635852157917658,0.010213156036057795,9.3483577006878529e-05,0.026082083494822588,1.1672502348049214e-06,1.1632174371423788e-06,0.03039472822550018,0.0058094214845703018,0.63315592888948913,1.9929982946631097e-06,0.020691174616222899,1.1942858280971778e-06,0.18122636082072666,1.6176027931717212e-06,0.0053768752829583951,0.40104070876869924,0.20438851827111321,1.5296647530527404e-06,0.12424126077355466,1.46640707903169e-06,1.6381717561366788e-06,3.595823469040175e-06,1.4533638278418297e-06,1.9787861856658142e-06,5.6833355403474075e-05,2.0889532516802718e-06,1.1179694856754398e-06,0,5.9932408567023435e-07,1.6498680415656588e-06,1.3255232261495009e-06,1.4853910063346106e-06
F85,0.0029150171787346818,0.0031947733321007789,0.0021495389085546303,0.00055037084392893,0.0042249131290439798,0.0051642419529375821,0.018001094487219396,0.064706025782962265,0.01289719829097997,0.82819430132891247,0.07625144379750172,0.022336665508856091,7.3546699969169815e-05,0.0075752725544015014,0.046422208790026696,0.070270784595863292,0.018256179976119422,0.0057089810480167686,0.0029833806212823844,2.7939407885919429e-08,0.00041981807351713051,0.03405287736232443,0.015867396559078564,0.0024152206016900464,0.006975824625191555,0.0020948409990320591,1.1728013598132152e-08,2.1392782939022759e-08,0.01923602137166891,0.024373789663341694,0.18136041758100124,0.0010032168569245267,0.0035948092941480263,2.5857509070067837e-08,0.0084054415721878037,0.0006073525384742961,0.071707382385792537,0.0090133274397475004,0.00061912688013234939,0.0027552432209330948,0.0020372455167027271,5.9200257449052876e-05,0.033788404201100873,0.015765663223121208,0.011033834746110544,0.024672606646471668,0.0321277840852187,0.0072585139163182759,0.020179444031023997,0.033816284748354165,0.012968815847997596,0.093069902366837681,0.05498814927361767,0.0043611776584303952,0.0006785035481240004,0.0015641641148765916,1,0.014696681505661748,0.0096861533642241086,0.00095897390671574264,0.0045710510715252662,0.0023395334351827219,8.6358417674482364e-05,0.028823028069519464,1.7319459386671326e-08,0.011647833977421161,0.0059409605157744625,0.02126930074661797,0.0093982405185303996,5.9257110703253513e-08,0.0057393451025329039,3.373614868524076e-08,9.2021120024766164e-09,0.12015199475205922,0.69158758634857942,0.0095351372812696161,0.010284199936481272,0.0017118363625658242,0.0028462878856090703,0.00010546255519351983,2.3663753487071232e-08,0.001244554250562732,0.0017950478115501087,0.31629508867764627,0.002805133533908784,0.02886158880934581,0.0010367248460879388,3.2872864921051612e-08,0.00060002445459317452,0.0063619988146911008,1.2430726577229099e-08,0.0054733870589041443,0.005117047104034972,0.0020779978077246934,0.041097390589187328,0.0035928840877487312,0.029903096446183788,0.0045070747681592045,0.0093773143505399888,0.0012816030073334781,0.037766796499625478,0.0014754540340823042,7.3471977267018945e-09,0,0.00027514831963935341,0.018122831803904157,0.00079156121701239707,0.057572309010980559,0.0013465430663158677,2.7746761534177004e-08,4.729347178247608e-08,0.00046079519570873671,0.11812989317834657,0.062073127374382323
F149,0.0036149463176274035,0.0025525891295340342,0.0013922032687287208,0.0079729599862340423,0.0052175764172411373,0.001091979347546094,0.0020028080392342487,0.018297560404897016,0.00017861402775830722,5.6419160297722839e-05,7.9818736837269748e-05,1.055173562777227e-09,2.4081297375675854e-09,0.0020176245844914808,0.0054182753835346452,6.9931071221392978e-10,0.0032512043976593713,0.0088460866826806771,0.016506249068855366,4.8491313163820672e-11,0.014631363387716898,0.011781618155624051,0.0012085065600330059,0.0028916260292596203,0.004950308225830243,0.001241765017620979,2.4755895880289113e-10,3.3325829407709463e-10,0.0063407402793156341,0.0057822993545876547,0.0056016138549750639,0.0029594617446094627,0.0022393622598904225,0.0075939970322879136,0.0011643947537295276,1.702211012579856e-10,1.8538514818131937e-08,0.00099967883163629796,3.8628494876771964e-10,0.0075779125985585222,0.0019674873598164739,0.0013371280512849541,0.0089274962057407318,0.0024907783506886447,0.0032938751839824859,0.0036587758987579955,0.0042823874796810235,0.0059766319580023819,0.0024765076407144756,0.02221114855448162,0.0025892241506684497,0.001581520603515214,0.00043936884109382484,0.0019970587742701297,0.0054411427258946841,0.017837599157995307,1,0.00325992090220565,0.040583607188811738,0.0015774698307954734,0.0026145280772273739,0.0070858129656636267,0.0057152277756527727,0.015789273011320701,1.8096833755282886e-10,0.010806122008184423,0.010449085469353345,0.0091307190739235867,2.5052500568674384e-10,3.3865601158365104e-10,0.0024734776654228305,1.9131939931078725e-10,0.013146640436550757,0.025316240505863799,0.78256864852818797,0.0043226334955779851,2.814977492630251e-05,0.0095976420075231141,2.3226100608466993e-10,0.007940363196913193,1.6771502014490011e-10,0.0037134956992639153,0.0075675672384295416,0.00096928242301133356,0.018990074878463974,0.024359266928578965,1.7195354408986254e-10,0,1.8735711663645905e-10,0.0070521632178575299,1.846821183156781e-10,1.8688617369741918e-10,0.060081362507266367,0.005438674648479103,0.009288430241843287,0.0027653753062575454,0.00017368057512120078,0.009036432499998753,0.025001399740865515,3.7308867834273668e-10,0.028468528353961815,0.018592134814320836,1.7696482094213625e-11,5.9736806170334043e-09,0.0055029653951149471,0.0045382324024765648,0.0090465757684801973,4.5856733458132338e-10,1.3642264346906971e-10,1.8237223366368402e-10,3.2022491560378129e-10,2.372622193983665e-10,0.007041975267285552,0.08798779052822199
F53,0.00058537438903417016,0.00087169809227708361,0.00063735007176533517,0.00032383063269369138,0.00043054667185570629,0.0008044344132493755,0.0021167909711658564,0.010858722794003033,0.00095572373544931875,0.058152963907809253,0.0051302780879300888,0.0051965507442339092,0.00018069474135024737,0.00039137446876314695,0.0031913723876954431,0.00038706103155035029,0.0024248328650290463,0.00056550439811869501,0.00029695090613989303,3.4946271362047308e-09,0.00022471495525935623,0.0056160877628893546,0.0010852585868191711,0.00046700710546621516,0.00077597805817827944,0.00033427837532887299,4.3465440134263831e-09,2.9350918911070965e-09,0.0034400444579516182,0.0040071423439689176,0.019966872478115016,0.00058570311394070694,0.00067202248697233462,0.00010115530931310706,0.00077801499123488556,7.5073209725209548e-05,0.0073061565795650265,0.0022942492105022219,0.0024746798527076081,0.0015162211717715812,0.0016065327282971883,0.00019038370311075066,0.0069671630708163486,0.0028473691113553913,0.0010682635832935132,0.0039617703148165642,0.0028742104080019984,0.0017653428868595062,0.0033124580788475794,0.0030642256607840085,0.0027028142772496967,0.013728329371325294,0.0072696453749648456,0.00088516955499277395,9.6888595256776878e-05,0.00053531351403714059,1,0.0031949719688255723,0.0037472334362389863,0.00018908783888238462,0.0012511760123592791,0.0011106633278370208,7.5749844675252956e-05,0.011932596474923703,8.1994815866187182e-09,0.0037255235566019422,0.0015290578432271245,0.0052754340356761208,0.00021153649463256734,0,0.0019538594451698802,7.6773091006085052e-10,0.00039115032978670396,0.020648041748566767,0.65808126907096065,0.0019148962527686169,0.0035666838980906606,0.0022673438731200734,0.00080139340877117995,0.00060068519445739311,7.0159775600885256e-09,0.00013983403322313142,0.00048950977924573549,0.029602539206952942,0.0018553682626395243,0.0071118890941691505,9.0317698448251578e-09,4.6093664392023149e-05,1.1995301789938218e-05,0.0051533041874185321,4.3845864729963148e-09,0.00018422039125988885,0.010585267484181673,0.0039440193745273883,0.0064303158483778704,0.00074451321545316348,0.0026027974301674642,0.0012470664753110208,0.0026812249561117374,0.0019841111000674385,0.014999490989421115,0.0016261727927007954,5.8878643480065006e-09,0.00012701822589224977,0.00030913241959679947,0.0010068608018491028,0.00065677018696435588,0.0099906093353627698,8.5803022861298141e-09,1.0976397601715984e-08,5.2910179617035195e-09,6.1723520839933722e-09,0.020244666032769518,0.015434266069069913
F150,0.00016321626208041259,0.00031874211843566715,0.00011568254518724457,1.8775758770634368e-09,1.3427691676318337e-09,0.00010896629180533996,0.00024688027578614554,0.00014857468920952181,2.6882657136686035e-09,0.0011813224191898814,0.00021499381229211987,0.00073264556346597752,0.00014310418694152375,8.1927182036941439e-06,0.0028207648221451596,3.3880583382929151e-09,0.00036867230806630831,0.00030768866611836693,2.9086681486728593e-09,3.2563426200257129e-09,4.0986848243591576e-09,0.0017591728328591426,0.00010383811981744002,4.7774677046861677e-05,0.00019991699902776412,9.9343564035757191e-09,3.2249150013932932e-09,3.7457640900816042e-09,0.00025908655508995507,0.00075475808908294611,0.0039581755613888369,0.0004994524520535509,3.4406821839283518e-09,2.5822792783776097e-09,2.5026304872663757e-09,3.7432442344287395e-09,0.00023775875508624911,1.3686850077280319e-09,4.3228368775632091e-09,0.0010316392899824157,0.00055838215699220868,2.6025198604173544e-09,0.0013101391233020165,0.00041746708717460156,2.566704150604221e-09,0.0003820356377203704,0.00025552572725041906,0.00053848753728636875,9.0263319187658298e-06,0.0021895007095988576,0.00086389767708970589,0.0044883018721981038,0.0001805961128812376,0.00020224296095686288,3.900799981711669e-09,0.0002125632752958773,1,0.0021499548266353486,0.0028955031679626961,3.0449319056512482e-09,0.00032825428092187511,0.00099040481373760059,4.4761888399261505e-08,0.0080038219394320022,2.2031385443960311e-09,0.0013753049894974225,0.00099263389596102166,0.0036319852298826822,0.00011136925583406424,5.716452662591594e-09,2.1527781007002554e-09,5.9218258054949235e-09,2.7560047844414861e-09,0.010006624524093078,0.52685685056969278,0.00044429003751485376,0.00079246196259877841,0.0013563022366795061,5.1044393004573839e-05,4.1059730330639824e-05,1.7130309387923548e-09,3.4006514869096984e-09,0.00040123000294812095,0.0010848564989502792,0.0012145443045464132,0.0020917771411697525,3.097397324563226e-08,6.907188567996393e-10,4.0195437783438242e-09,0.0041080224102104466,9.049577656463386e-09,3.8221049332435622e-09,0.0034424995421782406,0.0016771762875678526,0.0023584105642756046,0.00026920057729824007,0.0019986336276928821,0.00019196638738575643,0.0025443557489865671,0.00078259946716561666,0.011347907601583215,0.0014741688574054571,1.9414684483630135e-09,2.0025217470579423e-09,2.1895053528837708e-09,1.6192685518643892e-08,0.00059551270862216613,9.4744202569777629e-05,3.1121658012493206e-09,0,2.5448499966485404e-09,3.1994566893485092e-09,0.0044945992485643845,0.0099316095794131538
F200,0.00043357499545005262,1.1163799446352931e-09,5.1676945145610214e-09,1.0039350780089351e-09,1.1173663191852031e-09,1.0171360874665342e-09,0.044873875072314315,1.1645466674804843e-09,1.0875520203388907e-09,2.4101858837498502e-09,0.072681126619134104,1.6822928966146975e-09,1.1019167582458763e-09,9.9421002979985243e-10,1.0217011218798119e-09,1.0607126609821258e-09,1.1041385102868667e-09,1.0688768449995945e-09,1.1053034516948686e-09,1.0151966759387949e-09,1.2649069932009426e-09,1.1478558332673161e-09,1.0263870589240204e-09,2.6624797105352755e-07,1.0820570694949378e-09,0.00086923209784351319,1.0383830267667095e-09,1.1029680175222543e-09,1.100549754203911e-09,0.02874639654311616,1.0312130750686907e-09,1.0887162954465916e-09,1.0674268058855705e-09,1.3346535607823219e-09,1.0973960849590914e-09,1.0096672473192839e-09,1.0049139368752063e-09,1.2131121525698802e-09,1.1232292617917018e-09,1.0697282806672568e-09,1.0411882607521281e-09,9.3873605326441161e-10,1.1709203370748823e-09,9.9571976835847988e-10,1.0563973964178611e-09,1.1032279389759074e-09,1.1077132345291348e-09,1.0766662844972676e-09,1.0332089043699295e-09,1.0685887406031138e-09,1.0815771429249336e-09,3.8520956915738518e-06,1.1539228379581344e-09,1.073766755974376e-09,1.0307873274405531e-09,1.0052962879150663e-09,1,0.12811705434421058,1.193708304736317e-09,1.090572671642985e-09,1.0642032369544249e-09,1.0463387170101216e-09,1.1650612212416086e-09,1.2724854870053227e-09,9.8144315536594239e-10,1.6077037052071819e-09,1.3726897282906391e-09,9.8208170788430438e-10,1.1354084237645938e-09,8.8419300920176119e-10,1.0352057735674641e-09,1.4476990615685148e-09,1.0350286753447375e-09,1.1011424064042372e-09,0.24961260192346552,1.1379391045278622e-09,1.4037722888514083e-09,1.0725978004616207e-09,1.1111851006973015e-09,1.0760368907614129e-09,9.0428989250997763e-10,1.0338899012697014e-09,1.1336521184117483e-09,1.087265175756424e-09,1.2162425667309688e-09,1.054360456295609e-09,1.0926650219039819e-09,1.3027415638565134e-09,1.0918373823729559e-09,1.1169147102258945e-09,1.1670286905551974e-09,1.0687553381336e-09,1.1838023613921755e-09,1.1132694736542122e-09,1.8830078329574351e-09,1.011573784778982e-09,1.1702873372231975e-09,1.36631340028958e-08,1.1320843574807309e-09,1.1486828469235748e-09,1.3739551668204698e-09,9.1587503446033584e-10,0,1.0632929910777715e-09,1.043755404855918e-09,1.04287830301755e-09,1.4673847991416465e-09,1.3657358407594459e-09,1.0079961889470144e-09,1.0565006391935266e-09,1.19536770393282e-09,1.0685735609337545e-09,9.8036764140454237e-10,9.6346850721198585e-10
F107,0.00032903544345223585,0.00062619747913246417,0.00036789408026798097,0.00011663524768040301,0.00016419189642097261,0.00061304082591796089,0.00074335413895894114,3.0454441607602025e-05,0.00048011936432064959,0.00028312662550677395,0.00043065123348799158,0.0010032956591145832,1.3326935525410995e-08,6.4570238537367891e-05,4.6344439224115533e-08,1.4894870865033246e-08,0.00073696267520358713,0.00082906350755332424,1.0592118541780386e-08,1.051011469032647e-08,1.7980749548303842e-08,0.0013656638899743709,0.00021939886995395432,0.00017479797397738345,0.0003493159052147461,0.00010469334901208801,1.1387340245170342e-08,9.2377805365407376e-09,0.00066910738741719137,0.0014215899814294093,0.012876899315262865,0.00085508665756088619,0.00027624350179684633,1.4767725144208068e-08,5.4890347470149121e-05,1.1269413563250049e-08,2.0025625672677051e-08,0.00010535076288429094,0.0015028379211576919,0.00099418573118642962,0.0012590989057095392,0.00010373471617159423,0.0023809626449706801,0.00087308397837608108,0.00019214182779506682,0.00029839346511525169,0.00038101719616144439,0.0014653293578193336,0.00011802462710448076,0.0037400762846056374,0.00043449050810944189,0.0047557931809178583,0.00083900137719537153,0.00011421553292507876,2.4859434442572673e-05,3.0266598723061768e-05,1,0.00094166972127736489,0.0051074976170603428,1.3822729059408504e-08,0.0002939640998558628,1.149984329219457e-08,1.0650915405138367e-08,0.0036061741836699371,2.1183592321731931e-08,0.0020173854143692438,0.00075674026244592284,0.0049223354324961681,2.0564693088894788e-08,7.9433835152142356e-09,0.00091962818489176544,0,1.6143130524449664e-08,0.0037951637073093789,0.26899191197520128,0.00053261569364889869,0.00053573498629629968,0.0010448310132224832,2.5982355060745805e-05,0.00030282053289448443,1.9100376718610335e-08,2.1679803894054143e-07,0.00022913951416041756,0.00081810680404343565,6.1801016211104033e-05,0.0038091046704701549,2.7242865508390506e-08,2.941489721688753e-08,1.7092483871017315e-05,0.0029365910110428165,1.2680164392956007e-08,1.1916345108735783e-08,0.0047493999647653991,0.0038628732063980451,0.0017271504650270475,0.00020909973188417514,0.0012551734202516766,0.00035370498515912126,0.0019237688785364762,1.8281559310168837e-08,0.0043077453717821788,1.7234667375284043e-08,1.0529389209007795e-08,1.7227917478389495e-08,1.6817300393642919e-08,1.5939259231695332e-08,1.0423192727128669e-08,0.0043829344611842026,1.7587730601145607e-08,3.3904568366083834e-08,1.9643067849314557e-08,1.6111764630493375e-08,0.0056988901807419412,1.6733528817403577e-08
F8,1.1117942380361548e-05,3.7221630470591249e-05,4.3789696939656076e-05,3.2259700921545296e-09,1.4784140812769578e-09,4.4013738449202475e-09,5.5314453386907363e-05,1.7904794313770066e-05,6.66761821984339e-09,0.00028562630089779505,7.0042825713729546e-05,0.00029234467724215379,7.516297376922645e-09,0.00011700453439662876,0.00063954710209632084,0.0008537387148677848,0.00015426307121209026,3.679818291412726e-06,9.6582592643528991e-09,7.1033798167407148e-09,5.8872207675885218e-05,0.00032347005061870006,4.4799430723631237e-05,1.5371198744553369e-05,1.7854848504235554e-05,5.6039620228540916e-09,5.4032528986936717e-09,6.5133913881686934e-09,2.6741939601133983e-05,0.00019058231602773028,6.5701087401677468e-09,7.0643389973754929e-05,5.9020531367953619e-09,4.4622005533600729e-09,3.6691006934818766e-09,0.0001162509159618283,7.6660467027964187e-09,2.0288920188164728e-09,3.5795106663401055e-09,0.00096626209291928388,0.00026243872714717535,2.1141111562733458e-09,0.0002725657345124732,0.00012858668268744551,1.820612750994826e-05,4.0051336018439737e-05,5.1606270329449832e-05,0.00010660082001363476,9.9503737461898628e-09,0.00024207826747400077,0.00030952810905683333,0.00067600169441377927,4.238846421513694e-05,5.7805306666332891e-05,6.0722412415008202e-06,8.8481412956489298e-05,1,0.0016498334499654309,0.00017702909109499501,6.379710162845378e-05,0.00067189591698949285,0.00043796897582462039,1.6501772625923872e-08,0.0034789764742872843,4.7536366919215555e-09,0.00042273684958671635,0.0005930497831496686,0.002953526219994475,0.0002608327974442652,2.2000067600930125e-08,1.5281081782904943e-05,7.8589493121170255e-10,3.8846885434545716e-09,0.0033132563543299743,0.22146276325511641,0.00037515919660108287,5.7040728358304946e-05,0.00055585331857290257,0.00021327953963158616,0.0002337084120724737,2.248726207675795e-05,0.00022661906874081117,0.00017583067249467402,0.00075655568989054845,0.0012227736451644107,0.00035404698952822331,3.127106091455594e-09,0.00012109019552085903,3.9399263444487566e-05,0.0057088987165386613,4.6116999518858921e-09,4.1594385263155032e-05,0.0012743281640392925,0.0017025726280365111,0.0010314619366210687,5.6784866448491348e-05,0.00082931637806526895,6.5753401349076944e-05,0.00044876595057377004,0.0031433682741497911,0.0037323970679877514,0.00031188990309278332,9.6319600024585308e-10,2.9376786881928692e-09,2.6714468946884336e-09,5.2209549445562646e-09,0.00016465993634087508,0.00021936588029270932,5.0424394766548001e-09,0,1.0185447144018825e-08,4.6797106462329235e-09,0.0012280739632798228,0.0019135109408187181
F93,0.00013931881743782019,0.00037642581302119643,6.1233392212361386e-05,1.3691898181142557e-08,1.0961493764491715e-08,5.4731594995635228e-05,0.00015758306709741141,3.1846583099015083e-05,1.387408416105287e-08,0.00093318795461223999,0.00013769660530192122,0.00079244147548989026,1.7927240659543461e-08,0.00021757110689918675,4.8152075365834581e-05,0.0017582507326852027,0.00012276527004301415,9.7133460485987279e-05,1.3174884259835168e-08,1.3499359884051696e-08,0.00011389896402320016,0.001215297082140358,4.2764266037641155e-05,4.5753556926734521e-05,0.00030235183400793597,1.8496270278136287e-08,1.8945383078119551e-08,1.6944413915225008e-08,0.00020370320671816834,0.00063301902734536769,0.001781699171044263,0.00089854128670022193,2.0242861332149978e-08,1.3170058179160733e-08,3.0975433727432971e-05,0.0002156522960235667,1.4287852685703108e-08,6.2896402700883045e-05,2.0277223653471137e-08,0.0009705138463090453,0.00055646991182638965,1.8750680688343549e-08,0.0010435997834348921,0.00026174040885185179,2.414883454850525e-05,0.00020654177641479002,8.1344636032358087e-05,0.0001812310618829455,0.00010756589503526542,0.00054594334718134348,0.00016055582041678293,0.00061934351428357109,0.0003419181946164501,6.2454161990600887e-05,8.6391590379724088e-06,4.5314806190094981e-05,1,0.0018833772476723369,0.005715731896570703,0.00012184660569925213,0.0010728997009544629,0.00035549311583152516,1.2792011346806774e-08,0.0018943765769602744,1.3483179705650239e-08,0.001492366667971596,0.00039743364468073348,0.0030773823449230281,0.00044886176537736836,7.9484492180575632e-09,1.3103901055291797e-08,1.7615271137337445e-08,1.6832483668460085e-08,0.0016282161539800828,0.10045418566740162,0.00051795843632038109,0.00021533567631216579,0.00017068871839037481,0.00046413530910433383,0.00038358898891073583,3.082203157510526e-05,0.00041755368734892759,8.1989355912589545e-06,0.0026483886580966408,0.0016724750346578763,0.0019939483861850134,1.2384617552657061e-08,0.00022499855378540885,6.2286078817656658e-05,0.0074460088074781577,1.9732319887738538e-08,7.9276914256596907e-05,0.00064565700325409513,0.0014386407455594761,0.00070744109059890203,1.489371207918536e-08,0.00050256198038018405,0.00010113501965570953,1.8715589695327492e-08,0.0056434877031102089,0.0014193524223190914,1.4738113605537029e-08,2.5497154389708751e-08,2.5258096760112524e-05,1.6930671727292507e-08,1.7486918814108926e-08,2.1455652819238691e-08,0.00019093204318711498,1.3853889205196578e-08,3.3900263657417837e-09,0,1.8691550515186894e-08,1.5658016745725178e-08,1.1636490866564653e-08
F131,5.6136943826242414e-05,0.00023812466397129874,0.00010820901304149939,0.00091670701936776456,0.0012568489347680419,2.585837873587377e-08,1.3371918091180516e-07,5.6657849894522083e-09,6.8616657184548741e-09,0.0017570453301115378,0.00027111353138811994,0.0019814162264033272,7.6638645400354058e-09,0.00070007424221065525,6.601948740973645e-09,5.9757783058063576e-09,2.8967683782315752e-08,1.9569881114466554e-05,8.4415276969131874e-09,6.7234864669079121e-09,5.9770538911292996e-09,3.339653375082088e-07,8.109581853669409e-09,1.7169051975237001e-06,5.6010306285854142e-05,8.1017965468233824e-09,6.2577141719898426e-09,5.6370595760967843e-09,8.1654202182957634e-09,5.2184099263302765e-06,8.5765336786975547e-09,7.7826060411251811e-09,0.0008468879314102078,3.0802336334028142e-06,2.6646977432707156e-07,8.0323739789208229e-09,7.1939508777388416e-09,9.7846412920025873e-09,8.3424949170814138e-09,4.5048719355854458e-07,6.8340467939367432e-09,6.3517795157967455e-09,7.5444082358849717e-09,0.0013118778714225989,0.00055556457971088393,4.8337552333391096e-05,0.0013028398024501032,7.984643769862714e-09,6.4880447900093723e-09,6.8073309012873782e-09,6.1482982736938763e-09,0.012487459825823003,7.48659758237341e-09,0.00066349101882568992,6.4538344310042203e-09,7.1745756439399608e-09,1,0.12007779345929612,1.4309104546461983e-07,6.9977178578933969e-09,7.3486802437493394e-09,6.7018775872952578e-09,7.8913007844227705e-09,1.0260465087719185e-08,6.7332724972364671e-09,0.00043444472096151155,6.7972280930024544e-09,8.0307593755551886e-09,6.9190855483418476e-09,4.1430048870475107e-09,7.9235900245630561e-07,3.2528141925889267e-09,6.0842655482700315e-09,0.0090485419080882507,4.9411364274327107e-08,0.00026540169744281473,4.5055680282834009e-08,7.7316386443643697e-09,8.3115405093219278e-09,7.0881230799382743e-09,5.6129822880961113e-09,6.0401684964021206e-09,6.1952451070257667e-09,8.7029082764439831e-09,7.0521994654360794e-09,5.9730829832885155e-09,6.6687904818198252e-09,8.1731382862406488e-09,6.0757210178361933e-09,0.0017769554679254156,7.2363642650465069e-09,7.1986659712584407e-09,0.0021786360422996402,1.0854410714584443e-08,9.0548257437273808e-09,7.4632628628815917e-09,6.6105017923632722e-09,3.3826462560391348e-07,6.6408002014992977e-09,6.7383479458809216e-09,7.454723435396654e-09,9.7015615825568527e-09,0,3.4856042444587899e-08,5.5999935464891809e-09,6.6281143686153762e-09,1.0356087914790848e-08,9.9235620813797867e-09,6.7187840595466506e-09,8.0797130450396267e-09,6.5275805362673155e-09,0.016993212315417793,6.3590006055087254e-09,6.1723265117996045e-09
F197,0.0067716193647264344,0.047594411236837511,0.019086234253536092,0.012088870786934528,0.0049172607692672364,0.0038155781394200007,0.0093118190561573364,0.0084274532339916712,0,0.0089651043415049023,0.0037797240467486266,0.0073881463312476829,0.0062069575929012437,0.0051711980115625158,0.0130436964470251,0.0086202654117804346,0.014871051262886627,0.0042004372824213394,0.025479965903785335,0.0079078098187379126,0.0071437189334703144,0.023916608374554737,0.0035506798031370705,0.0075129203591268621,0.047110616805834352,0.006469911400980498,0.0053635485080906729,0.0008136341867736633,0.013437289479297308,0.017731035796627242,0.020545138207746321,0.0097284613142953839,0.0039001021909002001,0.002859408258607019,0.0045606129916969645,0.0054897178544983972,1.4844668650869598e-08,0.0036463512540453693,0.014031679183287873,0.030707178890347915,0.002571272193929019,0.0070199982326380412,0.028306269524302239,0.0065787928244741521,0.004580188952532877,0.028496567747734611,0.015000866642002276,0.013146416973951674,0.0044354413111444835,0.021830531170211595,0.047175738069722001,0.056225681318155911,0.0028621228503967638,0.050465787792288136,0.0072563958716229766,0.005241642388430892,1,0.10715427139113959,0.02514193401556937,0.027555419391752232,0.059369069939567247,0.00627004084918699,0.0092465036405737985,0.48589154523986605,0.06221824756892818,0.20474200677860446,0.057575392325686023,0.010380652758285447,0.010016179962499434,5.5483823374537087e-08,0.004570007423956037,1.2574354973656113e-07,0.0077540040768387065,0.16888131571604303,0.30516567235384134,0.05673138425594762,0.078372359014350301,0.08345016356875995,0.030107546031819744,0.0053313305002810644,0.013144369413822068,0.014964700472852463,0.020538009514010826,0.018236893340522028,0.057917257491418697,0.059473445902457386,0.004897516977643188,0.0018423491128450107,0.019473031809642653,0.067783708888240451,0.052358324738865716,0.024235389781939457,0.11972729084521973,0.010131689485035062,0.037141820190339063,0.0084722317278900314,0.016048885296512237,0.076844858201557051,0.018209680441376233,0.065294242359950155,0.16211287144042658,0.012984017496483041,1.8662862333568824e-07,0.0015168315264402479,0.002862159397100762,0.0015904806255585052,0.020999625614578535,0.0045889220941338436,6.1102610536401576e-08,4.363479309912578e-07,3.8715976337113111e-07,9.6458559724827817e-08,0.0061099558632974962,0.020240155651320417
F196,0.0076193254912212387,0.079828649670120169,0.026418738714079917,0.005380780002964259,0.0075917972585833595,4.1816869689066884e-05,0.011935769786388139,1.0521638435622603e-09,1.4852550886907753e-09,0.008397652971115643,3.5431104678363225e-08,0.039045691887951699,2.7438573014116334e-09,1.5979486615618709e-09,3.3145503727327207e-09,1.5565334417905609e-09,0.029210678474561911,6.1945813000221294e-05,0.055747663084726215,9.578335505594792e-10,1.0424013030159858e-09,0.032782299394792491,1.4622947578647557e-09,0.014260857139862682,0.080435745201371422,0.0028767145210421802,0.077392046836712927,1.042012030776159e-09,0.023248760922267592,0.020162217278760351,0.0011508830049890865,0.022494391660115666,0.0070414105857081327,1.0049161684143127e-09,0.0040757965771190778,9.8575794546637452e-10,7.1106137791570862e-10,0.013158002013009268,1.0364020533936194e-09,0.050627381661295774,0.00014454366232870511,9.5549761767251766e-10,0.025475170175665321,0.0065299308002505722,0.0081662283869426318,0.04117176322241356,1.9777203323398178e-09,0.03579390284954799,1.504636265141016e-09,0.00041464413481355261,0.0085732705023302668,0.19623060601719272,6.5655174830976879e-05,0.022660967388182407,0.0088334964095465266,0.012318567774148317,1,0.40134514223573603,0.031064251172912265,0.0086250970355657101,0.058365746419729338,9.3585024167801969e-10,0.030076791985959452,0.72466448789272375,1.0095260675688746e-09,0.23373439742585456,0.09065217026205144,0.026339836926300764,0.22891361193107501,1.1914949410304696e-09,9.7815411927213207e-10,2.65338577812229e-09,9.1749228401666025e-10,0.31903983112191753,0.16322541163304666,0.10231400546486102,0.074474176967695163,0.14200871576421495,0.00014668750297515008,9.2181755045371071e-10,7.6895578638804106e-10,9.1409025629348486e-10,0.020551856674741926,2.1554811262242306e-09,0.061429049496154596,0.095388113202024366,8.8572660303275199e-10,8.8032796794269754e-10,0.019514922187620649,0.079624910182804168,1.1414083690597612e-09,0.053764417576142823,0.34561009567332068,0.02291452455230979,0.12482482616123228,0.013432524205985586,0.015652596574832877,0.13694800212373992,0.051495220607976053,1.0487448313200701e-09,0.092729805747392369,0.049554367380064711,0,1.1496908322682096e-09,9.6970140380098167e-10,1.2340691771281649e-09,0.086493220480488506,9.2895704151729917e-10,1.0731379194990349e-09,9.8932495310624723e-10,9.2982381358285477e-10,9.4055531020652436e-10,0.00067615777835181522,1.2634302977811004e-09
F75,0.036022854183077879,0.02123887686454333,0.026279864910900192,0.091899870096363495,0.00014048701312339678,8.7217494714022638e-05,0.05731658324845848,0.015745148260844329,5.8477442849933329e-05,0.11299406014409241,0.088200326301715107,0.014586780052615793,4.0485486656158056e-05,0.29401467920951724,0.066309978955249538,4.3052631545275285e-05,0.017669973172999349,0.00011381324828364779,4.2405832314326101e-05,0.0011245934548342923,0.021538593196608127,1,0.064561962715492291,0.10974527826305257,0.055113469427355295,0.016370263601622526,0.0069861344124685096,0.033122258753736533,0.078114705947743543,0.014957955912409591,0.045141564312169383,0.0017824935355369984,0.068383612863188489,0.052812370595078678,0.0043683886256190314,0.026278230454544565,4.55993851979161e-05,0.016164513383679295,3.9906323232176878e-05,0.0116606707052946,0.024610624856114025,0.00047033530741705508,0.071042908084395187,0.027991153180312565,0.023118354322211654,0.038102026407442889,0.094923303633494258,0.050957084438668324,0.25028789944600061,0.11297743047177462,0.055275994519703948,0.095001188210935519,0.10607246468567551,0.081912554694788781,0.0081576622459352977,0.0051395771221128461,0.66346077638286771,0.13573926176835016,0.00024249160214285617,0.058794200614261431,0.13318635314946795,0.023507535052995712,0.00010021686245367101,0.17396876733775563,0.00014478167577375211,0.16257577148726515,0.0651558839865891,0.034328769869702215,0.011849501930627622,3.2230890415997426e-05,0.018326204511959425,3.4391347045782794e-05,8.6513897557972529e-05,0.086166133165626685,0.25828221637448712,0.074588316532085752,4.9988122161591684e-05,0.0028995176639180051,0.081543173966328042,5.162098516507356e-05,0.098378505858179852,0.11002181587461768,0.051065153043895042,5.067836522430906e-05,0.00053046101461200949,0.095353222259447964,4.6798634098047698e-05,0.00040102363932232774,0.024521648238918416,0.45711521569229757,0.00015609452026826146,0.0034849333545065721,0.16018893814014096,5.3834268812682258e-05,0.0075320734315511163,0.040522619818650359,0.02736874046259187,0.05797050242817877,7.0911946677888925e-05,4.6797249259715989e-05,0.098086826794829232,9.4662458205673053e-05,0,0.00060869596624669629,6.7010079357469825e-05,0.00013280891978800536,4.1140681720161878e-05,4.6720218415882684e-05,5.6345596402835338e-05,3.7682398784908398e-05,5.0143073972302761e-05,0.0001637141570358174,0.00096352577642975438,0.38908300370934901
F139,0.0020870116185055907,0.002136110667249978,0.0015183082956645329,0.00074390303500527057,4.4976480788833797e-07,0.0010904732883042039,0.0027826303379426417,2.2061310114726064e-07,0.00018272148334474558,0.099967452655841629,0.001236706572845758,3.2625391071044173e-07,1.9902156021304939e-07,0.005629089974429252,0.0038938290374854649,2.4432145866928843e-07,0.001046422816510567,0.0065181002224727414,4.9259298110293247e-06,2.1512580618364752e-07,2.2039100641991161e-07,0.00082218510729313327,0.00027815099671224818,0.0094145521950218386,0.019178918796116474,0.00039288188610088454,2.4452010984458247e-07,2.4103943287591634e-07,0.0012297719786076484,0.030575534183845215,0.0061638071348112241,0.0022253982377392848,0.00053637973711793724,7.6932864839580001e-07,0.00043384694735062746,2.4601603934658471e-07,1.9056031598270268e-07,0.00026454138253692371,2.0740525805600643e-07,0.00018673047984679494,0.0016248382974187569,7.7045155838545474e-07,0.00063979293902401244,0.0022324500557151035,0.0011595066481631163,0.0040217869341798501,0.0031795057996043866,0.0017259663077598274,7.2106286114853763e-07,2.161644519985479e-07,8.0835534832652712e-06,1.5005289682373507e-05,0.0019592742787227979,0.00021534095804439458,2.3895611396416289e-07,7.414713903044806e-06,0.30914684674951443,0.0088319227716531397,0.0039793561348061366,4.8379534251639244e-07,0.053871414153716435,0.0050889756431364373,5.2741802689884318e-06,0.005571475647311557,3.0206117418008801e-07,0.0045768885633021839,0.00086813342000256505,2.0197037486662937e-05,0.0010161594975159345,2.1867402869070556e-07,0.0015258503122181932,0,2.4335238984634844e-07,0.010126280566961136,0.0045126271275056969,0.0018423793937454903,0.0035419656315910388,0.0095845894538164056,0.0012765213013829736,0.0014793604281710243,1,2.213047183040908e-07,0.0033807974282172655,2.5113454036948605e-07,3.3227612440277674e-07,0.052757700659867228,0.044252075625755401,1.0073378181983866e-06,0.0016498622680822059,0.0017301788170762881,2.2605659363784236e-07,0.0045460581018114598,0.013479542562825748,3.3406651077449566e-07,0.0028156762910051792,2.6066236105902194e-07,9.4192243301963421e-07,0.0030442245544063341,0.0026380713744084097,2.8231526137631277e-07,0.012463923783477649,2.5140312405150452e-07,9.1093777010480875e-08,0.0018563884629455272,3.7093481421626418e-07,2.7170631014015319e-07,2.915789997380352e-07,2.1645001610985143e-07,2.4722370235081034e-07,4.4086674548767202e-07,2.8406059424905855e-07,2.4440340043186493e-07,3.0870359336924931e-07,2.1598705146699765e-07
F49,0.23576845630642948,0.28079711353918574,0.49669990478107151,0.30238210705351842,0.37027219748682044,0.24711091334017707,0.23421183769340279,0.43836938816854187,0.63081276556304944,0.21854588066003511,0.21788707091687196,0.28737344572548751,0.19055810999696818,0.19331359639988524,0.1468277583027334,0.05916964015338752,0.24027698348365439,0.21623784988774039,0.29554318003238189,0.83753882237793187,0.13112891159402959,0.33458815571135747,0.18896307331932738,0.29072291977927645,0.30272431456782634,0.29180246182791086,0.27243332897429107,0.09602926481295003,0.18225118884142125,0.18610629579338814,0.34819574074686693,0.17465845955194134,0.18665498356345089,0.28879491434710636,0.18160189170943256,0.85319617728631769,0.20264464877668731,0.34059041473424395,0,0.21574338597079926,0.19888717911152112,0.098481848671402111,0.31965491350321035,0.22767098605220445,0.34350984651515237,0.35416826640391891,0.3314787093866195,0.28089141680113594,0.25851985255248705,0.272756354979244,0.28887128110861804,0.43417620274428742,0.18020177247629252,0.15269120089174812,0.18069305020202359,0.4426733454967462,0.37946446335989809,0.59176169431765457,0.18246441887734985,0.27422811380152456,0.16156578327539767,0.25725222619362831,0.36655613827647171,1,0.34595667798828017,0.6438809429329968,0.15224265900784051,0.52025323914801191,0.45340718388784285,0.091775263208916144,0.2212556677900667,0.56562369057484885,0.39741326277116956,0.29658534411109766,0.30488674122433174,0.22295914957177035,0.66202438265711105,0.31923366845690687,0.1771289238861726,0.2335032316998451,0.19840339029064027,0.27545943960845731,0.31198407211098578,0.27542117415554573,0.27617098397082429,0.33849443947405738,0.32504118683762256,0.16718432012830256,0.25820574514459171,0.36535898846093767,0.30691996450629955,0.28456580109422464,0.31185915026531941,0.32404858795848984,0.24792985855841526,0.4895550678730331,0.080953486065266478,0.34583346830914941,0.24429477971606289,0.081357193716126569,0.39172886652744693,0.27173796624482655,0.4865457698831237,0.18842370483784335,0.3867852466724479,0.17102025051200503,0.10771289507249672,0.055178397523845908,0.15304065381258303,0.17956179199430541,0.15835269849914002,0.30862100726242553,0.23416662336741256,0.54900034208937165
F121,0.026930287967930101,0.013945534670571245,0.011795443945383384,0.019627918754542721,0.0083772260564919342,0.019120283803718063,0.026165960599322951,0.02559294253716763,0.027023571525913177,0.024690631519134833,0.014096472583413846,0.061470283683755213,0.061822380089515218,0.031185916134244925,0.03461100599318849,0.049219478449521237,0.044684993967309246,0.026392562498799822,0.038469762281368322,0.049550878244997903,0.066986636368224314,0.076054026114981702,0.030233597660513829,0.019613251848340792,0.018127361516737609,0.013851802616466591,0.011995242908341983,0.0093549065020507548,0.027237140663602725,0.032355037226696887,0.10177416770912041,0.018791671100312893,0.0080843881777084466,0.018224916440089067,0.0082169391626553245,0.024715308763029478,0.015792682114892879,0.0074047662398471024,0.0049985940327404608,0.093339136454510099,0.01583342992349733,0.0076415831970467266,0.12168771836116873,0.032403818882809368,0.017018427441645011,0.056130515749814244,0.029856752697261863,0.047640930404566136,0.017004143583478615,0.042022386974176082,0.039990542009214466,0.17966128844835644,0.031242584540604256,0.14361285148393807,0.043632710845506656,0.05688594613759352,0.046780003723318024,0.044846726879518142,0.031356612255829884,0.13950510303034488,0.104812370012353,0.024647147318505321,0.027675089782708998,0.88488106340501649,0.070277402348349255,0.41779215386449686,0.078300484662672601,0.050259746661769598,0.033322008880248812,0.076036056314857145,0.034788753798099578,0.38599068170613188,0.06527692869082774,0.90090429455238941,0.13609017825085457,0.10023095061536161,0.43098022757707088,0.046971213691595237,0.13151013787629892,0.046841856979033258,1,0.084300832526109856,0.038001387505993592,0.01233151628598483,0.048115590537450827,0.062261198923309939,0.10664064843627356,0.0111547439338332,0.018006312921739414,0.079160736346394894,0.028712445948128391,0.026391550351683519,0.55084256792499076,0.064464277275943893,0.03676335548616038,0.060968271488201942,0.01691668051953945,0.035188286376864712,0.033883163514021646,0.13831525886997159,0.3766844149535441,0.053150363853868295,0.020815332908156712,0.0089998173149772581,0.014626842528847451,0.024908557405838257,0.0089284254509714826,0.0063525771482239634,0.0064626977124023271,0.003113740822791808,0,0.082350749998386763,0.031029693760746734,0.10401772562250429
F146,0.00017161935133127451,0.00075431209178126546,0.00027272034317745678,0.00014819048211533277,0.00029102952266844769,1.6738071795956156e-08,0.010649751409965477,7.6275026562939739e-08,2.12250576191433e-08,0.00018729782850262545,2.6654399644477052e-08,0.00089221480594461942,1.6878913968970616e-08,0.00057162624937702575,1.1675048645038662e-08,1.5886889544999073e-08,1.6959840305517121e-07,1.8650192347058366e-08,1.8720567463498834e-08,8.9461327407983726e-07,3.8960759924253315e-08,0.002391937654837196,2.864511828268476e-07,0.0039560795348381429,0.0080994873838706842,5.9220458073444972e-05,3.8041473071632787e-08,2.0293623944727241e-08,2.3632194595203469e-08,3.6373377398122348e-08,0.0007698476221433164,6.1906622266479541e-05,1.2304246410670287e-07,1.6334145518033025e-08,0.0002814108928089277,2.4230752223468157e-08,2.0017663512298652e-08,4.7297867605822831e-08,2.2452630240124275e-08,1.8439259331728834e-08,1.7435699918231696e-08,0.0014899797591667961,0.00050611207073455349,0.0002444825707323047,5.6497282279896905e-06,0.0015559010254034358,0.00040399523088878312,0.00032193094684712415,2.0337743948350446e-08,1.981151095719685e-08,0.0063341988570804501,0.05090014860059501,1.2268926558465186e-08,0.052473657688846889,2.2082543551755614e-08,2.2983174938486615e-08,0.0037078002366025941,0.0062801126009652888,5.7989542235316531e-08,0.00094139802677465116,0.00050118523081678845,9.7847149530013413e-07,2.0193552810896574e-08,1,2.5485408704968076e-08,0.001485868579863566,0.0013062176481397597,0.0051303846166405711,2.6594343152307684e-08,1.2431753817823864e-08,1.6038495957747605e-08,2.001983818475896e-08,1.9564259098307093e-08,0.0022191728169362866,0.0003460595274615998,0.00058878562548113161,2.314650147060266e-08,0.0017563308703292678,2.2671241062811588e-08,2.2157792397200691e-08,2.315079098414161e-08,1.3388468021355855e-08,0.068062591496105426,1.7032364840731995e-08,0.0010786406255785925,0.00056900564537525858,1.0346583618716021e-08,1.1794662063109754e-08,2.6022037393206622e-08,0.0011272414605194968,2.9631131521289723e-08,2.3503465935722923e-08,0.0032967350502239069,1.1895107770261942e-08,0.043285672719340015,0.0013011430234739377,2.0820934774223964e-08,0.0067654225445615904,2.4183950327929435e-08,2.7684641086754128e-08,0.0041301113004337947,1.3250862866580484e-08,1.6122599682291606e-08,1.8534289008241513e-08,0.001717158018869657,2.5521004950849837e-08,3.2905166044635787e-08,2.1923869896668121e-08,1.2720154778404632e-08,0,3.3123342016604803e-09,2.2416789417001232e-08,2.9631617414412098e-08,1.5913851724852886e-08
F175,0.00057914165994930379,0.0027230141197478862,0.001882654200444898,7.3753613682417802e-07,0.0042925670609457924,3.2158965726733036e-07,0.001080142763589566,4.0230880770555311e-05,2.020224855181445e-07,0.0012213162825468096,0.00072454416831319751,0.0057353679593943729,5.8425694065629355e-06,0.016855131433142604,0.0023002122019459342,0.045804985802659431,0.0021606951497401567,2.122133060442765e-07,2.2867792110445169e-07,2.214550014934666e-07,2.5128740054635458e-07,0.0021783763420832342,0.0014401788959037809,0.00013254235939868879,0.021893797344850419,0.00019002895286163643,2.5349333215311152e-07,3.5102307862215165e-07,2.9916847472084247e-06,0.00099822879894079924,7.3565305525857901e-07,0.00032919374827466026,3.7328413218541935e-07,2.1063132527783037e-07,4.5250552866639412e-07,0.00023075966946393107,5.1659038070845126e-07,3.6593209893659189e-07,1.9948400176277222e-07,3.7690742566909227e-07,0.00059023399948087947,3.4346572055134066e-07,0.00065311183232239379,0.00023468630785916631,0.00055575014439110566,0.0016769396075744945,0.00085271072376404058,0.0055329986637570631,3.2096261347487757e-07,2.0357184166805446e-07,0.0095650295308476879,0.0076775457043370618,0.0017491366124686946,0.0029276773081601784,0.00026477857225558484,0.0011686036835096855,0.046111217405799154,0.0083534961003364563,0.0015171983622560411,0.001701559654946136,0.012724887009360641,2.3647073339758534e-07,1.6493360542027756e-07,1,2.8884148892044104e-07,0.0054040837331368122,0.00067770502756303282,0.0007438933772925038,6.2426780007333927e-07,2.9253008617114421e-07,0.00032846147693899231,0,2.4448950765991813e-07,0.001620340534434475,0.011532889134289218,0.0011619886526278306,0.0092508267703369437,2.8413919329645718e-07,3.4578383805773275e-06,4.2276761430668241e-07,2.58325427754447e-07,1.3661788682445434e-05,2.91530468269379e-07,0.010831019142343218,0.0040170793169035848,0.0059887206201398721,1.1198481549627102e-06,1.5049776813267186e-07,1.4033304228988741e-05,0.0039372196565207939,5.2844406121147824e-06,0.0037776224922854663,0.024528361899180829,7.9562036724321739e-05,0.0099849564649551643,8.4389615681002679e-06,6.6140811324172767e-07,0.00070121936720491534,2.8297315107198594e-07,3.240129640935242e-07,4.3025641664114013e-06,1.8459173335680059e-07,6.0129336562214595e-08,1.876636449817041e-07,2.720386844982048e-07,2.2694054313858381e-07,5.8408458771753245e-07,4.5492651091070008e-06,1.5687103876137463e-07,1.9616950912683769e-07,4.883688551988116e-07,3.1214013675269979e-07,1.1936491428792474e-06,3.9144983650420368e-06
F89,0.012095595312119466,0.10680551183592392,0.043568865859547876,0.026727983511357072,0.011979179568471922,0.00776972656361945,0.01761362808078569,0.021434316113556378,4.5234670413452075e-07,0.012012312660129396,0.0062680422147998495,0.009989885514745887,0.004471297867997691,0.0087669377030379567,0.019083732729864231,5.2808517425422548e-07,0.026218596884653278,0.0074310668275074446,0.061545092159157114,0.0151922108100096,0.0033396439126337947,0.052246337915638562,0.0071004522420739808,0.016125190612018968,0.10768040265912435,0.015787799796099799,0.011897890929265171,5.0380495515171527e-07,0.030178231739593105,0.032979024729615662,0.022875192495942127,0.017749631226793273,0.0083318412018561147,0.005655843798649203,0.010451204514236775,0.0097343698349185229,0.0013803174170527344,0.0083916649219257788,0.032465932175241997,0.049469975265024141,0.0037454065431039608,0.013894821804634234,0.048306874506607707,0.0091886535679967327,0.010970367644989742,0.064900601676982278,0.035590614040338281,0.02526401257868767,0.0095364348105709679,0.025564373109473394,0.08608483568400653,0.1499896554454242,0.0044923599287711924,0.036064488112846009,0.011588289707642937,0.0074504361822967232,0.28310667013990065,0.23463705489083242,0.062630974917919899,0.037507256064528864,0.063998585319891069,0.011108947893311089,0.011570490228508888,1,0.047068816834034521,0.32444943823166128,0.094503708752515694,0.0086209409923697234,0.027202506197029561,4.1770609514215539e-07,0.0058485814906916577,3.539883544424966e-07,0.019038497001926148,0.34218605611872832,0.17584857822048011,0.094021641571791839,0.10890306710768552,0.17000997800664691,0.027231832387245435,0.0082873234717128416,0.0055825152503168156,0.0036579178755081904,0.034894337543457707,0.028624221534837659,0.10180539187779165,0.14378880811384076,0.013305405865068697,0.0049701402347719845,0.047836092764221148,0.14056967966138073,0.10348774046403679,0.056569231203920267,0.27354201934200489,0.01608488970603723,0.061883580859546448,0.017888195832867316,0.039389758814055931,0.16466692078454015,0.030015492877556602,0.11576409988393216,0.33772653975021755,0.020237777309326535,1.7531089453873756e-07,0.0031296298816597258,0.0083107309487133966,0.0023819112501950591,0.036760727226698119,0.0095970916069252309,4.0355538512316085e-07,0,1.3767631229947938e-08,5.462213836074425e-07,0.0041447899340464325,0.051920797087043224
F94,0.013468434499032761,0.039191011550767242,0.024645625637598045,0.088433801107298593,0.026521383061553928,0.0080313610968202765,0.019076943129597908,0.0062895531810329506,0.0077305781885882389,0.039366302958549607,0.033024285726752915,0.013459795358796108,2.7389056678716356e-07,0.0016502889850780913,0.043825676107642569,9.6990067110766701e-07,0.027777998204106511,0.045677526405402277,0.0045548647198932349,0.012423720467724856,0.037824699132322642,0.043316811019686187,0.028624875773001213,0.015151293197731272,0.034902539889041809,0.007577793676724647,0.016795121974848653,1.9129642482730976e-07,0.024728072566529521,0.024759148152708448,0.030399498167660979,0.018903323854371889,0.0060667057039414957,0.034927956741609464,0.032252303921408314,0.012284148108017841,0.33702072997594851,0.0086085179277301544,0.077280358310825276,0.0473892112578033,0.0093397886067088376,0.023588043198301489,0.023051407499070597,0.039443123588381541,0.014803123844585767,0.074360691010876556,0.029722760397779036,0.03848478229714556,0.019541805604416183,2.2363138304033686e-07,0.087313728367742829,0.29374611813315304,0.027699341108796422,0.12828032262363809,0.0064489818381929702,0.0039420141599957187,0.24158434648395413,0.14827876330176074,0.035579891131065119,0.094849452679011473,0.21156665297831714,0.0092399816925528861,0.072921627758590568,1,0.75337732064727536,0.28353763335094734,0.080448832983289573,0.18730381559718895,0.016752756269299819,3.6037105863955643e-07,0.023667702771062317,2.4575004854655373e-07,0.011795423668348024,0.16609248190552675,0.10856497483508715,0.071828808167750391,0.19907883067869328,0.088495875931060494,0.05930245886256548,0.016721137148840191,0.065348862066888197,0.036161965551733774,0.022200633201919812,0.0016707038116477589,0.16946901000883641,0.063167558945277549,4.5356345818393928e-07,0.0073210188526038264,0.012003345921377641,0.099328853040739198,2.1072753725718866e-07,0.014768280024022607,0.16417375515220778,0.043460834241352372,0.13567663400775917,0.03793857101388947,1.9394370994565189e-07,0.087192391371622879,0.01748323685451025,0.043707586320456807,0.078300479247760874,0.026732930647303373,0,0.0045132574826567788,0.0046533283403288883,0.080726756020074134,0.026047137648421592,0.0052870325843431864,2.9984322745197389e-07,5.9256368525318157e-07,5.855267641294018e-07,1.5150609435962124e-07,0.035426954255932931,2.7855678474045636e-07
F148,0.0078371170711256013,0.051754789041754838,0.017627954213132412,0.016798281185135641,0.0060406003332886104,0.0061275297139294239,0.016347548009326283,0.0043076867075217701,2.0444667161808613e-08,0.010369512378112953,0.010743805483678343,0.01220822757018092,0.0089420820452577338,0.011136354152773068,0.036276158573788221,0.07704673513168378,0.028446255695428895,0.015024113207134837,0.022810998396229264,0.020097019877644562,0.055121771161623791,0.060699735945565068,0.0048922815398535387,0.011135647602205827,0.048939382385630545,0.0060094390181213101,0.0077221799657231499,0.0067303933065490902,0.019254189282870912,0.030915369155943874,0.044044292465148259,0.012794813907113314,0.0031570142975078925,0.011406584487156212,0.0089856319412774856,0.019117415723811149,0.060935642575867519,0.0026068469628145467,0.016124285170499679,0.095922549028722284,0.0059031581348797874,0.019104291628012048,0.036393570975539857,0.014626631817439468,0.0057980444862484829,0.040057465657496578,0.008594537641468657,0.029467557974797456,0.0077447340626529233,0.030801643865750596,0.11454942769016913,0.40369309016411542,0.0035657998786225269,0.30857183584859449,0.022265737395851276,0.0014406743494798299,0.1367256047419525,0.15835444143304828,0.052436272924251161,0.11332672869063901,0.27270897793160537,0.019102707763223547,0.023577047553580248,1,0.43359135834236351,0.61300988945994572,0.1824542005547844,0.057481427982961811,0.00043331789814958683,1.7639085117298953e-08,0.011802351351532325,0,0.004108626391377831,0.3256098157883815,0.1850608751490331,0.15948411208349444,0.32640383368830156,0.11139052120056346,0.13840368111982923,0.017254648130412359,0.094890773453803159,0.11625715643232017,0.042201842420451864,0.043474519021718928,0.16967920244129994,0.061750851938290593,1.0666296454961396e-07,7.8982323151443634e-08,0.011843318682661971,0.087611105743757023,2.1236987461980818e-08,0.031673406122817958,0.13636628957588687,0.014300921326248122,0.077435270356230962,0.017754410230454036,0.0053455332969949967,0.10101251334391015,0.013039318988290086,0.15397350093949311,0.23168225478731719,0.042639956085097575,3.0576413233616072e-08,0.0018188499152773127,0.00031863346347027043,0.022132428065810547,0.072670646652022386,0.0071006219198829282,7.3231048237378023e-08,1.6343021113458996e-07,1.0096701837068641e-07,1.9234487160091035e-08,5.7277746007370772e-08,5.4143701796813719e-08
F65,0.0060806322472979485,0.036580769593469474,0.016647762077532508,0.044670258251692546,0.0063260844538521746,0.0051474624516074236,0.0092342348523110646,0.0026910448767174426,2.1780296036192172e-06,0.0082775861923221009,0.0084444586596623683,0.0071396001210917012,0.036130894546020642,0.012157989923425143,0.044957226944295284,2.1384806458936121e-06,0.024771155051986918,0.014834847015589077,0.024389439442921167,0.01066997485794533,0.084420521837199142,0.030282866961657058,0.0052131462496782738,0.0070203444754240217,0.037911868057888772,0.0056047572626089122,0.0048120414314407533,0.0033585274165260632,0.017382928055907309,0.029356298209853669,0.022045867684577506,0.011776460391492145,0.0042121427012421237,0.011909310353094471,0.011796655112488574,0.0096096896621556023,0.081059373637850596,0.0036613941036215017,0.0083794323623198712,0.17070996954700271,0.004681101025555595,0.022260561808118556,0.024792435774936412,0.015681360621911115,0.0068965463528446605,0.037163958398423909,0.0093101598295379038,0.021218821258337614,0.01267926504258505,1.9973413038223215e-06,0.070640880419066757,0.13596827024786334,0.0046910574190491038,0.37204751518526524,0.028995538362574427,0.0020850435604152914,0.16086835983402151,0.1505821647795394,0.036665136135454204,0.23792551487737448,0.38323886421300751,0.0062301906681461105,0.022274147724557106,1,0.31344515671252338,0.73633005300965326,0.23418618620090728,0.062692185098399938,0.0010196712694423994,2.2282378537109132e-06,0.011011351075827663,1.9484693553919259e-06,2.0908787956954179e-06,0.33680055327631708,0.21564607063955915,0.19187249869057738,0.33545987649049114,0.087741440901859341,0.2119572554432913,0.025043653054550769,0.10776199868802032,0.1459349212885655,0.030867089951516366,0.011093626859401772,0.11232069052833578,0.049281933989274086,1.0778397041281691e-06,1.7844802531789322e-06,0.010295779315450098,0.048075414585964385,0.048458195211907827,0.038795917625163767,0.10292779080510261,0.032402754136272784,0.079347714791732221,0.026713213646191798,0.017622540004078813,0.058774017793343465,0.024279474163608091,0.1468013009808283,0.19967421607071895,0.077427014405996961,3.1140411088924972e-06,0.0010409265268516211,1.7190086523590916e-06,0.023514624072363221,0.073081326409667732,0.0029018521098909552,1.2864370843337006e-06,0,4.4029864076466104e-07,2.046187314344985e-06,0.0017022449324303613,1.9274016900555793e-06
F39,0.010396359758782704,0.061623396391403865,0.024804723487799704,0.025212224440773971,0.0088287881866321704,0.0066736044450700794,0.011841284145880034,0.0077875536939549933,0.0043088802831342541,0.012039652148378323,0.0090677677732365989,0.01432122430714647,0.034539749847795162,0.013929111680140282,0.038934420641318773,1.9925652862756626e-07,0.032894875617974315,0.0080576183544405645,0.036072149216921881,0.01493307900985219,0.089023065535184201,0.043217791211296659,0.0094840302738515223,0.011837534948671445,0.063403220788589246,0.0094328306357993642,0.010323616892068748,0.0053670788827473231,0.027412555719817711,0.038383701998186644,0.033917926571150621,0.01491884875273356,0.0066001289190281151,0.010028759424254253,0.010264944909964404,0.012078255469376324,2.5926092934912669e-07,0.0067493462175943581,0.026161469131622365,0.18410700656929102,0.0052423621800889702,0.023304167732581753,0.038087729151642734,0.01423762597131001,0.0085211102784274947,0.054791634332149501,0.015066158452058057,0.025145007874512359,0.011204813782783303,0.0096469073322643234,0.093246104037597019,0.12541026285811899,0.0079092261637480725,0.38512682544996907,0.031615191760346925,0.008498528943277529,0.17184701088744614,0.21480866215500585,0.053020842171802175,0.2458286965368876,0.40467905328720682,0.0097171382552957188,0.021512534546043852,1,0.26855819694288285,0.81786945533097999,0.26144184927104314,0.043015804456941899,0.0075294119843085589,1.8379675748246632e-07,0.010271341216704437,1.3322354650033773e-07,0.0053943532936173979,0.42019001976377512,0.26207446966118536,0.21924480315483263,0.38043308111486868,0.13275572073694544,0.22404463594239638,0.029412541282951329,0.11698894107341413,0.1493342851398087,0.0370016930837452,0.014841620515141464,0.17127997915195339,0.080744647073792669,0.0022916119016445874,0.0020130171531325875,0.021496089334713104,0.086878243981866762,0.072744189283962923,0.050551410949808549,0.17528860488162543,0.038597514762207942,0.06904734115570417,0.02535379504399736,0.026917471434458277,0.095293935928661436,0.034112377498790591,0.17357122796908947,0.27171084969316517,0.084814917368489284,0,0.0028303212063466982,0.0013377845865820681,0.0046003941233133082,0.083968257656511863,0.0051704538874416022,1.4472414768409364e-07,5.018019159598817e-10,1.570866826803838e-08,0.00037512306532007074,0.01093922365091235,0.008858681178269082
F145,0.0063467755608073795,0.040161188235957469,0.016583289427056998,0.021459315454925049,0.0053877915760539219,0.0039465697483527344,0.0073917439430644279,0.0013672263686091226,0.003568029075373777,0.0041426237205294744,0.0037235217461580694,0.0038402702029981836,2.5968751868596011e-09,0.010968200550137926,0.013359210468406501,0.00463060246668116,0.028576533560674505,0.0038931478660211125,0.031345616285909754,0.0019270257857136961,0.14049107802846703,0.037987369768341661,0.0051877996617494572,0.0084849481447405069,0.041973663751872711,0.0062755998755834978,0.0024599422808577057,2.410650126562271e-09,0.026217707214346121,0.035830729691310868,0.014754442440290743,0.0109470858064885,5.474347134071311e-05,0.0068019346127878343,0.01101234692537816,0.0039830991971525334,1.6512422807808444e-08,0.0064599820209026689,0.0031200270156241474,0.29689138580973079,0.0029994160269938902,0.026034272544361407,0.022079857521420363,0.018011798177810512,0.0080928428206202448,0.039443376028130826,0.0072546225615809498,0.01709805674707976,0.022620808283285877,5.7067172789793797e-09,0.039556318786484891,0.55463617533896681,0.0041898573583667399,0.49844054640732399,0.048452124132454776,0.0040583344501419986,0.13487703174027502,0.20133587656183816,0.05323822700829918,0.41112142031762766,0.54984763448995588,0.010105113341532723,0.0044796393577643456,0.97042894602284824,0.053240918723159288,1,0.35448347438278888,0.033379140658261364,0,4.8779537635283222e-09,0.0091833009877670072,1.2203742252685612e-08,5.6980023644712377e-09,0.44703941165336691,0.300505691018285,0.27092308481247251,0.44373559592803158,0.089527301459836894,0.32555241421415809,0.03945531347283756,0.14509994121098027,0.21333915472208581,0.023612782970654476,0.0062538716281704473,0.073221576995978893,0.061778310671776436,1.633498757511578e-08,1.3810779905288404e-08,0.0085254217615403031,0.047455589969769216,0.1158126712702145,0.059973839567599392,0.1054040842474139,0.042757832163736,0.063750801585251718,0.026172989447598473,0.037908163367149403,0.10028975007397838,0.042374610915641792,0.11611545330787347,0.21103565786206754,0.13029598903885287,1.4373414563998731e-08,0.0013186094983349832,0.00083988998300842848,0.0025034670927620681,0.099611801921409518,1.746390890165633e-09,1.178706138028882e-08,3.5630603191737811e-08,2.3955764774481697e-08,1.4431505575177734e-08,0.0050583776776080541,0.0017282508680852857
F147,0.0053496000860487544,0.034600869077452891,0.0058271785845612958,3.1364104719646964e-09,0.0028567491729216445,0.0032846181647420928,0.0034591443248060899,1.8224690398941913e-09,2.215786849113583e-09,0.0094041683237368005,0.0058363391542746983,8.0778450517268459e-10,0.69780493728186666,0.0736570609152222,0.48816692634410913,1.7286441810946078e-09,0.023871409003856793,0.020783002102532231,1.9410935358709406e-09,1.2317002049237767e-09,2.0020690575914418e-09,0.0047176587316607992,0.0018206466147499825,0.001170022414984453,0.036462167620503416,0.00036831506054992431,9.2564982003448136e-10,7.0215985769712367e-10,2.0503040515249913e-09,0.013675894101206809,3.4028879919446917e-09,0.022635080144632985,0.054598973914695981,0.012654736599860238,0.012195540672306972,9.0228619092627289e-08,0.18254914299505701,4.8554552601358062e-09,1.0592666903326115e-09,2.3417792669259706e-09,0.0029717488120778643,0.0079397105103797133,0.062432525675540029,0.01318092222353043,0.0023511055965180698,0.026148944636684261,0.0048520529124267452,0.0059157937085231836,0.0042339450480299587,1.9710286679273125e-09,0.19328546650816247,0.40235303992085431,0.0030823293974362987,0.37074281350314969,1.7077009465556351e-09,8.6817788341104154e-08,0.0029159523824873186,0.082760171990658271,4.3528687090211797e-08,0.18746251206604855,0.2224287881649219,6.743499873937964e-08,0.015168707019726172,1,0.12554572500114095,0.59656635073541431,0.022405243592804654,0.042851761857308782,7.6607255939542026e-10,0,0.0082811766117543099,1.0844159329924201e-09,2.0080220281258933e-09,0.12583909376783689,0.25583163474826887,0.1315354797980724,0.21449405031856153,3.0630934285116516e-09,0.16424668830529549,8.099709657101266e-10,3.7930513359474821e-09,4.1663506919952806e-09,0.12162867761313353,0.218135097106816,1.9539127087380998e-09,0.0095182515223866601,5.5416603248951215e-09,5.061515566744701e-09,0.036327138227721087,1.5340502555742742e-09,8.680866965970797e-10,6.0184472188732684e-11,2.8287149529783525e-09,0.13236630544296837,2.5601997846910692e-09,0.079735784867990669,2.148170357158008e-09,0.045489113760054385,8.1135563655061031e-10,0.49928486265484523,0.33131785709964551,4.9127992053747636e-09,2.2293510040824898e-09,2.7757322633069085e-09,5.6862126173223221e-09,0.043742140019838956,5.4503990132862492e-10,4.2257867656426528e-10,3.9017995238956859e-09,1.0446924606683379e-08,8.206100466170073e-09,1.4566361105932352e-09,3.1508900551032326e-09,3.9404475624185382e-09
F24,0.013156185780531425,0.12193011649944255,0.025272653450270775,0.013301985531598016,0.003808031286436666,1.1234163462804235e-06,0.036314269971416464,1.0441618038374997e-06,1.0514052988437655e-06,0.0082486321629431335,0.019545183687291093,0.0070076630197233166,8.7706139920612355e-07,0.024649252271991749,0.16785885789461791,1,0.071790720580516998,1.4782600557991325e-06,0.012885996014194301,0.0053757439534851638,0.013530259619141023,0.10595245608365897,0.017068651160443076,0.0081584825898877913,0.10737164747569192,0.0051949811574221868,1.1130665825564055e-06,1.1911386563141789e-06,0.02054667076856136,0.045521817383371216,0.085551175583549577,0.027301328422769857,0.00087531718355102629,8.9205230878072298e-07,0.004131738795149483,0.0030320875168819753,9.6269249680964682e-07,0.0082800331194870496,0.008355509779674454,1.3660369804982581e-06,0.0075528703102302622,9.5661815328499395e-07,0.041632689828516929,0.0090396340392755094,0.0031651160827247558,0.052201104711673982,0.0039457522772552451,0.061970132956373242,0.071592695564059422,0.11816286188644269,0.33036799944852563,0.4869025624896538,0.0010264536510509593,0.050583288650852917,0.061772805384916037,0.0011977759391219452,0.19201942188045382,0.14888318834390932,0.24096453133863407,0.038657843777499687,0.098998047855823224,0.011985045116577617,1.0870243083892953e-06,0.54551740565316131,8.8246315819292954e-07,0.2038194046947106,0.058458189588614179,0.0047707108155842452,0.0056900412477505092,1.1922193387798779e-06,0.026717777342444043,9.5743691392358302e-07,0.059406004060117666,0.29853620447111329,0.41959067137553013,0.13355578509914029,0.29961534529719686,0.060782642849700405,0.015552300142037945,0.0038249935578652736,1.0067828686852193e-06,0.025042156344398332,0.020845227618731973,0.51989811654135987,0.048820718286417451,0.22322806083505017,5.1893682258298078e-07,7.5601132004020339e-07,0.011935432787170118,0.26980909514604501,1.241534914699384e-06,0.028196518922004078,0.2229061134171399,0.025944847765474888,0.09777240343835443,0.0032944977691584908,0.0077808200108468849,0.033972819180182037,1.194503249926967e-06,8.8927265900997342e-07,0.14759056759481345,0.00021213254433805027,1.1486997559774466e-06,8.9343497869189032e-07,8.6196699304496165e-07,0.00020580358056364496,0.025080907247044686,0.023691118316566236,6.9756626062050024e-07,0,3.5776405691202223e-07,1.1510638016535905e-06,3.9189819522861708e-06,8.9008606347835075e-07
F1,0.30963897564041781,0.26016650044858047,0.2556963366038652,0.23698428104402305,0.33322069371357349,0.3494797663532464,0.35906841440497228,0.12252466038245775,0.056121300437218052,0.48969201868551782,0.39694608500024581,0.43178564945307907,0.38381100429463977,0.65964785006878535,0.85142494694897641,0.74396595981649383,0.41892064530662798,0.56225379197139758,0.33557849586544292,0,0.60085285721212023,0.10651096123856875,0.66774934336894631,0.26255738214455926,0.22138670239732311,0.30238502289726837,0.255382282713908,0.34457809354137103,0.43779144546111121,0.44248474045861952,0.56668016072710958,0.23009713132736626,0.24633492363176279,0.37354366797434513,0.45595939013511283,0.039240538643215875,0.36163629554715437,0.37570175404706901,0.48026883323600217,0.45896730896462928,0.36497606558450002,0.66266978245483066,0.13674230141295898,0.60279492347929264,0.21429102077390272,0.41345698712181844,0.27380406318529948,0.40836787786909523,0.44492513326373617,0.46742329161043772,0.43968268764827373,0.17209510400547598,0.68246940916341636,0.9401851822860936,0.628665776709323,0.37293683505249758,0.46766508695139858,0.57341961482922232,0.74080949535966301,1,0.62684212314650012,0.33564091573507032,0.35453729129941902,0.43816278863190999,0.40208811144932038,0.79699037884549739,0.37133554500522065,0.32143200151524809,0.64929590309124863,0.12285561910777699,0.37383015775844297,0.20365879275744517,0.27088902351482264,0.32488427528355435,0.81996618198703219,0.4542753097616023,0.78211247877173817,0.69496346607596804,0.93166392747088211,0.39570521578280454,0.23149678040617197,0.72860228744299205,0.4871767218822628,0.44512691909130575,0.40691962767619816,0.35598118685632862,0.3855926744307257,0.49446171563808639,0.30975543827335422,0.41068857296095446,0.25096948909880362,0.34502799205406764,0.26615925998037143,0.59703350345221351,0.58258203311355072,0.27288570769536746,0.60234452991801668,0.37047326316809454,0.39449542664409698,0.89260040884114167,0.25526187117684912,0.6416143361494635,0.45431984705768741,0.45955618204525556,0.15687878622179108,0.54093386036316504,0.47113043946544986,0.4265563645503791,0.53409318626049607,0.17157694081690092,0.62664439400244365,0.25731244741916809,0.70502270857569682,0.26687402151371836
F3,0.00064773448410428494,0.00042613058068921887,0.00056824572789815906,0.00020221248729924884,9.2850489126203509e-05,0.0010848321567908297,0.0015053058581884179,0.010211139134418784,4.104035412149996e-05,0.034695841007966299,0.0030884292824549958,0.0013086629344400283,0.00078845955005035187,0.00103733575148764,0.028672533597795011,0.075924771577990505,0.028234439528791053,0.0015962998929683378,0.00082654523623687667,2.5191516995835388e-07,0.28046799623152618,0.0040925829229177639,0.0071868781809718563,0.00035170935002439062,0.00026849203136218922,0.0004044276572772449,3.0517611121616833e-07,0.0019927910176102811,0.04325441935440464,0.049870951679158532,0.11916802651260092,0.0064272045703578379,8.3832313275764603e-05,0.0068719023789100718,0.0027385995220135088,0.0054875126277546668,0.0084052065506857489,0.0025155401105241729,0.14496172984356862,0.13922002765672695,0.0028120547424109288,0.0071886065970640737,0.010395727164157313,0.01597287247866452,0.00022706208328180093,0.005921067863472497,0.0017036429592083321,0.0020950686999555712,0.0017600648896041262,0.014923867808829927,0.0026508128433442957,0.0090575451386463966,0.0037073422957215004,1,0.51455442359142223,0.0010962253139382323,0.84652760949744521,0.003074132987083172,0.014432950178347181,0.99499142217235514,0.56554063206968674,0.005392976594188169,0.00032356698503104855,0.5537102403134061,0.06862525376486843,0.94716346478939772,0.044957590475300582,0.010628688861901809,0.005709241944152869,0,0.0053920507181413951,0.15278056038721172,0.0056182471472542945,0.2943968407659982,0.57483347658058526,0.17197099233854179,0.94362483107738127,0.32841684960500311,0.95490948014244981,0.0059251095878274634,0.2977488496062905,0.30405435667688646,0.010285397847196471,0.02986221240960189,0.062715112124371267,0.013297036447721563,0.038020912906915297,0.070896529427498634,0.0018246995317749957,0.021990345300243699,0.0038237203391820402,0.011737442713510271,0.017170261125422824,0.054043582996872674,0.0039653819163856709,0.0021066859410830167,0.088292174189347136,0.0058069896613025624,0.015807231437103105,0.54768476649670517,0.019895610434475575,0.0023206719057749644,2.1567086820150233e-07,0.00046115908379406716,0.00074458451206072765,0.021825372987186935,0.14444691723424213,0.14973059884944179,0.0058041578640796211,2.0475706464440639e-06,8.762979473012686e-07,0.0073949376264057076,0.046913390684383945,0.0089435523793171944
F62,0.0004040888756348366,0.00085075126447019408,0.0004194157702196582,0.00030907449972632873,0.00020796856963681002,0.00037722934289903412,0.0029226046547239392,0.01008851566714365,0.0059002422850710423,0.051023399601903469,0.0078572815338615442,0.0055732422099927644,0.0012523087213264824,0.0015925439133575743,0.033128041265514024,0.088254098229218217,0.033542508331670218,0.0018154575410334328,0.0016892035994902619,5.1539637143741675e-07,0.29363779280454838,0.0054904204505561152,0.0086143180238409407,0.00047299630458828374,0.00085156718343531469,0.00092954128530351181,5.7851986852860459e-07,0.0024053775811975291,0.04727968488418334,0.058942460566901285,0.075873792697884648,0.0075086326264435753,0.00093439474359643471,0.0081150485467987154,0.0034451457469547625,0.0061851706670902184,0.011217418019987688,0.0025854885370973201,0.16865908449168979,0.012731770171420357,0.00096991499834031872,0.0083973681853702405,0.013390474650972381,0.016649034497043025,0.00072687886753605767,0.0089494557974566808,0.0019451395403797041,0.0015356196923232905,0.0032410344373674693,0.012561776973504246,0.0024648135010315662,0.024538782409664634,0.0066540004004080194,1,0.60524267501845785,0.00063137699833456834,0.011292582099239489,0.001201644091245811,0.0038440835219007959,0.90789640165583008,0.056537553121292321,0.003012506162822344,0.00012293026811001877,0.49745198164196125,0.0028423642426493646,0.99179500929317244,0.0092170949545343946,0.0041275640763490462,0.0044958462087136119,1.1564341590910243e-06,0.0010190365897851856,0.18439621887245633,0.0056784608095992633,0.23181653553955736,0.24490377142891123,0.034189956371797239,0.96840378441690889,0.37612794831236385,0.9625891358897779,0.0016653835122522628,0.24164045985279625,0.2011600151589536,0.0060728725740672625,0.0015499248068398051,0.019370500171455932,0.0035398871201097627,0.00096384602791214327,0.083287236928094172,0.00095002441375955163,0.0062274087629917256,0.0018271179880988435,0.0071081549761514724,0.0090417680531643604,0.022854768580635312,0.002489012791183839,0.0013917098349959937,0.090446238239315163,0.0067225588875745521,0.014753687703687351,0.52326253595434002,0.012134507273026091,0.0017279807960953887,8.0550778584161874e-07,0.00043304891656924911,0.00050636143728719982,0.024905168463366129,0.17165637085277424,0.18850652128918108,4.6008877655870409e-07,0,2.7112278728934191e-07,0.0065748528852112844,0.019078530122551993,0.0035314051167449393
F100,0.00040648498697306933,0.00014739461106404655,0.00032022811618579778,8.0189897756578995e-07,5.9133108410797262e-07,0.0011584953239571784,0.0016503146894727323,0.0039924364738932279,0.0054029171281006535,0.0069822184733919586,0.00087907813527795013,0.003510486323303167,1.3520020168924301e-06,0.00024345683869425038,0.0028329447066178402,0.031135323385798469,0.001635983114226946,0.0016528243643111687,1.3307547510124604e-06,1.1341092738391087e-06,0.068811881183291346,0.0013433304968179956,0.0017162205875059062,0.00034879630071958531,5.5904823146524011e-05,0.00033792576615767559,1.217041581313383e-06,1.2551307578061883e-06,0.012802262523250164,0.005638081507147139,0.096085716173255176,0.0005017007515648389,0.00052335207197471919,0.00019468825180340361,0.00031192932673109564,0.00084161189537294411,0.0042114918258345947,0.0017004633300920417,0.0088384703765655645,0.24729060119469323,0.003444732742004299,0.00025925061994640827,0.0065544018187398663,0.0062412920866734651,9.7686500953028598e-05,0.0023266470348609876,0.00061103038056656495,0.001546923890707161,0.0005183975108302186,0.012700124007418831,0.00040762928523435372,0.016088862327234769,0.001056434540750826,0.32031724216050139,0.019497605263689908,0.00071922021814771117,0.020424560323533663,0.00018520773233913549,0.00178198114363341,0.45939773465106593,1,0.0055083333672446017,1.5519542673109019e-06,0.26024425572070653,0.12726630399691041,0.22908666705973676,0.071249963942301375,0.0043418967962516025,0.0036144288067514914,2.3081903048800886e-06,0.0091581178545027345,6.1886049471019537e-07,0.00091467458091671792,0.18318056192160628,0.30038512661466849,0.27824715700910352,0.26610773720821096,0.025290927739834008,0.29197174419967037,0.008546874848738735,0.18380236055614191,0.26401092028734896,0.010793127482429377,0.0015497358120368941,0.087980816678306178,0.0057015431386592749,0.07177384666959459,0.00065326091501000105,0.0021250461242019059,0.024275244545779579,0.0037756316941757119,0.012969142204791083,0.015065154256115362,0.064967689083070893,0.00027101184966873195,0.0015512063944807615,0.022574281230436505,0.0017004241740470902,0.0053572299488711768,0.20937845154448012,0.0085590123624001962,0.0011289191555390208,1.7825830806059984e-06,9.7173290644397051e-07,9.5941648692456204e-07,0.0021592355775854281,0.0037333980995239865,0.012075503574502919,0.011208458723040918,0,5.6105345597521079e-07,0.003226118110599654,0.0016554825405275589,8.9283705436359196e-07
F99,0.015570760055007427,0.021032638562695723,0.016720147638673501,0.024810991618725887,0.0094723300780784545,0.0089607910825348046,0.011057038890749476,3.0072647719994667e-10,0.017523282034100755,0.077442285479420225,0.010549193290748856,2.8564600503805727e-10,3.8291348429079725e-10,0.012247492431559107,0.41066834579930467,3.9144236087253065e-10,0.014848434775233576,0.010029577073785489,3.1224909563479317e-10,0.021075493464142298,0.24219584561790822,0.053407626861418901,0.064426909175080121,0.012702476864316411,0.022026922771558512,0.014974513039230279,2.8498809472799526e-10,3.1822123275491879e-10,0.061898538506757542,0.0086831580752823184,0.86141206539272519,0.013633201367700076,0.0063715699920417687,3.5083382685058397e-10,0.0081692038267806681,3.3073991842766898e-10,3.0135749493897148e-10,0.0024442613885491586,3.1904830831339049e-10,0.061645221893195296,0.023445922781319885,0.030066939799494655,0.0930008778222913,0.10394702500796719,0.0068540986295707838,0.0091917440915545105,0.019296188171408803,0.0091931227971540578,0.068650551324374101,0.040797649863175738,0.024256310886670227,0.085112364045385802,0.028808945518924971,0.42960708845210022,0.013748169194820132,0.077920320259861994,0.012888749917931833,0.087986138296559976,0.020729454825937934,0.18401171169054339,1,0.0079550001052579797,0.017360327308618834,0.20828778821213331,4.7543434220217583e-10,0.18345283406798146,0.024190225202359077,0.057508478391959418,0.16452234093064697,4.0463973417448525e-10,0.021584079636363721,0,3.4035906399136044e-10,0.24327855287313996,0.084766344878766664,0.039713353058688242,0.15496766457544481,0.013237980773536679,0.18546785834206653,0.033718690223544588,0.1180219552279833,0.22315838841438326,0.0090894362237524933,0.06361009797748414,0.021189407842598887,0.022974851542975613,4.9054378198317765e-10,2.9860996644738147e-10,0.0024066577301263001,0.016192803414583665,2.7058561048891454e-10,0.025568799680489168,0.046091890305733949,0.072270303643820547,0.0044381465869349065,2.94505083160232e-10,0.0071493297326589381,0.012132245600560577,2.8979212087226741e-10,0.027983819343423096,0.052040623061285832,0.053360929166821981,1.6756942919004422e-10,0.018606870203097273,0.034804561719518547,0.08510008020402425,3.291624696023759e-10,0.06809416813395211,2.832074068110293e-10,2.5869868619431189e-10,2.9415275958152819e-10,3.350391861605877e-10,0.16566656252535022,3.3370195563368329e-10
F170,0.055048715255716092,0.063575152278291053,0.05323720397222776,0.061558133966210397,0.054002695372567341,0.11711327511285709,0.39470608072157459,0.15578416134470435,0.090156709028890877,0.21704052575827829,0.29158996568613771,0.2925747148915871,0.10982239535137223,0.6839727956551851,0.99105009346791162,0.69516194067674508,0.60589369249075797,0.49470229570780094,0.39712285829355837,0.075676946207195409,0.34642863864700957,0.31253804316099915,0.43734457511646618,0.094410641658488267,0.09504017448116725,0.042983885876461292,0.072143593965970323,0.066748815907711312,0.18898475432132639,0.49706656543482125,0.13425509468756577,0.14423334400156138,0.10453244102134165,0.21267186490051809,0.19436218584127071,0.17379431178201965,0.074650654076567999,0.13837341203718156,0.18593543671542667,0.33372943434104996,0.12318236827622717,0.27709100743561543,0.3226421912647609,0.21678735701485416,0.12327506100246292,0.33820519438388452,0.16920991612634462,0.55127059237269749,0.15279380724819061,0.23137875902046937,0.38142417849039151,0.50404210207101663,0.42146905121079531,0.25965941550892718,1,0.34119389056127952,0.19807598015737976,0.10174814914148013,0.26679921489422587,0.41092362458586262,0.26179562644185583,0.042947160492818159,0.27321115290730497,0.41928190426610012,0.18481363226626449,0.25313610415825766,0.62715724144918772,0.12670232560751749,0.097445023785182203,0.020919408672622097,0.15012462670087853,0.37682358489471013,0.28695226772817639,0.68256631965896408,0.43152059126927328,0.28309689417746009,0.23032428014677125,0.25647538395222036,0.29885036483276184,0.094659020577555375,0.48423317768880936,0.28186604374332547,0.083701653389618366,0.049365114539619295,0.19391712631540273,0.099254567378178421,0,0.3621454439756645,0.077014354216893927,0.20645461741077537,0.32596412381003126,0.12497226272572982,0.31848933428161968,0.16617755848122745,0.25475812845545259,0.23415132182010956,0.19653784522470538,0.38187515789113902,0.058862610964137294,0.56149579039029152,0.98080298877588012,0.36434238133213998,0.23165380587562384,0.068053230666484665,0.1009060983919684,0.32915832130843276,0.20909019779037646,0.23189439304733797,0.10779601942121922,0.063556826113925172,0.38139484024955733,0.26830722985286509,0.43168052072972857,0.071905457761756372
F104,0.026379299236010019,0.023035410779084144,0.030102585364614218,0.035612615611915283,0.012743724863389908,8.4346061323914691e-05,0.0088965208162731894,1.291554214863671e-05,0.0001226056315922412,0.0024836043908880979,0.011654566131607449,1.917080427836734e-05,0.07542953885661989,0.011127943905543468,1.4137053857545648e-05,1.0088314184188015e-05,0.023808283766141504,0.0039426427187415954,0.045723384401273374,1.1016496712542095e-05,1.4315619291156323e-05,0.082237825271526677,0.043029088399489865,0.017838379371876364,0.012920970637376454,0.024118038070874058,2.9244292986357106e-05,1.8261986050398268e-05,0.088425192217371149,0.038534900981970113,1.1268725782251592e-05,0.0019601826943308736,0.00023052999154125244,0.037731555394160156,0.023711138795880441,1.1863252221031326e-05,3.9142311821416614e-05,0.012269392064169889,1.029932584269955e-05,0.087889796308697407,6.7444983234496561e-05,9.5058313927672561e-06,0.062559864681276139,0.029758421178123357,0.015270818681960004,0.059473755074035267,0.012262231878862349,0.060166677031097959,0.032745623783700967,1.1315564336042106e-05,0.034594143690055278,0.071029511071442092,0.00019736334975561668,0.068119834927040129,1,0.032087687041944986,0.077067368708819958,0.039012025889163512,0.045877142433866959,0.027435963620420525,0.070829524103484462,2.6071576157976829e-05,0.019292032156614122,0.35760348490956029,1.0183308387530004e-05,0.11234904411157984,0.028045447293384859,0.013217755233071511,1.0088954736937206e-05,2.9260074437694348e-05,0.021403802562888746,3.7775718054276866e-07,1.0083303412545544e-05,0.13560271433784848,0.10147267560667987,0.016584841317887105,0.25527773386963187,0.02140737396753346,0.09219420901683946,0.081237829875726419,0.19391947702814255,0.050592764672061467,4.3747929767055061e-05,1.9380912602315231e-05,1.2337042697828265e-05,0.14055897976308579,9.005777982646078e-06,1.0879601203031156e-05,0.026894340769513757,0.02076357852692802,9.5317326079054189e-06,1.5935772399993055e-05,2.9353571985089675e-05,1.1098960795485816e-05,0.022739893071136046,0.023171386922163525,0.05897894599191731,0.021894262711942235,0.0055512737528913949,1.1498701471980678e-05,0.26182315078812701,3.18199184441612e-05,0,1.170860302058197e-05,1.5056794422067114e-05,0.027325773423014406,1.1595711539772288e-05,1.4310224751078195e-05,9.4934370092802242e-06,1.152945130903343e-05,1.5145711870407729e-05,0.2694095275257094,1.0949021434938187e-05,1.1261084225427213e-05
F35,0.10033952035238874,0.19286123950852155,0.072836443388674385,0.16708755035210235,0.061427773751649803,0.20350167844595279,0.2203625870215758,0.13377613173546724,0.10293456280683382,0.13853693903871553,0.11493707019098261,0.70411106267445089,0.38171100221458143,0.33990888993605228,0.45441220235172364,0.47427154629408264,0.44975828788224237,0.26546170358600402,0.4014835176184311,0,0.20577550080389481,0.14234573536795378,0.24024639824279839,0.077611778145313351,0.20224697486861512,0.087355003090536329,0.101791210923992,0.26140076790175548,0.21114088319607754,0.37537846291506866,0.095693747859716544,0.09808400183905007,0.067995511348932267,0.087573896023839873,0.10584940224323607,0.026249083438035184,0.085139416124109871,0.061282528149664492,0.11542729068756799,0.29558910949914297,0.14929506279663438,0.056045673351719179,0.15694260214018207,0.12612045961021121,0.1522192575493824,0.39228553086165813,0.12321334556238603,0.18163012641738269,0.17554004895945319,0.19345919175135221,0.32984228411919597,0.11237292846880875,0.10301863328682108,0.1790824297117464,0.26439206688008798,0.13082128179692143,0.59456768002310889,0.66162241317357484,1,0.20624259369666564,0.22086859923862495,0.27626799496125148,0.16852304579723237,0.21868840043123219,0.25906787049932117,0.10878264014547336,0.27211708833603859,0.29657683352297337,0.2196719882388119,0.38816329606829075,0.16726309175042889,0.53303604997398346,0.18609804886422435,0.22873311402986354,0.27369213154160849,0.27564934522959728,0.11419573120149296,0.1676678670234179,0.19595783380997672,0.44093141742585923,0.26847602950389671,0.25855404792136283,0.11435634257046394,0.1270449716869636,0.40211067456362393,0.54379115695655689,0.19450023843473008,0.13105166440544608,0.14105115967518417,0.75128200886534169,0.16193637166596805,0.21710083982981207,0.21673982798283006,0.24449280668975418,0.32211097765514868,0.082898527317361859,0.22855766582735784,0.17593018766048518,0.24431176143142785,0.3248771752284989,0.18773563630686568,0.18688859590757642,0.26865098069908588,0.10963714330679172,0.047516821409628533,0.25880039413221012,0.12344415711483228,0.10143746859393875,0.13756914829951483,0.046936286227411771,0.11699487177244132,0.1521309310918138,0.17657266128308849,0.10232757608360871
F63,0.0053204700976991611,0.06373195983750847,0.011783424834952302,0.0079234804596409556,0,0.025993989793967002,0.030500525519887869,0.046516013152590387,0.00098316119445206727,0.10430605404871079,0.074448141917179536,0.078712892149948435,0.052835691372597589,0.31466035873860659,0.77150477945752505,0.90924700724762919,0.17769793030127812,0.10456507387142196,0.08691411990532745,0.018361420663503374,0.45225183332430513,0.075410457204411821,0.094032365145591074,0.0080518834422603075,0.10685556369641151,0.032496424945207401,0.024078304632651888,0.31390548767384885,0.35430838472143322,0.36804735460211202,0.53856562363853899,0.063103487589913618,0.037971216177561759,0.058625545765464249,0.12280233918672746,0.011667494354380142,0.052182374691536415,0.015137908032334437,0.0024298932306329227,0.50364485571224238,0.071447569856405685,0.10202565625474953,0.12488922902073936,0.19125897190107699,0.033624367375950225,0.2112352208188612,0.087472195532196637,0.10437791236306361,0.078590653155651516,0.12489407062625069,0.26197753670750584,0.14843581021998131,0.035123298532707105,0.34002064484309313,0.49200632588881354,0.098227815630876777,0.70095682644511781,0.44523168855294015,0.32561199246096922,0.29348343151062717,0.36710478816978909,0.18935099555480944,0.066212247815395905,0.43306772520695536,0.152921851964546,0.21710857558610086,0.47804604668015366,0.21025895123778662,0.48745023997929937,0.13088527394205307,0.1337618223618148,0.079483964082313771,0.082194656371257696,0.5558436480575103,0.2503748602377639,0.54993128118547863,0.31016583219446653,0.29741476819350915,0.44432029402665973,0.25989926417320908,0.48865949631223243,0.26593672915384042,0.12613377780129867,0.10051937185610807,0.59830901031274719,0.57732966559126719,0.51780941186962159,0.11877532435349236,0.091070710196228505,1,0.14003779437574132,0.19679595832062846,0.47940430756312746,0.26120981326834158,0.21896963600544067,0.054483144197248742,0.26932655407058981,0.17268025491108352,0.20048562078990922,0.63583989166757804,0.34260355470957482,0.10987402608709879,0.15920527477232624,0.031135940779808476,0.037646402516979066,0.25918438593830423,0.051414012407910464,0.051664138063365589,0.062461789170451774,0.04987701386385384,0.030314274136367381,0.058399697712849793,0.16836455776695139,0.055489548224713574
F192,0.0050383710422564239,0.0076811870547869188,0.0058679430228796145,0.0046769098157432385,0.0054208410957313395,0.0082151162638894517,0.012056374706517808,0.0053359330185007827,0.0036015427669855845,0.012743725768306787,0.0032762709399787814,0.065651773555128023,0.0083874596819192224,0.053204165469125438,0.34792469270021936,0.47979439341676078,0.03577453965660455,0.033474278233048042,0.0080738650850902417,1.1046984054918542e-09,0.21313856417609139,0.0076588423734416629,0.16466513253514978,0.0016361325925802282,0.0050506495564965571,0.0056229376700233291,0.0067718420362016182,0.022334340000152424,0.016333298994128227,0.035444776276240555,0.61246031473302898,0.0051777399407812799,0.0022536880481055003,0.0045073402546414653,0.032052772079241017,0.015169648482498431,0.0004042575292205504,0.0036019878097080277,0.26905423021546138,0.069738760134874705,0.016941093114527909,0.048766179416798727,0.011100062984744403,0.21627131033637398,0.0069192728584459122,0.029244235709355627,0.003899671953697682,0.037829024560216341,0.0091250912649639936,0.068607514668574968,0.042874165918399973,0.0097260836589112189,0.025818450359489875,0.15479889059350777,0.046320775050602482,0.015415091777564361,0.44684800849860218,0.047673420604940175,0.1263926655748599,0.11770792832712913,0.038911103159901796,0.044443820738734159,0.0054243417926042852,0.10394982631110522,0.00080197281101229841,0.11968059406696656,0.018276147345329088,0.023157260805358515,0.077749645302292877,1.9587819568482133e-10,0.0016119589302656908,0,0.063896868775259116,0.093270479191699562,0.19200653365493758,0.10192058426207315,0.12593125468475727,0.5177568674006755,0.12861447256558731,0.1121621045618198,0.017452230665771583,0.14068811653778654,0.067637442067026099,0.004360030565390186,0.48286781516922117,0.046429833382470843,2.9907035952317229e-10,0.0056412846008904709,0.015302617327881945,1,0.21667168209895135,0.22726522221586676,0.136795986892817,0.15730184704747896,0.12259060461724683,0.018718480208992101,0.067153607346374225,0.078891514915645153,0.24144971966293577,0.20961944724128287,0.027868728839598563,0.15923640566004926,0.12682524425424022,0.0073077182715646062,0.0027569876212627359,0.049968198854125671,0.21966523760605197,0.18693302033048584,0.12722206516989537,6.4919649310163072e-10,7.8327630688693897e-11,0.020810296345790767,0.1199512041766268,0.014079609712340856
F29,0.0081506102836537246,0.014836943152625919,0.014746102146844608,0.014268529164163785,0.042383464767475842,0.018080580853765831,0.023791979861447075,0.033952239696882977,0.015313020514096234,0.056909217606540573,0.061745955865534066,0.050340596904843694,0.087566760835713034,0.033763592791997699,0.063475351965710428,0.22291281638151519,0.087786959836805248,0.026633692861590126,0.039513496812164546,0,0.24708583198654352,0.040256122903417318,0.052255870552868178,0.035471576252481207,0.034064755534203101,0.054322990887570158,0.051709126815083412,0.054323588869603638,0.15029524127687868,0.20218799504428486,0.14350863369025135,0.058373282874524972,0.050802055425799381,0.060997535252781517,0.05296409156592409,0.048815622300969697,0.10640223849600948,0.083594453574198924,0.20743124494076512,0.80891202781426896,0.053976921870888851,0.045661297212613847,0.087490492506915776,0.077781695906478071,0.028262699649022116,0.079016569081950261,0.087622172609211305,0.037292821021548267,0.037084063538496012,0.081497554269557446,0.069305338906424915,0.084110508310823603,0.021183534901125466,0.2366607548674069,0.42071897709677752,0.043584614644798327,0.2091573603094482,0.057668308246370134,0.12276433576527018,0.24860781318644243,0.71775713331003421,0.20596775978582516,0.061510550844253588,0.36714226868109345,0.45747606819212339,0.219927357515527,1,0.056471734037165183,0.060047943738066795,0.079145282074153986,0.22503413793152297,0.22983999632254096,0.16064178793541259,0.41063917055391275,0.25513812879643555,0.85602598327869506,0.18999503146989091,0.33901288809635793,0.23163966011517784,0.3005709909773524,0.54700668619126092,0.38742236456215179,0.24942568857652272,0.08799592846619303,0.28445731295329052,0.31471334155505776,0.48585238903115602,0.098336264176790159,0.15231789815308305,0.36622023710636781,0.11339652177841157,0.26853817919879602,0.26743615729694376,0.31893690236070893,0.073867168458382024,0.067624159235166861,0.18223390497736941,0.13607449959000895,0.12167752468486853,0.40705569051156992,0.089524791314237448,0.075412824221228511,0.054889374778398579,0.031816718070823487,0.049680339673681177,0.081774801708307823,0.19570789606757275,0.22016368690247023,0.04634291513317508,0.07033999524809835,0.067021174950395709,0.061460654117092187,0.053883759853593123,0.11371476641726053
F117,0.0050368560858886002,0.002790608376693776,0.0060997126773285259,0.0032709848179333372,0.0057467762531283129,0.016720613505456828,0.0055306924133326019,3.5644939987301191e-10,0.0034379963033322365,0.00078304359543044657,0.0092047390732983934,2.8129814314518297e-05,1.2234775840596525e-09,1.5661733998365311e-10,7.2253820820281318e-10,0.035492287557396224,0.00055800752403769563,1.5524226563050319e-08,4.6709248193879604e-10,0.01375184716401022,0.08184762437340308,0.0036620135511625557,0.012772931500616163,0.0031152876304407122,0.00060201303177343434,0.0045756506448877687,2.8071029183512356e-10,1.2628674969107181e-10,0.00046358542599578186,0.0024331374036287339,0.0038269222650345134,0.00073665745436485471,0.00046952285271348125,0.00084047084571702805,0.0010641871447976152,0.0037771373729721305,4.3124013011907364e-10,0.0063356278796686911,0.049265686387623187,0.13490865792117857,0.020655586039727915,2.9883564490835657e-10,0.0047382429562715673,0.059210285630827239,0.0045620863837124029,0.0012581646437169653,0.0040605089027469935,0.0012577567686937532,0.01213850703949565,0.011212041399281256,6.5371112354756468e-10,0.00013116898280502007,0.0194114290715027,0.011648236887111968,0.00055951812564178371,0.013322371460306636,7.4703575563204131e-10,0.0033037089209383475,6.5347484081105294e-10,0.063999100594286956,0.044470688827821479,0.016214182198348897,0.0066667580447672941,0.025004729650681796,0.096631681338841938,0.010077228262388445,0.0022145177711814842,0.018221866825120839,2.6761887716049764e-10,2.452188881976459e-10,0.061180176456703865,1.2172843347632321e-09,0.016008624897899303,0.017955201983308869,0.14972672808741305,0.075968201916983377,0.026324712912141387,0.052280567672974988,0.027743434751340099,0.11446935922539178,5.3392225686982551e-10,0.35166973652857159,0.041487853457345174,0.010425041098283381,0.26567202971059711,0.46000510352608992,1,6.8217749826376955e-10,0.0061491861784300833,0.093656490299830863,4.4756104871665371e-10,0.082304110662746052,0.031470842093148842,0.8280068385998508,0.0019881556543094106,0.019795652868018859,0.038145994570561927,0.0044162912591916665,0.040613308895545243,0.063640074574853239,0.015524862648715262,0.0087369322276470342,1.5816250437500451e-09,0.0051408090818423589,0.0099504094074227226,0.033840518764112835,0.065502968595831518,0.087740004871762631,3.5902657412687575e-10,1.0708834624549261e-09,0,0.011691307163931705,3.1508375231476518e-10,0.14860837361917237
F169,0.0073676587811357967,0.013475348093981227,0.0064472685540960285,0.0060067535927535399,0.0074604107561681669,0.0079340973726564172,0.011180070021605627,0.0074003811347389745,0.0096624623044615342,0.019914345593527387,0.0053717025771927119,0.043165042285407657,0.0078755603064430621,0.048864236117231168,0.10650844613431965,0.046587964299049475,0.044821439449988627,0.053110949601294019,0.016328148598248163,0.0074875228821888098,0.015458709552026469,0.014399567668622309,0.086352704794160004,0.0072917960667341197,0.013191767732469011,0.0065368850308899192,0.008009626466994841,0.0043586136514046272,0.013108098092348272,0.0099641137561233117,0.011621266647636318,0.0067611902482920504,0.0074483933494666477,0.0045343471846270031,0.0065603622562660328,0.064029611862345626,0.0022020029469060794,0.0071934413671800408,0.0015958623796293518,0.010896379000172563,0.0080710304269093688,0.0047016298068264231,0.014124445678925786,0.015357340575772194,0.0089687139777180191,0.024255504061726021,0.012233558367241189,0.017001012602489519,0.0077352056957323088,0.01884661467857492,0.037823485671818487,0.034465108379908981,0.0092561407661497942,0.0030479571659956495,0.0072190581728644298,0.0091228757421379734,0.0016907382736705443,0.0072271954109294628,0.062805027442305414,0.0016902244453474041,0.006574171305829748,0.033057672925605797,0.012546870618721097,0.015948833687825695,0.019298516764724796,0.0072928104562842736,0.011479279571364413,0.019649158657420104,0.0048715090761634874,0,0.021124779372050411,1,0.007464134795573436,0.039581733665692655,0.012555842750132362,0.018508507333637597,0.0086121205532092744,0.0099919931974374564,0.006619078275555133,0.028846630890232778,0.01642439537114616,0.019187444296969548,0.027035548051284063,0.014589975263659953,0.034145244502031998,0.03815074693944729,0.0073201847075254839,0.014066044756795449,0.032451496872270572,0.030856927812158142,0.022144105126139152,0.0094241192121520111,0.040632594732719594,0.037623996806875865,0.0229953471074206,0.0070575640020809167,0.01234300852532981,0.01038331413274847,0.0056399420598719939,0.007738448378705339,0.021082742796482125,0.017124469398576519,0.07932106832560662,0.0032706069053037427,0.0015246139820444425,0.026239003273651734,0.00509401597639411,0.0089988194746086526,0.014192967138940447,1.3375438649584133e-07,5.1119506712157296e-08,0.022339588673740148,0.049033288698741871,5.269421235995302e-08
F50,0.0072800388551401687,0.013202653004754211,0.0064339229168976515,0.0060242870891171569,0.0074633087813976585,0.0079341712576648706,0.010107707000419314,0.0076572013362504405,0.009767940812806495,0.010943883026600513,0.0054196480765745523,0.042626880703881237,0.0078768651064716408,0.048794873744830401,0.10604692979193164,0.046654622079788606,0.044620134318833736,0.052187817658541816,0.016349106233490958,0.0074846454735418132,0.01545408426045008,0.014330619392493442,0.086106854270147637,0.0071748002098997203,0.013198086028423359,0.0064364660191465395,0.0080113929025700768,0.0043596371923631345,0.01263600656215084,0.007826613770308544,0.010897017764205558,0.0067664254792580165,0.0069811903107837407,0.0045329585601607113,0.0060630236447733977,0.063987839781456182,0.0023737415758589334,0.0072205337563089845,0.0015952994407685914,0.010901782132251832,0.0080852053705518755,0.0046967524339497297,0.013186181690640333,0.013824034725620387,0.0089763767257265616,0.024096684245389809,0.012254467714629944,0.01702101835413744,0.0077831279592469414,0.018826319008714513,0.037187754376749774,0.02016590640913481,0.0093144179648638609,0.0022138222084479471,0.0072008583687514921,0.0090500224608821029,0.00094713852132720367,0.0051167343938317809,0.062855255895670134,0.0016897535388323806,0.004560230973725498,0.033079469125490042,0.012571798612596143,0.016064440590842482,0.019316380270328337,0.0046308035350918963,0.011476143547928487,0.01967076155731012,0.0048650478376841173,3.3589711721094869e-10,0.021133887165660246,1,0.0074981128174605172,0.038645459832484776,0.011406843658698507,0.018290811282200867,0.0082434998281558664,0.0100077873405723,0.0052935890455742653,0.028878632287551984,0.016416988308644034,0.019215193729236971,0.027059186560111526,0.014595590396171207,0.033969320519086132,0.038289815471028422,0.0073153555612214373,0.014064295152040166,0.032487998415550071,0.030902858947851716,0.022142005507188613,0.0094452118781267851,0.040656810192438775,0.03762497518457944,0.020893519480219339,0.0070607137424893943,0.01164254172209863,0.010208951525992011,0.0056368771191649767,0.0077759475021688604,0.019387010550513235,0.017108660089862303,0.079394188791001893,0.0032738558053010836,0.0015219489389324925,0.026221448306059367,0.0050911215668752044,0.00337787333244871,0.014330567288223229,2.9009679977446948e-11,0,0.022295162853130497,0.049384987364406933,5.6832113335592492e-09
F135,0.018328756317537921,0.046359982702469688,0.016457777582095164,0.028319226579845393,0.013157071896198112,0.016690429760484838,0.061160389834617544,0.020754627980159392,0.0329231949514939,0.036589083963656302,0.031318741470519613,0.47715624898047987,0.37762170712527143,0.095179430829099423,0.067840204696152484,0.14615864970591552,0.13123457415824652,0.030387638849560087,0.047276243952216704,0.0038072317990189837,0.075953243892391498,0.02864855713028007,0.06357545020946756,0.012908582019466337,0.037761021326335735,0.021148398765331061,0.023733952321813412,0.0068216607829515831,0.033722055596914983,0.078215072640666988,0.03065957365291094,0.023474833387594124,0.02147266044503212,0.046895690270768044,0.038329567291890805,0.014295393661331316,0.017458048498899682,0.0098497060508257617,0.065125681823955242,0.10512837671171923,0.01301621145147961,0.023412121882672884,0.024376608408949518,0.062366630888657557,0.01670539221246076,0.12481393388871431,0.029581030281148502,0.037744020389746953,0.03636323759798539,0.039890291391736638,0.1708217844657578,0.023338500185462584,0.051816831029409281,0.03315925320172991,0.02683283296880053,0.02988844798612534,0.074014402223916448,0.38058706517830643,0.24470098207803415,0.049418252605552312,0.06071644654021606,0.034516805177795144,0.04242092930163481,0.13395464826340861,0.023290269108588661,0.058874704334074567,0.1023824231992744,0.061482925191304702,0.70958504886566032,0.12871543583211459,0.014935279173701681,1,0.066537357494717939,0.057404590507211133,0.10045674424631627,0.12555423780906844,0.026501915382472992,0.13008199125825581,0.037168647320453788,0.12090921278862996,0.022853344360853452,0.083929696066454298,0.035458797470673785,0.01977836746118555,0.088627718083129997,0.12537283350004882,0.053445570217118328,0.025683862491129868,0.033541991871623898,0.19880941113256856,0.1546370623335159,0.038948249833072227,0.052804845318532481,0.09283383248582483,0.054899859726711138,0.021520803017669295,0.068851942761514989,0.1075813778126502,0.04408454683883737,0.08627691587926492,0.084094930649546845,0.072357554907460389,0,0.022799979624156783,0.0076867165847751611,0.063539747867151539,0.066441640118047818,0.055175057818262901,0.025299356311042947,7.5199436608270248e-09,5.0489840013393048e-09,0.021764703476436921,0.030081120757214669,0.0006342747771838702
F198,0.0060072474043589398,0.0043515247792872335,0.0040494035880479498,1.7351057669717373e-09,0.00081443725296945441,0.094742448494137654,1.8440395165932297e-09,1.6320012859354825e-09,1.7223826897299243e-09,0.23123258940701102,0.0007756415054046092,2.383243308242746e-09,2.1316871344080446e-09,9.7944087282499077e-10,1.1164221990343463e-09,1.3997022031897424e-09,0.0099103857638667258,2.0835881709815459e-09,1.631596133397928e-09,1.6171832588373466e-09,1.7210666597772493e-09,0.019598962938269435,0.057176956236182824,1.9370614364879315e-09,1.8150476345711246e-09,2.0997664849083737e-09,1.9519259730146762e-09,1.7881332797883646e-09,1.741669131744438e-09,1.7179005541050335e-09,0.1302293855055032,1.9326322213800687e-09,2.0562615131018111e-09,1.5562137603233868e-09,2.8934993526153671e-08,2.0507385178505959e-09,1.3638241671370509e-09,1.8709370712933495e-09,1.8654199226886819e-09,1.8846687605671586e-09,0.027110548769975033,1.3493079193883365e-09,1.6946437680150547e-09,0.062618155563629027,1.7876840423524398e-09,1.6144141803048889e-09,0.02717060924415474,1.9430507594830732e-09,0.071292286770300348,1.8840670781806261e-09,2.0506354078316233e-09,0.24851094235411705,0.087008717193796103,1.9919736906607901e-09,2.2272707581311525e-09,1.6359884336658373e-09,2.0662358822618244e-09,0.089003193065996175,0.085462157187044044,1.5355563491270805e-09,1.9935547560729792e-09,2.4394123960947735e-09,1.2493457482038357e-09,1.8790133551146434e-09,2.2468130408110096e-09,2.1445966523042042e-09,2.0424792581046324e-09,2.8812880213432817e-09,1,1.0806356279442968e-09,1.8551174468280208e-09,7.4819846435127786e-10,2.0767766742900529e-09,1.7552188894979573e-09,0.027691763329625956,2.0005651850753117e-09,1.7862251931120164e-09,1.5502623669969493e-09,1.8872749366547909e-09,2.3318408652526864e-09,1.5471996500721517e-09,1.2681185202619185e-09,2.4721804248460461e-09,0.0015138948224098215,2.1276702315855608e-09,2.2182796032697484e-09,1.9073041486037769e-09,1.6715943038857061e-09,2.426716846497103e-09,2.2010898202401209e-09,1.8753686052018525e-09,2.5595271136868456e-09,1.8828531825091375e-09,1.6358749883114602e-09,2.0639543864728903e-09,2.0231914250420609e-09,1.9971597337140331e-09,2.2515239403775185e-09,2.3692853284026301e-09,2.0773364300693957e-09,1.8517478174402889e-09,2.5534518059160678e-07,0,1.9147628637413781e-09,1.9618835766452289e-09,1.8464422239516532e-09,0.3724714523363517,1.7270216997366474e-09,2.3701102739341946e-09,1.1596655568057898e-09,1.3331082665398482e-09,1.8629913008864398e-09,1.932696879734951e-09,1.7313043752240991e-09
F174,0.056821344626308813,0.085638092923133374,0.032391594508925967,0.26355909400475158,0.093449499669788896,0.57132211604312988,0.15130988391059588,0.35909605335913714,0.055372225154165733,0.45744677845025633,0.2039102530931434,0.13644127906908562,0,0.37220045064597534,0.63355924060670143,0.52321120917674069,0.48363141349805289,0.64500501880342043,0.40479326048338482,0.035376948213487899,0.20430765855612004,0.19176696470427865,0.43201436035056134,0.048114345964350727,0.16890789035910064,0.02384558299444561,0.129033139687634,0.35965766107142444,0.23843104983105112,0.17397646806442693,0.31682958608158351,0.068159201264444441,0.05998775712367399,0.05036969454137985,0.20815185122037008,0.046765288226326925,0.3382167828266151,0.15916989805291287,0.084374774076616588,0.09054266262461419,0.58613271594656502,0.14599820229449273,0.19022213081772732,0.23141820279450845,0.20975124175629689,0.40610166231776368,0.21001247298161474,0.21368405897481543,0.70208775662900946,0.29008349437868985,0.33738684441009598,0.26381003490103083,0.27682408754432059,0.083102944176199192,0.020402356775118778,0.20507125000125181,0.069610509152741362,0.30411298289974187,0.39326762199056015,0.0068495029948954121,0.10511847367979255,0.2232138967389147,0.12855689567431236,0.15249324617530199,0.37795432991824818,0.12423607318414305,0.12677228709992894,0.16436645463989058,1,0.48427136107028379,0.18586471892745129,0.62254108124581498,0.13876039534262916,0.21630120063393327,0.16536033360911132,0.080419085597450965,0.10289061850697254,0.10256513077826819,0.041114326709234532,0.21623341358100293,0.16490144483701988,0.11254939402536492,0.11182511922651023,0.15878727810863844,0.70042243461226061,0.27987283906931165,0.04190996703849504,0.033844467885219963,0.07896107167511357,0.57681104108607284,0.4665887752386601,0.50634242713647903,0.32500718703035036,0.16927394590607764,0.12732997775853808,0.034325979999099976,0.13419827223313882,0.26710550312234121,0.090009947444678454,0.1336544031116948,0.27817420595181047,0.18161692402388813,0.30725475866210433,0.098386943649287448,0.11742035504566177,0.31487563506955052,0.10974937597837071,0.090112096695394203,0.75472660189094465,0.067563042444682891,0.022406713064223482,0.19088378381767132,0.4692623542647113,0.19942531376517336
F115,0.019145112041527492,0.046221661498545577,0.022139349760541122,1.3051247418495022e-08,7.5545744507036734e-06,1.3052758357916138e-08,0.00053805179157087395,7.820666548119087e-09,7.146740077788289e-09,1.1346170558349543e-08,8.4122908934781569e-09,0.0071096991431512588,3.9636102016700336e-09,0.0050521956790982123,1,1.7251510677665246e-08,1.3073255040330222e-08,8.9052082249816845e-09,6.9072174497871243e-09,6.2508109209820989e-09,7.1641641699479823e-09,1.0369242888908909e-08,1.4709915264227977e-08,0.0026241062516344808,0.0016157937182866013,6.7656451906411861e-09,4.7889951703001182e-09,5.9449966247381955e-09,9.4472341020309852e-09,1.0268752896788787e-08,9.2799093815765837e-09,5.5586248306064592e-09,0.012862193747473901,1.0807693027161981e-08,1.3684116266676234e-08,2.732169695540628e-09,1.3241258429140265e-08,0.0013477547577321416,5.647264541957447e-09,1.015102742337869e-08,2.7270366721758137e-08,1.1114133079912536e-08,1.1001455261771638e-08,1.5885662364059567e-08,0.00089226433931622207,0.00073755782859583963,1.3053314635121681e-08,1.7662784665099476e-08,1.4018378513867982e-08,1.1169623374175996e-08,0.19325193265468973,0.0053616072253849746,1.5967940749710941e-08,5.1556567061328591e-09,0.0020359841425590538,0.0052313457652079795,1.3093245434432218e-08,5.5167972289017193e-09,0.001479890249023864,1.098347350282884e-08,9.4571700376133743e-09,2.214178414308283e-09,1.7617738916966358e-08,0.99301387890699344,1.439788162165819e-08,1.1047866154078068e-08,9.0816589192376323e-09,1.8733030287591627e-08,4.3417090131067297e-09,6.8237496736717039e-09,1.5767951868500862e-08,4.765773175852051e-09,7.481918814543881e-09,1.540897575993176e-08,1.597629117594178e-08,1.6839500345683152e-08,1.3188273633267542e-08,1.7547373816741174e-08,0.080947381412984104,4.0227557833586975e-09,1.7943585890533041e-08,1.7868341204548082e-08,3.2914601094600442e-09,1.3721304975505025e-08,0.02661424187501997,1.1355679455008437e-06,1.9875386347216488e-08,1.8844029010184535e-08,7.7625614520862359e-10,6.3110387910199447e-09,5.760586583487168e-09,0,1.276501622393778e-08,1.6159117453051358e-08,0.16150429108728462,1.0508880293403906e-08,1.1447855917137134e-08,7.9363203055455796e-09,3.5483870605725683e-09,1.2222835802413055e-08,1.8279136822309549e-08,1.9429452570836719e-08,1.7279296130436301e-08,1.1564219680904131e-08,1.1913799859490609e-08,1.1631108893711622e-08,4.9910850462775703e-09,4.730574507086206e-09,1.6657872656540215e-08,5.312836431852111e-08,2.9443389069678365e-08,0.93649154349653363,1.7249514376063702e-08,2.9447906986101821e-08
F114,0.038608016137674693,0.14344565778955057,0.026637551111551652,0.057381596973898802,0.051280611409532363,3.2948510033147611e-08,0.014565217904780726,4.1432156201352278e-08,4.0161056204885361e-08,4.0156021051653263e-08,8.6883180519503163e-08,0.0050395789651487615,3.0763664043715181e-08,0.045556583837067406,1,2.884641458373782e-08,0.0013012276447538699,0.29366409203043481,3.6770102560466233e-08,3.3152935166633041e-08,3.9389069597318219e-08,1.8021897345186943e-06,0.025438791663858335,0.0098327751590895577,0.019490709391993329,0.028309842133674355,3.6757291322762295e-08,3.8186793084390859e-08,9.646873104927088e-08,0.0065343861091952905,0.063057785756743673,0.018848898108511737,0.019673667920317228,0.0042635887752457179,0.018081981568335355,1.4261073321729954e-07,2.1011245406819579e-07,0.040058466944942188,3.821891526027045e-08,3.3116721225855285e-08,0.0019571790413995976,3.0083668613212468e-06,0.0052957220725030679,0.025613325580797767,0.0036902186014046903,0.0026996084393269607,0.004418337474970546,0.0022868026294585509,2.1856485128869153e-05,4.049953253430587e-08,0.83483002776095605,0.037803247498288846,0.03441914588819376,0.00068948574450757244,0.00082193166937083743,0.29298129622430114,0.0023762553330534792,3.0497044175853138e-08,0.094669262752235361,3.8197905003462176e-08,4.5577191379556638e-08,4.3693506032289361e-08,0.013174150931067699,0.67551257257190966,3.2982804352358912e-08,4.2568142199956809e-06,3.2992364451348791e-08,6.2685471958938979e-08,3.9287289782769751e-08,4.1117645080286846e-08,5.4068792119658835e-08,4.8267489747371307e-08,3.8172079841028445e-08,4.6321017053694341e-06,6.6795074679203521e-08,0.00386586386166772,5.639528035493258e-08,3.4405676358978466e-08,0.052512788766153139,3.6463609672327451e-08,3.4056819231116106e-08,3.556324011704422e-08,4.283040087140242e-05,0.0026917312465231783,0.035938089397041226,0.0045016744633026122,2.7976289740728957e-08,2.7503121999796352e-08,3.8893652235775213e-08,3.3047980441544166e-08,3.6864246701219168e-08,3.5913352746401296e-08,4.3188408684296779e-05,3.1099747317324187e-08,0.69803635471535586,3.9208312159446603e-08,3.5203575623770755e-08,0.00015257325037868724,4.2169052373900978e-08,3.8224313056977255e-08,0.00010455045015332973,3.9447371033178596e-08,3.8457552970469512e-08,3.2961809322880466e-08,3.3922238045538927e-08,4.148832518485045e-08,3.8190604207818469e-08,4.0603655485911743e-08,3.2145817768350072e-08,0,1.755882589761339e-08,0.6075594951845501,3.6601264464515432e-08,3.461240592522095e-08
F172,0.15485755056945172,0.33515050443332262,0.036139310874160439,0.1503503110793605,0.14912533019865157,6.8999927159277357e-09,0.043480947211559345,3.4208003994619816e-09,3.6389239638650311e-09,1.1401210252437413e-07,0.00068944130703778035,0.01322201541254603,1.9123284511463669e-09,0.11739044009443655,0.55781017807021716,4.8816959261644318e-09,4.0009155890630503e-09,0.035032438451802907,5.1156024115816543e-09,3.8334013939530897e-09,4.1800989853039157e-09,2.5028432782756642e-08,0.076500587779352092,0.042385390923510659,0.032387332997378296,0.0050820530059337799,3.3812215265687179e-09,2.5226352784026335e-09,0.0015415040449725064,6.3783147716899052e-09,0.19212365648436405,0.046572804358643249,0.14258076334147982,7.7642593999363229e-08,0.039401242560956305,2.9198356669212702e-09,3.5120888866932237e-08,0.064249328677315934,3.7120942450130975e-09,6.7358860018593779e-09,0.00082197804681296627,6.8486136781682973e-09,0.011305958707440691,0.079740886052634005,4.3751399452923483e-09,0.010342285398326694,4.3474693325076297e-09,8.8741533956414209e-06,0.0043311489582648901,4.8720421584755456e-09,1,1.5648254619806649e-09,0.099425558206692688,6.019070312371205e-09,0.030124937616389753,6.8873427417922664e-09,3.2135887162822183e-07,7.5873283507128808e-09,0.18948330833578977,6.4255346296823775e-09,0.00081876841987487596,0.0023366441725614375,1.4499342780597922e-06,0.0080399692571460988,5.3938102164872747e-09,0.0083145165708709938,6.9501645706533629e-09,2.5719405092854294e-09,0,1.4726748373771462e-09,9.6254186741364276e-09,1.3296858047594644e-09,6.6586737090125899e-09,0.0053403620898512362,5.4212126611174573e-09,6.4091975238669952e-09,6.3751652857435105e-09,3.4932895608147815e-07,6.0321985457352655e-09,5.4629186172301295e-09,4.975960976793654e-09,1.0110873599085509e-08,3.682141846885142e-07,5.9038995453080791e-09,0.37655420692198527,5.6498589136570578e-09,1.1511272439671581e-08,1.1670423510935188e-08,0.0022470569810787043,8.9973591658955284e-09,6.3735698411379582e-09,4.0874804547554189e-09,9.862620201759314e-09,9.9577111479477106e-09,0.78725072750102743,9.7617493797019948e-09,6.8315506062540763e-09,0.0032567945684040104,5.8924099712706913e-09,6.8187759445261425e-09,0.011302482556209321,1.0209751857217455e-08,9.2879502041224771e-09,6.7933324782901635e-09,7.1932849046824768e-09,0.0073803034096107892,4.582086827005918e-09,4.3735575635150976e-09,8.0000435757632486e-09,2.43963991508635e-08,1.718254845786373e-08,4.1358495906386074e-09,8.7355030182490982e-09,4.9961810324217324e-09
F45,0.13330322838505904,0.2995593798053281,0.029674371341161541,0.0065845100633625435,0.025742535765561406,2.6344371693750572e-07,0.013304268167803815,4.3234217616280606e-05,1.5505384179978469e-07,2.1864766404385543e-07,0.0013311587878977419,0.018716323177126973,1.8863340616320608e-07,0.020810613629891089,0.88163595360795988,5.330338137146686e-06,0.0095533663505079497,0.32460672629221099,1.3043348160504025e-07,1.3942038477016513e-07,2.0872758411942398e-07,0.004133316540815838,0.0151217049211297,0.054649119508012774,0.039707769734848374,0.035875975488325336,1.3078447857181739e-07,1.5496674681817286e-07,1.7155554068909304e-07,0.010582740877160881,0.093884963138840261,0.026540491898508312,0.075586786157918931,1.3459949466054782e-05,0.0145039821848116,1.4194803357702988e-07,0.047352791295983784,0.021846072042324013,1.5459043694133196e-07,1.3998344704204396e-07,1.1545176686712959e-07,0.0049880013925338706,0.0048183804759909347,0.015536137642942295,0.011619643866105971,0.049419153676955145,0.012442873131736816,0.00011546765360646558,8.8890485700120524e-07,3.1874679148440233e-06,1,0.066701356893513641,0.012406130778002528,2.0755232069498765e-07,0.071507610589719856,0.36731730765186993,2.231858035538247e-05,2.0284793817785432e-07,0.05835718651607863,1.59406205423829e-07,1.5558376345500327e-07,1.9181620923888245e-07,0.00017594469891663004,1.376034053889732e-07,6.5195884203228567e-07,0.0028650009059130485,1.4925274343692737e-07,0.004780640997532999,3.9974133360754494e-05,1.8699280854212968e-07,1.5342069436693656e-07,1.2329885074970268e-07,1.4051466141140681e-07,1.785848160575794e-07,3.7691083166711841e-05,0.0193936079910321,1.6188982807106401e-07,1.2570213374635668e-07,1.5729481914948349e-07,1.2967768907381314e-07,1.4700837777375465e-07,1.3535357156320329e-07,0.0069036952809705216,0.023064195134976064,0.57380827223016029,0.011836266149736849,1.526899798886031e-07,1.217264652180647e-07,0.0050325556152744843,0.011120013177883924,1.0583855729107134e-07,1.2280262983899619e-07,0.0090290524040139482,1.2553425053848912e-07,0.49702785265875982,1.3987186582983014e-07,5.4930865164335743e-07,0.0029147691003804355,1.522029803473291e-07,1.5155722314833127e-07,3.7705670956134217e-07,1.4543800471608988e-07,0,1.1684079320497746e-07,1.325342900285879e-07,1.3633801476772479e-07,1.4131835890592116e-07,1.228229657704083e-07,1.1501916949583133e-07,1.7419846866872313e-07,1.8190464837867196e-07,1.7929611652068472e-07,3.9879510560438922e-07,1.2116213482671471e-07
F71,0.054542709486787161,0.090441398057644826,0.017252832878417987,0.0024923282820149412,0.0061221417496784471,3.6394642882784733e-08,0.011715960376677525,1.7732582029608293e-07,4.1573473508413957e-08,8.4434920674689512e-07,0.00029561874841889743,0.017148807400011026,1.4793994257015441e-07,0.062128360385775364,0.58174455731271935,6.0295601222887025e-06,0.002468822756178156,0.29074066821561734,6.5356498195737773e-08,5.6946716162472304e-08,2.7288437404366223e-08,0.0017636936911717901,7.2508592302769948e-08,0.019164198191359123,0.013058379419874897,0.029837690972152841,2.8781461974885665e-08,3.7988979542681814e-08,0.00065998381381416357,0.008224755493715449,0.0095761509485266915,0.0015052415052610724,0.069112900039300026,0.0063412791176756479,0.018260497372086675,0.0037937365052895028,0,0.042865903662874572,3.3366319941057259e-08,3.3437647788847542e-08,0.005453278816115713,8.4416610236499271e-08,0.018722943470309589,0.0010183642697141439,0.0044713885023290566,0.008481981383956989,0.0045803782433117453,0.0048319674454859697,0.0037277664320327546,1.0137306309305537e-08,1,0.040043148088027482,1.2020870465129883e-06,0.00095579315189310034,0.014726095115211649,0.25978618303998957,4.4112889762258396e-06,7.7177086771348963e-08,0.04849497118589173,3.6434884772609944e-08,0.00034953553130351946,0.0010119872915111813,0.016685178916702112,0.041918184890285232,3.2194710117112263e-08,0.0035313945596623861,9.243525291872364e-08,0.0017328393786178763,5.0126617358147146e-08,8.9227873409568077e-08,0.0013667460105338102,4.7666774178266766e-08,2.7859290966475083e-08,0.0075772782074419974,0.0046724190565859552,0.0038782006111206897,2.8654119724933609e-08,3.1995549827776425e-06,3.4839076751889809e-08,3.1626150835740532e-08,4.2971894207309509e-08,0.0038086332886661627,3.3680799448369207e-06,0.021183265855055155,0.16817918483419944,0.0043710059431107404,1.8976742425203875e-08,4.8216789038360755e-08,0.00096564609730338032,2.1008555398493498e-07,3.8978792039597388e-08,4.1009515596528302e-08,0.0026952700462119675,2.3644238581074921e-08,0.4079807343318117,2.9318220959910509e-08,2.0766075134997254e-07,0.0013736911772756328,3.0962736475636389e-08,1.967322920996485e-08,0.0087064912977342368,1.429154062075047e-08,2.3479254932581855e-08,1.523612440936899e-08,1.226506248304862e-08,0.0031692990857075218,3.2201581821598091e-08,4.1206781532602763e-08,3.6759769036714155e-08,5.5332013861665448e-10,7.2959877060849553e-08,2.0393415264109756e-08,4.1125313136607684e-08,5.0209219494262899e-08
F70,0.026975134119779146,0.046800495737548499,0.0055567153694007099,0.0013383657926533553,0.001255332458029652,6.175877512313255e-07,0.0053245532734980698,2.2807528146823557e-07,2.5021445821249467e-07,2.5704128664625637e-07,1.516074138075075e-06,0.018916175453858437,1.9085104825200663e-07,0.026599077616098376,1,2.797211691558813e-07,0.0031350333622326902,0.10691413738330199,8.4695663356254309e-07,1.7457516790879024e-07,2.3818273093463472e-07,0.0015190320479015016,0.03453289234234725,0.011460720534289703,0.030707404357441719,0.01051260539990764,2.4293183565878983e-07,2.3654538855069893e-07,0.00012671167683878513,0.0064846005728381884,3.594582592392705e-07,0.00065889456763751689,0.032327784746024393,0.0061499549785059377,0.0061379853574880837,0.0054277425250133611,2.0520551296195686e-07,0.015215755406441031,2.4406683500562615e-07,1.9790109889481056e-07,0.0059942729276610731,0.0022554331009212465,0.0061696862015852205,0.045957965719412026,0.0042149771998071595,0.0071653721073779786,0.0039736613722288535,0.0068009477038601367,0.003638652544602607,2.7619984878721075e-07,0.5440431617853998,0.040304472353691598,0.031926564167663408,0.0016811058767168979,0.0045360277190856909,0.11637824378562067,0.0041097561421091422,2.1563442048984794e-07,0.042504868620798116,1.9134041970644922e-07,2.8638148145469217e-06,5.2288337060967423e-07,0.013104732841980262,0.030234162719682479,1.69467469561868e-07,0.0020530535108250416,2.7497226184620516e-07,0.0024660460431219335,2.5916889318950982e-07,1.7149287732225042e-07,0.0019305514060127019,1.7299867041451253e-07,2.2068192286731732e-07,0.0048557428963130148,2.5539019728040376e-05,0.0041616722521560607,2.058214515287407e-07,1.8906122787695106e-07,2.3436854331767233e-07,6.0980824122773985e-07,7.8366753320541266e-07,1.8477604701474967e-07,0.0026317348826956789,0.0088668677198984764,0.095863218838375883,0.0057212005269520689,1.4400615778752151e-07,1.2353471344094253e-07,1.0464241275559155e-05,2.3183504577164801e-07,2.2761889844101964e-07,2.6291498461726583e-07,0.0054984696042516823,2.1044135297476385e-07,0.50794352539727106,2.3909180925042757e-07,2.35379184526478e-07,0.0018016633530466351,4.6418775647089266e-07,2.3238136436687175e-07,0.0084117228296704868,1.9983939961932012e-07,2.551633636765936e-07,2.2180566194226262e-07,2.2882393627010032e-07,1.1068630263932222e-06,2.4564568303706403e-07,2.8660486695575461e-07,1.5540858798846376e-07,1.6070789243906132e-07,0,2.3399701707298995e-07,2.3728067912634245e-07,1.6747876500899044e-07
F19,0.02099286373406916,0.089423498054679043,0.024652399047659413,0.028030750262833564,0.025802591539876466,1.6751309429349862e-05,0.01859790437970054,9.7199600606402641e-08,6.5877958058862234e-08,2.0225460630866411e-07,3.7759011641500474e-06,0.02366315516555139,5.1554882845280557e-07,0.07535935714102264,0.97186228339306813,0.00010940105048876706,0.0041569013904776929,0.083136675761238218,8.4592845800909557e-08,8.4125812257147531e-08,5.1337508596782511e-08,0.0031362978440885583,0.020677954354466926,0.0096614294153274435,0.021185466940806537,0.010164679594122015,6.1399508736425621e-08,7.129542173526148e-08,1.1738026296972768e-07,0.0076661972119757534,0.044926670406236484,0.01192829815649428,0.00017393205252858648,0.0056024296699115021,0.018206733048490936,0.0056280172981813328,7.6856904135836275e-06,0.042236472319340808,4.7773823399409163e-08,6.1806725561848389e-08,0.0062781989193002779,0.0016905494089349269,0.014453210021926115,0.024847449014930301,0.0046269286224224189,0.011011486171974338,0.0034376024449123016,0.0060537209886352009,0.0028604035144685013,1.0529081869160013e-07,1,0.034596285329558288,0.024775483045161539,0.0012237932805978908,0.0087823861653437366,0.082767973410280971,2.0847434908534339e-05,9.6608759438705364e-08,0.0761908877389324,4.9518070622318391e-08,2.4063315254996748e-07,5.6209115980595634e-08,0.013183454122909851,0.19175547987259908,9.0056664475699814e-08,4.5614269950215704e-06,7.7664492760319549e-07,0.0025483838130655185,1.3355399297010215e-07,7.1141873314323357e-08,0.0020144827583527167,6.6096197880898951e-08,4.3522971141822888e-08,0.0061235478870364313,0.0050984775522315492,0.0040016112388598698,4.0813922632319683e-08,4.7975438657543483e-08,0.013106691081226914,7.6628368301430856e-06,7.8004348855849164e-08,0.0038124365305207434,0.0019734247254105577,0.029353278182916519,0.031857716869024603,0.0040430248348563395,7.8264141111923771e-08,5.7014079119141238e-08,2.4545645312321879e-05,0.0013494920676566072,4.5893272425874296e-08,8.2897831192540265e-08,0.0042150115398671383,6.2853220357843962e-08,0.4725501367961597,3.9203770654160658e-08,1.1030690874099155e-06,0.00087982462899341613,3.7262726220496181e-06,4.0571173084806552e-08,0.0059490929404781108,1.8072560420793356e-08,0,5.5727246167647546e-08,4.1257314963723982e-08,5.4441285113694095e-08,4.8492735748286364e-08,4.7867870756960245e-08,7.4554047591456457e-08,6.803259776258918e-08,6.7490367050584198e-08,0.15162270573516146,7.4582874766331095e-08,9.8173370074828724e-08
F113,0.017669276550658586,0.040116157089336704,0.0040105254838404955,0.0054872559613689696,0.0051731401298283752,2.8672988862100574e-06,0.091362766350539387,1.3787851551170002e-07,1.1606617278108948e-07,0.0010462580063817682,1.7791533842268706e-05,0.026513930308021627,8.8198339284229481e-08,0.022146366818600622,1,1.5135838033016492e-07,0.001899498707981277,0.56325222220700866,7.9263977403683366e-08,7.9986856543857787e-08,1.5371077446750747e-07,0.00073410326499970572,0.0019445411172682168,0.0065804332877999394,0.0090316212942337711,0.075288937647750104,1.4784330670040782e-07,1.1896826617311306e-07,1.4928766378630077e-07,2.7861625690245722e-06,0.0047043752949961614,0.0017837462834515063,0.023150684213400479,1.2531349876961605e-07,0.11963135530906435,1.9079241528790269e-07,2.252948658720526e-07,0.0060430539469914493,1.4572500608733138e-07,1.5280386267842233e-07,1.6016758902191719e-07,1.8631299980413309e-07,0.13439854429109116,0.0019852847728393285,0.0018994287433493869,0.0011830154784999982,0.0034246482035331783,1.4257357208431633e-07,1.7957062655886292e-07,2.1759988587399895e-07,0.84016055697238656,0.022938792620433988,0.0027040996014166948,2.4169924902148361e-05,0.0024423518322745784,0.14452840317136553,2.0621994927479774e-07,1.1081077909407008e-07,0.023379017280513677,1.2609565149573164e-07,1.5326755806906257e-07,6.2430177363553229e-07,8.5862622816138305e-08,2.117322739955855e-07,1.5297985943342411e-07,2.2381630247205107e-07,1.5507367892471164e-07,0.0021248252059028572,1.2176475606079015e-07,0,1.6534062374603243e-07,4.9983540960574648e-08,1.5396645924421909e-07,1.888270009249027e-07,1.6336788866190514e-07,0.0031409066565486095,1.7342081375033716e-07,1.6771772787885651e-07,1.4186715220768984e-07,1.6390958857961337e-07,1.3951252865992466e-07,1.623990866552574e-07,2.8395294656003636e-07,3.4619990329722464e-06,0.04952764112989836,0.0031326085857846663,1.9623753111128357e-07,1.2471541541771161e-07,2.9265791004231238e-07,1.4254666528849608e-07,1.3398275099229646e-07,1.4020385423527889e-07,1.3368858242317567e-07,1.7972845071826475e-07,0.18062060574796648,1.4625608765830152e-07,2.0450503984865369e-07,1.7437538495802754e-05,1.4778813655028572e-07,1.9544465832114983e-07,1.4926656079887357e-07,1.7509913029606522e-07,1.9983126699110525e-07,2.1749532619019415e-07,2.0500711323213083e-07,1.8606723261510878e-07,1.4652205450656605e-07,1.2525031821064053e-07,1.866890059652e-07,2.5141246346904443e-07,3.5177548007278965e-08,1.86544269770717e-07,2.2919284553150719e-07,1.2627331014496013e-07
F152,0.00084835695179375523,0.0036609161641164602,0.00090032402524989504,0.0012860396231046381,0.00015022186007906059,0.0099603649438730728,0.027716877996765924,0.056620656149878754,0.0014869691549791615,0.15419739316960993,0.017719379961696188,0.080989464781670101,0.52675435828372419,0.099588293331078728,0.67356171003640131,0.25048328116716562,0.15507555474187673,0.085840191882420466,0.046532755837770334,0.0017209972379598015,0.037276454456865775,0.03239378839346542,0.081132916254561621,0.00081137299581933301,0.0043742310626080794,0.0019087360310300278,4.719484717641634e-06,0.00032239176051953862,0.014531962653534883,0.018906257501066635,0.11795240889772568,0.0010589945468906607,0.0037329257677410398,0.00047334591117790246,0.0061113700212995625,0.0011608570121037925,0.0024538298663563259,0.0026497392364844045,0.00091567949574656096,6.2038863244986918e-05,0.0017070745056771113,0.0025513050193718308,0.010859827419898063,0.0074055607454984974,0.013413377885999458,0.36869826351948692,0.033262830062166363,0.14374016045571847,0.13693036544909973,0.12577882211052444,1,0.12501160929950256,0.10387344299793204,0.0021980244609452583,0.0009828814283037641,0.041570979380259505,0.0082880145981512332,0.019462904403089138,0.19729206170309019,0.0011188497934574145,0.0022202711672358521,0.0021789733282124388,0.020446979281218244,0.021062170552233916,0.0033387756615481409,0.0044931701987785105,0.0027309657996294006,0.067283093815522457,0.013462321920363706,0.076321834938616648,0.001940083716146964,0.075612262501595209,0.01177278277340011,0.039361516964426232,0.042850719173080774,0.0029524993364332063,0.00047554777898962041,0.00064448647286587026,0.0018461923312709549,0.00014165435020045767,0.0033288044059638913,0.00021539060227501148,0.0009592289317390517,0.12382375317899133,0.0043894266623347826,0.010528076073913824,2.1420544717467907e-06,3.0305923654360221e-06,0.00033772592038549707,0.0024268609531632197,0.01501695969978346,0.0027371518990711584,0.00067216644107105932,0.0018007394138199622,0.10760033217407364,0.0012553914199221563,0.005322010237918103,0.012423366169635635,0.0082508365907501338,0.014048390441943568,0.056087798844045113,0.016314539905194513,0.037209502140263466,0.00071732049036282546,3.6226615166955553e-06,0.059997427268483242,0.00092615145881909508,0.052807707434657077,0.0032805253951625384,0,1.1567843986284743e-06,0.0040265048056676101,0.072599659633791627,0.024786171427890143
F194,0.0019681068746668913,0.0080239917536047544,0.028189149245371733,2.2972591705694545e-09,3.6040492799435436e-09,0.0043932331272376552,0.060602124328481312,1.7931133023172351e-09,1.0317030141052575e-09,0.0029898553249015974,0.040961238104455927,0.28190504408819311,0.23953224822366823,0.3008838492574844,0.83113949767786932,4.3860201000811182e-10,0.080580561554029359,0.09763533379275037,0.26918138872387731,2.7514388585585948e-09,2.606464785684797e-09,0.027466151423851518,0.086994650934403908,0.038963335887366037,0.045852881546843444,0.039576751674546683,2.1813868037213829e-10,7.0260178696757464e-10,0.032483644771030912,0.092733406376524483,0.42238216885525764,0.018159989552765991,0.01284914402330193,2.5060308795524921e-09,0.037289630411165765,5.8810686704401597e-10,3.4266488457527229e-09,0.0021157915834398465,1.6414754005991379e-09,2.2585153363135365e-09,0.074487660456199895,2.296214770496029e-09,0.020044150201762222,0.031189640944667359,0.0010397996250031591,0.10523750180071934,2.2443637119287838e-09,0.31059917807193227,0.10374084561307256,1.9867085142630265e-09,0.106898670080214,7.7616669906968585e-09,0.025294850292672037,1.5552902718976715e-09,1.9231005878817836e-09,1.1858368007519718e-09,0.058039145489066302,0.14742396824026976,0.32791176322052679,0.026397761124584616,3.3701106532136821e-09,0.051385561397674154,2.3484802502306657e-09,5.5256295746464199e-09,0,7.7837209214376685e-09,0.00038932740191336145,0.055085691424720813,0.30345445815330374,3.675432602605955e-10,2.4399697544293414e-09,7.0239111548211208e-10,1.5831963872683422e-09,0.046252314518732358,0.1343395377013159,0.016344702489536823,1.6960950914685314e-09,2.0037112366990308e-09,1.793230877081579e-09,1.160352384895298e-09,6.2705704324900875e-10,3.7091846062635944e-09,0.02722014651624665,0.084561866590630586,1,0.080232473347402244,3.2206127213454616e-09,1.1845250228872173e-09,0.13814132309426638,0.026575463105380816,1.8806645536478961e-09,0.15960471919296026,3.7073793238514447e-09,3.4017434643860706e-09,0.1696557488663552,3.0767445328196928e-09,0.058043952692803248,0.074055596745762065,1.1745806481680606e-09,2.6179107105577354e-09,2.753068615949744e-09,3.2846500974432967e-09,7.8721551778645847e-09,8.2414292128771676e-09,0.12894970696811681,3.2396383928205149e-09,0.28719172127539855,1.2488078529658055e-09,2.982254736283368e-09,5.3469791190057491e-09,6.3244079871663717e-09,3.0721111952263961e-09,2.8138227590628573e-09,3.758764377715187e-09
F157,0.0040261145377272142,0.014381500809234803,0.024612393220902879,8.0770259010950565e-10,5.3206226151977362e-10,0.0095673433642828633,0.061291758062062149,2.1799024506146658e-09,1.2089970668667497e-09,9.1421873001469931e-10,0.037150556785655389,0.57421869782697299,0.5219448030270436,0.51280289383003252,1,1.7298295825384928e-09,0.1480096082940007,0.090745640357259544,0.32033474112714067,8.8693921278037566e-10,8.8421130226942211e-10,0.016162475439450232,0.17136953650308487,0.021931586681430224,0.064564337761366705,0.084190729501759376,1.3237216532920132e-09,1.1693841584852858e-09,0.070784162303671044,0.11226653446441447,0.28581567838267224,0.039583240509437408,0.027914362416431193,8.154267945012275e-10,0.017625717597821836,1.1936480127663281e-09,9.4739765647948103e-10,6.047337591766682e-10,1.0243262333093553e-09,8.3583275778591004e-10,0.0019027231779789678,8.8934747249444765e-10,0.042055503365683221,0.0024585517815160674,1.0258223136996282e-09,0.14878360966548912,1.2553720909718985e-09,0.28621372644782095,0.22605847324856973,7.4210197971765625e-10,0.23119147567307219,9.3241130831343698e-10,0.0030785055412335394,1.049371589853237e-09,9.0815810970545644e-10,2.2109035163980324e-09,0.12646411676933711,0.31744293305788462,0.7102936183694406,0.0032070584455491913,1.0265246533942907e-09,0.11197366053191117,9.1583623046520469e-10,8.3012283854648191e-10,2.1339930141837219e-09,9.7460348927192737e-10,9.7912004226625485e-10,0.12003532402075076,0.65312559884920485,8.276606698603836e-10,8.7662202534190305e-10,6.0527608305395559e-10,9.0271962072110413e-10,0.097648711102360203,0.29291053546903412,0.018836122832913051,8.9967892210001262e-10,1.1490024611064207e-09,1.01945575871113e-09,1.116227769301254e-09,1.0577457857729948e-09,6.7194780302193817e-10,0.059315837496847101,0.18381129218266695,0.57118411340415109,0.062970966551630786,1.2316920261665219e-09,1.9455213605195161e-09,0.13313447902528153,0.057841059174153775,1.7806938074665548e-09,0.34363278613108578,1.0803040280264042e-09,8.168742610173562e-10,0.32149350335705101,7.0207618743983744e-10,0.12648290642161841,0.019825920642314702,1.275543226983719e-09,9.8869928839353879e-10,8.5572990544384691e-10,8.0506248849106709e-10,2.1996387191856241e-10,7.7478532576356849e-10,0.28098565909064693,6.9977122221284598e-10,0.036380802029366603,1.2495565304079719e-09,6.8170979885945851e-10,0,1.9904605321902622e-10,1.0852611313974525e-09,7.2479316516405915e-10,5.3705506629916681e-10
F177,0.00079922217610181026,0.0037141217058391544,0.0013513271432251792,0.00091815529250076789,0.0013873989108319029,0.04288561942465887,0.063021117808977317,0.059985430269465886,0.004348581099914416,0.4565215084037948,0.063734303447006604,0.72616141917982602,0.21252232137481061,0.94686981709219065,0.89979075926867291,0.50673313636126138,0.20002888738486418,0.10614012311165459,0.029538705774543195,0.003743247685381354,0.094104119319163196,0.059375757583067727,0.20307783130526413,0.00098032106155061197,0.0043476926769219692,0.0018697832024448177,0.0010681313359152285,0.015543884517006739,0.033380850735679736,0.07191089952639601,0.20344383633498919,0.0025454143046948897,0.0040522933439852372,0.00065954933536361963,0.021280875822583933,0.0031780485926118443,0.020454855227906809,0.0037532097192491615,0.003066989596247272,0.007944468084013832,0.024812609850936813,0.0065746370846239107,0.016442229566485472,0.035781143638175361,0.010183848355751922,0.27055263658361678,0.076290366436132587,0.13653049616781904,0.15618663392424556,0.074770623104865583,0.30838948860631865,0.081902963012065788,0.10304076751930781,0.0016151817301075595,0.0045985440717265088,0.10587238760749235,0.57590893359624717,1,0.55991962140531681,0.0015466685619137785,0.0042640614699412565,0.015721385312096301,0.062396810071925365,0.029329603604118903,0.013041237991678153,0.0029376425247732681,0.0079333704102728109,0.30501925261089397,0.77351621585038388,0.18792016462392275,0.0049689302235507828,4.9073223868303434e-08,0.02695978530643673,0.070199137260884253,0.34511831656945174,0.0041400022165636189,0.0013971294289401234,0.005209681412163724,0.0017635784990425189,0.016639084438943009,0.0023252483683966585,0.0070605379704706678,0.0037585569786355213,0.05809159964655379,0.04090030935349262,0.028105232421994121,0.0079611969488269218,0.0037894117053192114,0.00092545945001045555,0.14485242949604688,0.04619973348116313,0.0086374917218305126,0.035998661045225179,0.019322894780751457,0.40591709446455998,0.012974537889095181,0.015792969515889474,0.05598407468789901,0.022152681150834266,0.033012638189044659,0.2025104534568089,0.10687828904701688,0.2599980552122601,0.0019425106847055355,0.00036021195961944943,0.15079205316813843,0.0064963725905609962,0.0042010193860623933,0.083346303377534126,1.13459302144648e-07,0,0.018064989181746826,0.11422370425904906,0.023719260974024586
F72,0.00073768349861985671,0.0030291403829855183,0.0013865273436775292,0.0010343507034113681,0.00051984104201160909,0.036073034754492861,0.055071653665765274,0.026616563314441042,0.001928006480854466,0.24759539158702459,0.035593636531491391,0.66020847062078902,0.20825789622323485,0.92141128564868358,1,0.45122301473569221,0.17732035723633968,0.097999913586096443,0.025821818567460963,0.0036165276893259453,0.079298851853910113,0.042907129334645223,0.18508083387860183,0.00076539300770973688,0.0034127757837281239,0.0020980487175975083,0.00095807516020732925,0.012125657889882617,0.025954273727282606,0.059585209300157545,0.099604039421510568,0.0018957199022466009,0.0060451697878287618,0.00053029051728769856,0.017009915860413376,0.0028899146911183942,0.012527095977850351,0.0039290661925875962,0.0030773072888580157,0.0063158542408172473,0.02113663680104216,0.0051895841908669955,0.014651426862420968,0.023687316013497654,0.0087155910301730845,0.20621707787290719,0.043971834888980814,0.11626360919912887,0.11884778781880774,0.052179289760329275,0.27774099229401267,0.07244188020577827,0.06810785451070582,0.0020077792865640003,0.0040621727165879098,0.094222019196738907,0.081907579901038308,0.92902544283050192,0.75595787028029438,0.0020768573624207636,0.0055041227263576131,0.011598233724673264,0.058805408068364838,0.031493145840719633,0.011695607941748232,0.0050382991384517479,0.0059631095051398469,0.2647787651691022,0.75505698031065338,0.1963370312158943,0.0037746158674585857,2.5215513211457717e-07,0.024033021264248285,0.094087587416019552,0.10863647477242892,0.0051785560083451093,0.0038816213091721397,0.0046600749137526995,0.0021412751364749197,0.014398560738202204,0.0022910313923364149,0.0055618132942202936,0.0032987697296502291,0.034071658762648428,0.03781797735644566,0.032575473844575473,0.0068418335561409851,0.0034197624835697518,0.0012261262733089628,0.12709256904162283,0.049909943115108678,0.0097583324612177825,0.032263466554824739,0.016418666897498151,0.37550369684297358,0.011793424128838192,0.012747810885557652,0.052079585037677525,0.017452783908780918,0.033216930136821948,0.22693242762308924,0.09360676315669024,0.15823891465276443,0.0016933890132845458,0.00032193865763124646,0.1041602338491337,0.0056314831109262444,0.046460682247962411,0.083670346213050834,0,2.4886953954912823e-07,0.017512240307531204,0.10280286006409013,0.016249308635331489
F6,0.00072812472862177958,0.0012697536936447287,0.0010815862409102653,0.00073731134736553829,0.0011349779696381822,0.02716538177050172,0.04751839997858346,0.045846443624010656,0.0058163967664773223,0.14089846884467383,0.029187284985103628,0.51149980971134812,0.46599105164456828,0.63875305292081008,1,0.37626170143550564,0.18646424479740475,0.11127800107023159,0.037975450752065674,0.0041958664238204071,0.075428501238538115,0.040447983639163736,0.19289148401533315,0.00081216332557436301,0.0014792890842035586,0.0023793314713302558,0.0043016126531415068,0.029257350660781785,0.086111423922229591,0.082359033658114894,0.12747144387528947,0.033387396393870124,0.027179481538863605,0.05124138038875406,0.059313940924048146,0.029562495560817366,0.038071205955168899,0.0029533928011792341,0.010765097504493677,0.0050883947720019394,0.014817170861081653,0.078885754230948943,0.019806011594147629,0.057201572841237204,0.010045688456134828,0.35645500363037297,0.077363843092695228,0.17827425144041312,0.17203672454592239,0.077343543185622324,0.46820336567800208,0.11948468724948749,0.10931859880184917,0.0070310385618986039,0.033516393827730431,0.50879568004942488,0.20191359229687159,0.79081704092893179,0.83624170535533615,0.0050775607565352052,0.0033952922377969621,0.0075213170652518894,0.34278961532286123,0.0305021693404476,0.013833980293897149,0.0056427415361252134,0.0038696382333087884,0.6129219748718312,0.78106355439083675,0.22937015130430166,0.0024400414882736511,0.014294225051971947,0.021807563510960429,0.13092186416531193,0.13968315095728503,0.003121098828840381,0.0051288373690607765,0.0076526602675826066,0.007806457425188729,0.0097872291502410658,0.0053880369282244319,0.0075130294248403496,0.0026595423054986888,0.014420469006345376,0.025388284980916647,0.017721885888361068,0.0051958394346871099,0.011141432885130045,0.001240556256527814,0.072561926767414131,0.037101088835518992,0.0095307171037717613,0.020547624605206122,0.017748513452511775,0.51115728095551982,0.011971084631590941,0.019515554786279664,0.033648730730641889,0.013809991365617879,0.039314225030866908,0.24648435872777882,0.11814341504899398,0.20505100721303215,0.0023159428337263285,0.0015168121227731545,0.12778645881357781,0.013194634611452495,0.016075635722210279,0.072762133731493858,0.0017132736804929304,0,0.020917514602891547,0.11897766157169246,0.015186340051077168
F161,0.00024909116784537644,0.00046704068383361018,0.00059460134555160214,0.00028830808319302108,4.7241875387386538e-05,0.0057212312164754957,0.0087485210030372428,0.0049286276900477382,0.001138131072575703,0.0072967989318904773,0.0049897135931680206,0.028340420904031615,0.0071532570721714959,0.22557781643262781,1,0.13817579337819039,0.048614170994925598,0.005665257342620288,0.0018927899820145499,0.00035591190324259697,0.018106810610519459,0.0037854202471867908,0.066231080028654118,0.00022795298854521819,0.00061387587747228835,0.00031418139951839414,0,0.00033165272639067671,0.00084334807442145441,0.0047505939270267835,0.0058797288960895219,0.00010274419739527759,0.00054427961215710913,7.8942363564656588e-05,0.00077528076932232995,0.00015428981929576768,0.00010572921088117634,0.001179796576874128,0.0032986794272546649,0.00094639573261376397,0.0010723632238697611,0.0018378367069958686,0.0011544944011559646,0.0016194724578922808,0.00026645203949358205,0.0020462797446538649,0.00061393082467632392,0.0020256058417063723,0.0021821251175592055,0.0015143128739728208,0.016468500712482972,0.0025380838382092256,0.004833294951597367,0.0005318967267144046,0.0010408481040375464,0.15414424035060023,0.00060217366349356359,0.20332508557290654,0.16563717381743237,0.00014420853194963397,0.0005983762054671244,0.00047910433312162918,0.037531452054806576,0.0052303734458222281,4.3142581158027973e-10,0.00067653919978226938,0.00093180893867128426,0.39487606961657629,0.49419652540250752,0.16416202265417271,0.00061844017446359488,3.9644621662287641e-10,0.00038108406449968279,0.023051951902421066,0.034849560512074412,0.0013432408077876015,0.00066587031013360602,7.8307944381864428e-10,0.0015148067442445122,0.00011003378066073017,0.00068205439477991966,0.00014685664930042552,0.00034165260857505229,0.00066118064039688692,0.00095988363131484233,0.0015393053447210826,0.004549957052289842,8.744155386724645e-10,0.00051802748876805761,0.001444411955457126,0.0008956548042541358,3.3188196109825212e-05,0.0012405344427772963,0.0013360330698719161,0.060330020787372825,0.00060716096391943432,0.0048738461455351788,0.00041580431615365342,0.00017381485945179391,0.011593149441549978,0.021529192495912029,0.030440884363650979,0.060218069668723263,0.00043999035014154685,2.2371812352111943e-10,0.019539931950438356,0.0045767599085716785,0.0026074778187160381,0.027979149387266061,1.2951636629400035e-09,7.5331087204032443e-10,0.0013950706035534559,0.01318933770156781,0.0021671548502558528
F36,0.00016138540934913827,0.00022275249210559726,0.00014873874080252421,0.00015987021562936232,4.3776863046110477e-09,0.0079083748653900228,0.0036453647633422092,0.0036152978114885434,0.0010063179633260162,0.0089066323112003097,0.0029907933203629743,0.028796974925969176,0.011224968470289431,0.14855674460082921,1,0.13006804775999053,0.032104459103226873,0.0066499627673441272,0.0012923575425686719,0.00071171834812076406,0.013660590713670382,0.0041708036460159879,0.099223309798409431,0.00010970729897097384,0.00027927685850761815,0.00012071456944635954,8.9854674503668592e-10,4.7591827856417159e-05,0.0006612247858538905,0.0026362751217288379,0.0079364281857673587,9.0277025530943858e-05,0.00031057485601080633,1.4152418708824245e-09,0.00033658278717503467,0.00018995599772357084,0.0013143088250247388,0.00029420748137125731,0.0011843146991952673,0.00053135590535183686,0.00082845554802465254,0.00091982513979468807,0.00093627438842938844,0.0010284304161932093,0.00025703030474460205,0.0052679512730533055,0.0022874860089102506,0.0018908744580919295,0.0054190033311392171,0.0018756881247033699,0.026048364795447983,0.0022049593469808219,0.0039057080936997154,0.00041517507911400202,0.00062028568921683241,0.048405756853005508,0.0005215280190695406,0.077249109070643959,0.074166099358499285,4.8471144573094331e-05,0.00032788867191593411,0.00022459502950497348,0.012143101603172378,0.0020080813084002655,2.3371027024926701e-09,0.00034956647887697599,0.00059196500399333308,0.11075871127601794,0.20522234599543879,0.06499939167023415,0.00042553655413519011,0,7.2881226436239817e-05,0.010635760882832515,0.014396283512200774,0.00070052914838908918,0.00070073133193773447,0.00021606729275833991,0.00056161107838700256,7.737815416732721e-05,0.00031261727361530549,0.00013585537186347615,0.00021316851765213097,0.0031344152778099679,0.00057078798205041712,0.00069179077800096179,0.0028004682994254219,3.1025935602034255e-09,0.00029885346498496949,0.0010435728216738811,0.00076693005242082731,9.1468358086112936e-10,0.00077276388918305248,0.00064789555531125792,0.023971609424953966,0.00022262538003834964,0.0032042242651747458,0.00050584017277465322,0.00052194816753843858,0.0091084210839557055,0.012764570488097133,0.010390364948059588,0.028766181696197528,0.00033506104672394627,2.4280901278322178e-05,0.017883767774367478,0.0025640624924890315,0.0035316755895346682,0.014038137431440485,6.7960824980877403e-09,1.4453138569803311e-09,0.0038323316494150096,0.029505696800995074,0.0013668034105008054
F102,0.00066474726224193513,0.00047209419521841126,0.037101821528087831,0.010958118316944043,5.2598544047562831e-07,1.8318398844772055e-06,0.002183132321253149,1.1433696840854843e-06,4.3228890300166882e-07,0.0077755394992963349,0.00014286665809928271,0.00015279064445455117,2.2773873506089944e-07,5.5242776457170116e-06,1,1.6270354183559792e-07,0.00077991196331805325,3.7486110085887254e-07,3.0597341907255615e-07,8.0300746022877629e-06,2.8121171559874624e-07,0.20685166839461458,0.0077335606777909115,0.024435689424522407,0.10629220236384165,0.001125640212273124,2.4817533734072061e-07,0.01486302865037847,0.005015217609222326,0.0012186955138837497,8.6892135617887492e-05,0.0012061717116193748,0.0052017599328606718,3.8774426242390468e-07,0.00077949522082830188,3.1533340118432782e-07,0.00011320129900523674,0.00011053615729362509,4.2358115572925479e-06,5.5062740351990496e-07,0.0045149322448324695,4.4656281073304373e-07,0.0023751812458386009,0.0037302775409391717,0.0011593191884553093,0.012342938377170045,0.018754707779339162,0.0067882993681256396,0.039634611691219075,0.031589931248001801,0.00019841346103981251,0.033740618515720876,0.0092195799971343737,0.0036560397588041387,5.2218417086489181e-07,0.42960666111485829,0.013568470129827929,0.94517707108696247,0.015221694003436106,1.4559467800864151e-06,0.011474730143397636,0.0048254325163617547,2.5240690349960953e-07,0.01845088710792251,1.3604117340130392e-05,0.00011993564431451015,0.0043875968123682713,1.0033800126446295e-05,1.3083224587560933e-07,1.348293466089515e-07,2.7003119016873094e-07,7.6522869057144314e-08,2.0685532516350666e-07,0.66750750079840504,0.020711449647540917,0.0064960431567158096,0.0069591007328947676,6.0319751116803496e-05,0.0085751986387058061,2.8877423894419842e-05,1.0182594459310316e-05,3.9386957466674215e-07,0.0021513409768287245,3.7197438662398363e-06,0.01227488117010218,3.2204854298265839e-07,1.4830236284663306e-06,2.5366611467669976e-07,6.4522817723870072e-06,0.053191885486438988,9.8564687171653118e-08,3.6295293044006979e-05,0.0016190092041515553,4.4532857470827836e-07,0.0060074268853381992,4.326734567605871e-06,3.9299862007068596e-06,0.001608400130768069,2.9335222587654727e-07,4.1750800815571664e-07,0.0089881887172870104,1.0585949969640764e-06,0,4.0664270647212242e-07,2.7809181403537337e-06,3.0932854461497736e-07,3.8247862087471334e-07,2.80372505672907e-07,1.1342480075388051e-06,2.7032753621138551e-07,1.7486827030682342e-07,4.9921717953640455e-07,4.4725677789039993e-07,3.0398128491208349e-07
F153,0.0010640961427916882,0.0009643664045115804,0.001635062825406392,3.2157292491169811e-05,0.0011101748466256613,0.0031442425835038249,0.0021263018836417003,0.001211257433539586,0.0035328866820939601,0.0033909757507430902,0.0010236517044146366,0.012781437658584173,0.0072232219847979976,0.019956089829324702,0.036641044070562741,0.047485043334260596,0.0085778515507538688,0.0032744267036730512,0.0016844415106887268,0.0014539206556199384,0.0068420195966111957,0.0029063695725700762,0.025881331578254101,0.00069465423338764792,0.00065946689883544839,0.00052791379588561238,0,2.4352476994546265e-05,0.00041696222341015664,0.0029400210485816961,0.0044371882501845761,0.00053471935878187727,0.00071362920720997316,0.00055626331487508324,0.00084269235916836782,0.0037849527134609191,0.00069852321960317564,0.0018258463435982025,0.0054677163508956832,0.001464364738762213,0.0010667665616519153,0.00099057102726849626,0.0032378052138859938,0.0023353925992436746,0.0010290625688358446,0.0029804681967886193,0.001421511875254994,0.001697415056226076,0.0025040687260142057,0.0094408906661941298,0.013192631976221232,0.0012391024187953805,0.0022940635178184889,0.00062792138968656951,0.00057250173334100251,0.9983551821590374,0.0017511892465780772,0.46333339483605041,0.72923479235775024,0.0010751369630893498,0.001784586460414064,0.0057578147405388923,1,0.029166196934243448,0.019129195920312574,0.0012955642639797742,0.0083682724107612995,0.79698587400231502,0.49132348871740644,0.32924775769845832,0.067773527502601655,4.2460833139012298e-09,0.03361904459929424,0.14370647970306091,0.097222493988644021,0.00059589802316283307,0.0019071290438144963,0.0044987605690631248,0.00062825732464183762,0.001105657392923932,0.010240023697384981,0.0022901527196242471,0.0020161192202267928,0.0047467290934240505,0.0085760403688421357,0.0056588825358332385,0.00010756294662170181,4.2963742398334666e-09,0.00054129021483054467,0.00023524682132588688,0.00061387627096178292,3.4849530284270067e-08,0.006269992491148387,0.0086364486040939655,0.089323354732185681,0.023926788259408041,0.011974852045021312,0.006998700776268285,0.0080623501251550593,0.0070788121921262093,0.092125111441876739,0.017426485434899875,3.7377169737636277e-09,4.4777768895526643e-05,4.1721322404521437e-09,0.008298629977729375,0.013145188954315641,0.0018874662809398065,1.6736518364507585e-09,8.1893288392717883e-08,4.9868880701040657e-09,0.0036541136800652698,0.0099008949284484556,0.12185778403013861
F13,0.00018799299907918218,0.00060586727003285844,0.0002778329927872098,0.00017429143465609224,0.00010333336822488741,0.0023837472858589787,0.014767677520320852,0.0043987718715805665,0.00082115006867536182,0.014557597896278423,0.004127320392376484,0.034992431929860998,0.010721310331481214,0.17751910077405353,0.37939187134114222,0.1253168858234365,0.045683049338470193,0.006516655753511561,0.0022527384546688002,5.1863783317171335e-10,0.014803282673382172,0.0056406755402204755,0.044427556315212162,0.00030715403832877659,0.0008269762033716368,0.00042968581782741323,0,0.00025900009503371929,0.00076496510378527122,0.0055983977344011629,0.015852312943192646,0.00040241768634326057,0.0021509141750253565,0.00016681726979862161,0.0016050169794070738,0.0017953944566362367,0.00024150039285168306,0.0009911054696795157,0.0074642276009807482,0.00069274815014871668,0.00037873748502455007,0.00140865485185768,0.0018924217150135469,0.0023291795197469146,0.00058449241224918253,0.0069771711309086562,0.0020425003142432946,0.0061058702101343919,0.0028348197639978022,0.0096627175717531096,0.034814150196131467,0.0058503867737916236,0.0064409269842433687,0.00024657971857803022,0.00034304765542267877,0.886502718955963,0.0042121832439791099,0.54620497102680043,1,0.00019250092141843012,0.00023883268999739976,0.00089245080145926813,0.63142128350346316,0.027238903830398283,0.0076836981088269102,0.00065039694680796767,0.000833526371220016,0.84215763278587397,0.60178650213961771,0.16673722182134115,0.0013305340177199863,3.749948148899057e-09,0.0096041226387201944,0.17429384870263337,0.10974695514125217,0.00092068130566224499,0.00030332190743648815,0.0028363439648185188,0.00066933034206311469,0.00083910828208121676,0.0036385366109415985,0.0018959399642697766,0.00061549573325068616,0.0047131953026123621,0.0015706213255316081,0.00063804602262419914,8.9999074908095633e-08,2.5157622107415161e-08,0.00024640685679312387,0.0016361908296146927,0.021205510551577753,0.00055561147325594226,0.0013743716912771836,0.0059313837508595084,0.60259112789337155,0.010666867376850166,0.0089201579482826154,0.0071404609451828326,0.0022755416237385823,0.0069537023124338964,0.264547371260132,0.11879461953335321,0.043675254938635125,0.00040619874748086662,0.00074462794322075875,0.018195330281480661,0.010904391462315406,0.013846999788029255,0.0033392798958895298,5.2910003434655102e-08,2.1041479371836836e-08,0.0028772618746986441,0.014427773336560919,0.017551417946857273
F162,0.0002916028452164054,0.00037418572088254053,0.0012565441768319678,0.00011195581165351631,0.00013662642201057583,0.011324871104503311,0.012509314750659582,0.003274774682653902,0.0023777626722812336,0.023032335396866402,0.0060381229351200594,0.042693004439620527,0.026467834634872154,0.22270241844163946,1,0.21018847608976346,0.071693498440425607,0.017404848033362282,0.003060459173142131,0.0014058634670784712,0.01732634855336114,0.0098528492223757449,0.19968637963955679,0.00031341604587450104,0.00046433429863893525,0.00030403343986562428,3.6981215716058471e-08,3.9819934871954762e-08,0.00076729684138057361,0.0051342078335596198,0.022426627756635013,0.00037765801474259344,0.0018053208423929291,5.9175540261015438e-05,0.0015514589979643133,0.0014485830864105331,0.00061015461080178167,0.0023332747329296616,0.0015017788703512705,0.00057508213375068282,0.00098978534907865744,0.0009581992737382793,0.0023326627156075568,0.0039649511197457181,0.00046425363899451954,0.0099976216261179369,0.006484220060531014,0.0068045392532208393,0.012769332628034688,0.0052492923697171389,0.083631157966346292,0.0080311980797492504,0.0090365635123971309,0.00044820514644473624,0.00019479949808738907,0.87312342391470399,0.0034722972177681009,0.42140315531132805,0.95242208577170495,5.2441446373705883e-05,0.00037091472443593823,0.00033813751307332533,0.60184807952021691,0.033747511716888681,0.008179199614401644,0.00054529867753036227,0.0006074070098197247,0.69537180433040258,0.49217951567672841,0.1478085181083271,0.0012959119843160016,2.5260068353285148e-08,0.0066449468034231627,0.18057121942536314,0.098863724524814706,0.00085018525336125921,0.00071421300262048684,0.0025440536384085349,0.00075942779285111898,0.00070595928461056605,0.0037456453793500459,0.0015456459254952536,0.00063539330000176046,0.00073085234163325005,0.0029265013415722412,0.00091416899487559026,1.3018839123091325e-08,1.8887307443140792e-08,0.00010216520478309285,0.0019734090512309641,0.01846993561184062,0.00048418957114631513,0.0012822241996882262,0.0054262134341519774,0.45359710213330839,0.0069262000890441032,0.0087507535317751829,0.0046414099130970138,0.0015428199969386915,0.010730087121663503,0.26433871577581108,0.091566443147160254,0.037037326209005184,0.00036321385477477178,0.00079255088880717255,0.031570118051553325,0.0059435824747959415,0.0030127083879947355,2.1819418459255767e-08,0,8.6398768673425558e-09,0.0166730465109,0.06537478737867565,0.019374151815830135
F151,0.00065008495308908052,0.00095146331511848008,0.00097784491319323182,0.00015637479151788601,0.00015772139473825471,0.0019842487872862415,0.0050235942459867719,0.0025322653556782903,0.00050470942521120142,0.0042117932109200819,0.0013607433909442481,0.23587827167538897,0.10522739838018003,0.24357074424711675,0.055831756449638316,0.08556110378627578,0.017603573451389125,0.0033241287105030457,0.00081500473488959474,0.00017502644477588702,0.027770707744418192,0.0052264472229833102,0.03188208293271471,0.00068796916196449875,0.00089740333942221306,0.00076363944491885077,1.6105710534449455e-10,0.00081374709728833654,0.0016210679082315561,0.0069459869906847794,0.012637226999834822,0.00092115838917491337,0.0015116158352784348,0.00028529662068758877,0.0012706678338486586,0.0049133105313624859,0.00028981972358580333,0.0011472583149461223,0.037675014872917155,0.00071229295340027616,0.00064435229697401618,0.0015134895558506921,0.0018269890485620576,0.0029582868242084724,0.0013068718168841198,0.045317505632693843,0.0025263684081069772,0.0057903224156143802,0.010274797469136367,0.0046678865841717236,0.034320587816465201,0.0072637145647536207,0.0066713191190712253,0.00063931963092872177,0.00090198864854299269,0.11526003462682788,0.0061992818549079414,0.63552526806838017,0.64723014647244181,0.00038117215608698512,0.00075580660511789463,0.0012115805214979436,0.32316629456893536,0.0088151889422548434,1.5413092016398662e-10,0.0010055719334226628,0.00089876659350304332,0.20528139906708395,0.28735522008547415,0.0038340580882645536,0.0012014997165360097,7.123171341074553e-10,0.019297228887266784,0.035379016092262149,0.059370222908480416,0.001502050189041074,0.0023580242352255988,0.0062442174947237757,0.00052835056469300386,0.0011368983492802574,1.9017030491919608e-10,0.0036708584871745094,0.00033920604180675081,0.00059787362290641846,0.004172686121093375,0.0012317327539924838,0.0035984128474614756,2.1261815673778129e-10,0.0010949439079470183,0.0019228758312671785,0.02653346524608402,0.00058622503721423441,0.0038044937430046707,0.0069833490602939511,1,0.023973907651705845,0.0095078114892426201,0.020017212962904696,0.0040826191221863626,0.0096224610580678688,0.13177636100343199,0.14989042075535,0,0.0017075095769315581,1.4965253578586141e-10,0.024471555897632988,0.036493110146760786,0.073418542340233553,9.498853181277457e-10,2.2153940948911818e-09,1.647790273140261e-09,0.0028938553648338882,0.018570718072850635,0.00076209255372568219
F191,0.0001028133259350879,0.10773884312060807,0.017796201012946083,1.9907089923085423e-09,2.0823612647107101e-09,2.2341096991377128e-09,0.12969357153759689,1.298719027362472e-09,1.3290619862333056e-09,0.0054086200907748645,0.012862298013145604,0.030913305310549137,1.2751922192256659e-09,0.011879041608501548,0.44305526391418626,1.2787573569181214e-09,0.22165879448689654,0.2036587953352248,0.011361900282295317,2.8284783097154089e-08,9.4015722899990718e-09,0.0018478307808437824,0.071565419595433014,0.019182041852418764,0.32724308211583736,0.16702067101180801,1.0819334510463118e-09,4.0272303537339918e-09,2.7684127001760339e-09,0.060302800665829256,0.02706734170966682,2.8009366744880569e-09,2.7370892822712624e-09,1.4985732860386067e-09,0.11740502356548012,2.2859231379060872e-09,2.0758725147381857e-09,0.0038558811985550177,9.3358760844722357e-10,1.6367378892324088e-09,0.0021146224343884241,1.8983646416813183e-09,0.20685266192212431,0.047560959677622354,0.0018771212541768591,0.019876922564582733,3.0619266378775483e-09,0.37262130247393582,6.7513825486598548e-09,4.3533789211204665e-09,3.0765858620565851e-08,1.0018286864758872e-09,0.012347887185132181,1.4472454031451226e-09,1.6873343442185726e-09,0.22964732464178403,1.7731960688820739e-08,0.56760145654940752,0.80206818093823373,0.013201523106715952,1.8086127035435719e-09,1.6733096110877473e-09,1.0892987786563738e-09,9.8407330717039995e-10,1.0446187433325008e-07,1.7402848630711577e-09,2.2418822575073531e-09,1.8719669962277069e-09,0.002861070596974141,1.7624927749931698e-08,1.7618361137408489e-09,3.8886911894280319e-10,1.4345708811045584e-09,1.4529712381386758e-09,2.3317438819256743e-07,3.0194038148001762e-09,1.3324740576249198e-09,1.7384053642143047e-09,1.6086740394996806e-09,1.3860729012501293e-09,1.2327110713738651e-09,1.8467828805287573e-09,1.9931472686299841e-09,0.43041889146620188,1,0.053661241257022867,2.0079463634527005e-09,1.4899294423226109e-09,0.080519091486471683,1.8374663248166446e-09,1.1811338799917602e-09,4.1416058367909911e-09,0.62527544621359055,2.6260742416019168e-09,0.84457292115377003,1.7143231864584755e-09,1.645548530420714e-09,0.050813337361350734,1.596985046662788e-09,1.4249062572063982e-09,4.1157369446688829e-09,1.4947749145024712e-09,0,1.5543290139674073e-09,1.3464348105034722e-09,4.0863795482317215e-09,0.14570323111818795,5.0737126004806664e-10,1.2094113644153558e-09,6.7833455383156706e-09,2.8694490212494398e-09,1.2226450510689618e-09,2.1245005067485204e-09,1.861083081843876e-09
F160,0.00018081975554426304,0.0047943295104361152,0.007108561162147157,1.4759881214881846e-08,9.5232884927770933e-09,1.4838611631009077e-08,0.046045222328479074,1.9669928417024678e-08,2.020961293870673e-08,0.0074902384805560166,0.010925326845762563,0.044718247756681893,1.4271367109832855e-08,0.028472330851456187,0.41838849642788029,2.6863946017085453e-08,0.0077889958897052452,0.021109722635066705,0.039352605588912577,2.0747326001446119e-08,1.7849553278090341e-08,0.0065166371528755746,0.022534507930418269,0.025768308449158752,0.035176580923633759,0.0046753415892779419,2.2172228780338524e-08,2.3175226857388339e-08,4.0683211497024281e-08,0.052090287070485665,0.093659017121374075,2.2446369996887938e-08,2.2220226182484261e-08,1.7293463252503384e-08,0.014957097400477837,2.2967647817441058e-08,1.127277302256084e-08,0.0053124742983908712,1.727490152588857e-08,1.7367490606892261e-08,0.13936666967985073,1.7173277638589455e-08,0.0044878321137584382,0.03814838659434687,0.002599437463168854,0.016998987444578333,2.1787088813956238e-08,0.24124103165865693,1.8547648664607308e-08,2.1773122911954454e-08,0.0011282745992587469,2.3092967958273751e-08,0.0118615389466433,2.2840529359642743e-08,1.7710991426227756e-08,0.0034508486742647359,2.3786759798524653e-08,0.013896151065350047,0.015527293394872115,0.010433624309374695,2.003368370326599e-08,2.1620316106037476e-08,2.2993426971882758e-08,1.7764794825279349e-08,1.6446860447687502e-08,1.9072166148732114e-08,0.0004110194777942151,2.2774164005194657e-08,0.0055558029784698168,2.3808467725176899e-08,1.3638320225238699e-08,2.0051936999610662e-08,3.2335891555062266e-08,0.0021483144787796012,2.5036046980872532e-08,0.019921367442237568,1.8643647256043242e-08,1.6171206598718832e-08,1.8932625067872209e-08,1.9405458510166996e-08,1.9156209288477306e-08,1.3934826227312761e-08,2.0352890552588967e-08,0.0064498810426207882,1,0.096157813797510927,9.9153920964750698e-09,1.8908203006073592e-08,0.14432869019957567,6.560368732318861e-08,1.9928223987204985e-08,2.4126188271817572e-08,0.0093739649899342685,1.6842788482931745e-08,0.069781738967855306,1.560043605295657e-08,1.4307334701635949e-08,0.13640570428756554,2.1127976808692704e-08,1.4108056626193956e-08,4.4650108354424831e-08,1.8868471365124353e-08,3.3378513627117423e-08,1.3312904000577422e-08,1.3297808967333628e-08,1.6152318362253539e-08,0.12376826379289785,1.9298946076216586e-08,1.2521332081826371e-08,0,9.7711561118823142e-09,1.7898802853776918e-08,2.1440781509957036e-08,1.5403937652138329e-08
F87,0.00038123436510829331,0.0025389456972926255,0.0026367922502954599,5.1645048344314022e-08,3.3605189763926607e-08,7.6651561446390677e-08,0.045519189186246443,5.241040387547774e-08,4.5673695684336839e-08,0.00061616334555070218,0.0052857533051783017,0.0088009086875477718,5.6585584568806124e-08,0.00071346835629916355,0.39091846580372042,6.1622551618598903e-08,0.004098953090425652,0.0028469345166195746,9.6192886799089046e-08,0.0022366344448749654,5.5596756049180605e-08,0.00012733396730499672,0.025356384499230798,0.021365545145312553,0.0087551065998021337,0.0027593536867493332,4.6859577573963479e-08,5.0283503773218843e-08,1.1085934046486749e-07,0.0070511018144944473,0.0030470858124774201,2.1458948634462452e-07,1.3309039593675172e-07,4.4222599527563373e-08,0.0079859463166670527,9.0724165623677243e-08,8.6026722712023872e-07,0.00042192057084895312,4.9678987719523165e-08,2.7338879114928077e-06,0.14659000632797448,5.9671370343442569e-08,0.0029580042788360465,0.0358351013286686,0.00021565860486646578,0.0083021053920977785,1.6076863952243321e-07,0.044965327221786984,4.2897877872725389e-07,0.0064819151566172057,0.0039062020388253688,2.3365424351781233e-07,0.007775388756051862,4.7970451752683059e-08,4.6247880035028114e-08,0.0039552823101688403,0.0010139754648241764,0.010269802310135188,0.016805272196624258,0.0052025206451398534,0.00026798770000899583,6.2849204947900894e-08,3.8432530689146873e-08,0.00053951205148856755,6.2964483617269237e-08,8.7212694531926371e-08,0.00087810761150221512,9.3828193967553715e-08,0.0080304849188044796,3.2974644519152987e-08,3.772858789682129e-08,3.6183346491625657e-08,4.5481142374922942e-08,0.00300945047017465,6.8007568165767131e-08,0.022108858097186747,5.33828726843017e-08,4.8431030206171308e-08,4.7562793209603932e-08,5.4145188886157869e-08,3.8960236941964716e-08,3.6259462558316648e-08,0.0011302124980983375,0.0060859141564281807,1,0.012464168804357512,2.6308769349510808e-08,3.3939131479489399e-08,0.019032113576392187,5.8912930705172885e-08,7.7306846765095919e-08,1.1211088724618972e-07,0.0093722885209923043,4.488172887052758e-08,0.072668107434254559,6.7113086191946382e-08,5.2668942336544661e-08,0.064392095881741024,5.6497156361988301e-08,5.1691160037045476e-08,2.2139012395138266e-07,3.2699316992488048e-08,8.4891498334021694e-08,0.0013332410773002012,4.3080844177143419e-08,6.5505269873475489e-08,0.059427043959155552,5.7429695807547716e-08,2.9785075688576604e-08,0,2.3569551152165203e-09,9.2012035844472034e-08,3.1931403461142566e-08,3.5948183739681918e-08
F64,0.025959940624548646,0.04798509610365051,0.024658656003088274,0.030773767146859293,0.00537808059883387,0.009489705431410915,0.016017407911787403,6.4533394664394173e-10,0.23403595549934475,0.024327196338521768,0.028854062949020258,0.04936187402752569,7.9541742384874805e-10,4.1772707917247893e-10,4.907088260113382e-10,5.454324845341491e-10,0.040610495470051002,0.041112365197235941,5.1287721211156532e-10,4.6915618447690445e-10,9.9785395687392842e-10,0.035888186885900376,6.461461453471957e-10,0.012872158487706254,0.040418238426149868,0.031671345362709095,4.6924733869853899e-10,0.13990720685850258,0.037062449161832302,0.02926095204362842,0.17782379138004142,0.0079573923312696061,4.6590663140209345e-10,0.075588704175981722,0.019865542465143032,5.0474154873826671e-10,5.0334377867543675e-10,0.019284437526134998,3.6828292161938206e-10,0.02280669985750582,0.016645559257391546,0.059159576010939838,0.054171677693020892,0.035254749709491225,0.024949002128247275,0.046111070895675788,6.0687807764260702e-10,0.036857234222223034,0.014847967123185335,4.5152398976996862e-10,5.4496258534061125e-10,0.076672263772035246,0.017608958602602542,0.037368077338227092,0.012153152632286069,4.5087341154842344e-10,0.091690265032500565,0.047969412963665595,0.045236795450970271,6.1889991628554231e-10,0.0065655739482433136,4.9158586419919212e-10,4.932758342278442e-10,0.6517700642394928,5.1953553707087552e-10,0.034749352043970637,0.061173407206672893,4.9689220502046086e-10,4.4343593703889129e-10,6.0444171166035353e-10,6.3590783460199243e-10,0,5.1691755958056742e-10,0.12588328701829288,0.20150098344724032,0.072158017925623458,0.087895531448993716,0.058487109915524686,0.034769212474936799,0.019285401477037004,6.8317736018358006e-10,4.6846150107959417e-10,0.03649974926582452,6.6325501354922298e-10,1,0.33626492216872111,6.3599112483978405e-10,5.8889652014146485e-10,0.041483001924924254,6.0588628796427375e-10,4.6817872993862864e-10,4.5096671668030191e-10,7.747231011899858e-10,5.442268107431508e-10,0.023847564310532782,0.066632618331993562,0.034327056771628763,0.079251021392114929,4.4539769447639969e-10,4.6616237683882075e-10,2.0897381975987925e-07,4.3054722757817563e-10,3.3174610601032299e-10,0.021357863502674809,5.2407095767210651e-10,4.4572237166222006e-10,0.10867629592912982,1.2676256595867737e-09,5.1489693231204294e-10,1.0070141337750983e-09,6.4236852759294949e-10,4.4810194955084158e-10,3.1857618980992391e-10,4.435563298414224e-10
F116,0.0090750708875365418,0.29248034201363399,0.0026420944057419047,0.0025126827848505019,6.3536919866916125e-08,6.2321298059206639e-08,0.0081899622299229594,6.4537501470202887e-08,6.439442215760657e-08,6.806807680204926e-08,6.6927942976333801e-08,0.93088822832494555,7.2634006616390146e-08,7.6381541989044045e-07,0.16105518367743868,6.0888676809161535e-08,0.0068084928854724924,1,6.4909457210282738e-08,6.5678905816836065e-08,6.03366152699269e-08,0.0031551796712669757,6.5749134144866932e-08,0.13334694457776777,0.14879823309128246,0.0044869431828351292,6.5015296616402213e-08,5.7700952884421286e-08,6.3584986993306735e-08,3.0333405786148141e-05,5.5753132015930842e-08,6.1596397141964193e-08,0.0098096170461229072,7.2882580435917952e-08,0.009785704958847603,6.3704115081247234e-08,6.0435036987111917e-08,7.0012422470162486e-08,6.9459381308498723e-08,6.0750369805085851e-08,6.4005330699973366e-08,0.00027368265865185953,0.0042882022122634521,0.00029552772166843808,6.4927775248941278e-08,0.0049956185466135013,0.0068224177728715505,6.4378088668737936e-08,6.7923340981189091e-08,6.2085377082723707e-08,0.098029686804786617,1.0541086263164666e-07,0.00033166514980241584,6.5355152631910839e-08,5.9877959847810933e-08,0.012005730659623584,0.00052631409657062764,1.1767304689056687e-06,0.83448985031255851,6.3840027339856445e-08,6.3658881559421924e-08,5.0918075752844398e-06,1.0089919804726935e-07,7.0601642271854161e-07,8.2188316873149755e-08,7.0592518694516143e-08,6.3238235747119554e-08,6.2453529682768175e-08,4.4401473576571857e-08,8.2627945239349531e-08,6.4318165137031412e-08,5.7470951678270116e-08,6.2011997048732785e-08,6.8527949647131746e-08,7.4046788655044539e-08,0.0071550596596442135,6.3259584421364413e-08,6.9436036504295953e-08,6.4189061797415176e-08,6.0718382988613906e-08,6.5444831322218437e-08,6.4191933435224393e-08,0.0058696998105821343,0.019867170009543314,0.036951007387413942,0.004157336192370944,6.787311036071809e-08,5.6584148208593219e-08,6.4444870762395229e-08,5.6019583051140538e-08,6.3822752394472219e-08,5.829886067665622e-08,6.5258723001920081e-08,6.2106330377435307e-08,0.80057837534237886,6.6576635868099703e-08,6.6018228601451093e-08,0.0025060583681521509,6.2195255695420119e-08,5.6833117943224058e-08,6.3348493039355911e-08,6.7769893993867895e-08,0,6.5737145630024084e-08,6.0543390518493047e-08,7.8350917565385851e-08,6.646224403062547e-08,6.0466628816127543e-08,7.2043841976265358e-08,7.3976824253174123e-08,7.2116238982590166e-08,6.4242012501813424e-08,6.359058602873248e-08,6.1637527705586721e-08
F156,0.00036606314135855048,0.00090862653556663753,0.00043443498119898614,0.0031047940840910585,1.6115238264367344e-10,0.0017479035906419382,0.00029349662909682235,0.0070396417700268887,2.8356404596923325e-10,3.1493932475687543e-10,0.00053112094627403498,1,0.11752574393442164,0.015716218682623573,0.0059004134625670977,3.9484433294457506e-10,0.0030301298431180874,0.0014898551577855986,3.3072579394239601e-10,3.070607900745868e-10,0.020559083422149713,0.00660933350376174,0.0035682259571421689,0.00070570038228641419,0.00077220761618922065,0.0011791069980143,3.1817447381899379e-10,3.4431838660999761e-10,3.2061207474232397e-10,0.0025625719904216757,3.6760312519574057e-10,0.0011101922777219438,3.3353167770738789e-10,2.8291428945954019e-10,0.002070620506198423,3.6739450571590814e-10,2.1448744252378062e-10,1.7594324549062025e-10,3.4560411833637185e-10,2.7687060014689221e-10,2.7672991444364584e-10,3.1096814547250616e-10,0.0027111053986660985,0.0017499361619053085,0.0034692391936725041,0.0040002492776189079,0.0019166068532900636,0.0015682735369952528,0.011201944065826719,0.0070699567775320878,2.4479817320294816e-10,0.006965565124026336,0.009577317797341417,3.0693597115799885e-10,0.0033349174441220796,0.014490068918768251,0.011952945117970598,0.14071717362097982,0.10736699142035785,0.0059943802671677928,0.0046415070589555076,3.0196125220701853e-10,0.035597821559084183,2.8831540684246866e-10,2.2431020845416544e-10,2.8022538182061498e-10,0.0066683847649091641,0.017666238433678063,0.046496844634153475,5.0874562023085045e-10,0.0030805550332566878,2.432824969810587e-10,0.029374278188108009,0.011493706770736238,0.013416359185134175,0.0014831593648408847,0.0027890711173695969,2.0921114117359267e-10,2.8343043545386966e-10,2.9320385551261901e-10,2.3977803857573357e-10,2.8762783805306635e-10,3.0463378264739811e-10,2.6768267572471023e-10,0.0046720598991776144,0.0037600278547624114,1.7388602566348168e-10,1.8769298234489598e-10,0.0012294646591176608,3.2289954164753637e-10,0.03004488252925696,3.0549747222407503e-10,3.1888381945489852e-10,3.4367538925241136e-10,0.11139558433919931,2.6332247818096605e-10,2.6910787187096233e-10,0.0083086633498910042,0.0022632554144725804,2.4307288759938033e-10,0.067536673583352649,0.011739014103096718,6.7874047932455413e-10,2.3991811807400981e-10,2.4528263210707644e-10,0.016148323504169563,0.035564987778893012,0.013932916343336267,2.4361605491794077e-10,0,1.7933548837024615e-10,2.7040978879855883e-10,3.6567420774190304e-10,2.7275415013679969e-10
F193,0.0010420252653552059,0.066916530418400677,0.0020962888411455451,7.8381892230687781e-08,4.3889232971912905e-08,0.0043673755152006883,0.0022519126593096885,5.5374829775485454e-07,4.1140925391811586e-06,0.17421642959716341,0.0019287330770951711,1,1.2678052105081685e-07,0.20579589129125259,0.029689660967929059,2.3197358735161889e-08,0.0026105402492838927,0.0048805388450579119,0.010716340929753883,2.6682998940879742e-08,4.8117409094258523e-08,0.0017519208105786404,0.00098293651371990321,0.0020886444486598256,0.017765204615456429,0.047957179304460903,2.5751748479804235e-08,2.8838430585449428e-08,1.6037098918726568e-07,0.05686964576359705,0.025419941884317503,2.8425598975027368e-08,2.5517097016186522e-08,6.5308646002051003e-08,0.004127621175107816,2.7277357277862761e-08,3.6593624842187292e-06,0.1251921983481922,2.1604616541849429e-08,4.448263112531515e-08,0.001998050486628209,0.0044688204657835455,1.9723503638649063e-05,0.030964779483580909,0.061342325092562218,0.0041167906835145301,0.0041914782503262053,0.0055710143915860891,6.9141699532254042e-08,6.048613569444956e-08,0.00016441728987236833,6.9143079643101581e-08,0.003608817036822567,1.2881679493880698e-07,3.7772396775056321e-07,3.0407294350294472e-06,0.002221695513154859,0.0066364753433933487,0.0043038377306462757,0.0012385204536139172,3.673223086212153e-08,2.7433769780008317e-08,0.0017127157669357786,5.6702964626248426e-08,4.4419244533800086e-07,0.0028690747301432871,0.00074176338806162081,8.9024949923531859e-08,0.012043564114017904,1.4931047457721796e-08,8.383431868198786e-08,3.8949312511824834e-08,3.3132838651015432e-08,0.00012542560485030846,2.8516675484548578e-05,0.00070915332558282829,8.4221054305963158e-08,7.4037708513914044e-08,4.65318826504399e-08,3.1387745404243216e-08,2.5385705341732877e-08,5.1358102098176901e-07,1.4841747326602737e-07,4.6016799202672306e-08,0.05001086990546888,0.0029764825006683526,0.075436065070415267,5.1963073590430689e-08,2.580118136043148e-08,5.0268503907091033e-08,1.9638959753168225e-08,0.031100559196157548,7.2081546061094796e-08,8.8370616029092817e-08,0.0018778589355195258,6.2093647953261391e-08,3.7501406260925247e-08,0.15494928225516305,1.2523894833181144e-07,3.4240066580250751e-08,3.5135916225279209e-08,1.0417723501226092e-07,0,2.2088282401041536e-06,3.92263423032497e-08,4.0177263640262415e-08,0.021703837262439307,1.1354242126477342e-05,3.4406943577595866e-08,5.9968066990059965e-08,3.8888804232466626e-08,2.4014304576088277e-08,3.0646023542500601e-08,4.117500778495092e-08
F159,0.00031065059595804571,0.00039249186784588909,0.00021124543468397722,0.00039460020767050259,0.00051743829488482538,0.0039006390369740879,0.0094970515657233859,0.016103548126550824,6.2692647226055047e-05,0.021611465360235151,0.0028380561878360994,0.47756424781541168,1,0.030135311710488045,0.036196454113376554,0.023842169720894833,0.013661064586610715,0.035430398505877661,0.0083720483235307334,0.0011299144103873312,0.017040057104073705,0.01888048324396336,0.021646547011027705,0.00024695890913154736,0.00034686793098974818,0.00024628917695138975,1.8730482324973654e-09,0.00069825054943844199,0.0013745019176400082,0.0021166554963632641,0.011563933501546116,0.001739795207128819,0.0010138307326526084,0.0018385844534935282,0.005386576105134917,0.0022786699699443853,0.0017297840880845978,0.00028684856250013255,2.0649468613830585e-09,0.0007929616027101059,0.0013974659611265723,0.0047498881944289086,0.0028636026723555677,0.0044203776794761876,0.0062369744022101907,0.20978283994488062,0.020244647218721021,0.15713717304923716,0.046339586661561745,0.032925723895937779,0.078007655721319152,0.080483502262894496,0.047573630838788045,0.00014990124880900619,0.00052053966213167879,0.001730077232732733,0.038789283997334258,0.0096212352150820881,0.0078442937036075945,0.00052191316185855514,0.0005457554010359888,0.00042577719168532323,0.0021875216391209311,0.0016848243652255589,2.8327755804785446e-09,0.00071890188335776062,0.00085576045661104629,0.0025828516198956311,0.0069979629290485221,8.9249710791489462e-10,0.00029404245423848754,1.9145186542315364e-09,0.0059888837825886809,0.0019291371410758882,0.0082578285611006053,0.00071892303393955538,0.0012527275494110032,0.00056728693680264107,0.00026759941893925442,0.00086200325290107288,2.4107988786440371e-09,0.0015770640711851647,0.00055479873309557937,0.0082070813289104212,0.0023322095797672932,0.0019553957329195067,3.1938802904320265e-09,0.0022550896382677161,0.00063359667234260775,0.0028420755134380077,0.001435990907911586,0.0014452072452971977,0.00062115906211841017,0.001074278685046998,0.010293790683655654,0.0036357881632725591,0.0030181925738840877,0.0026424347651170005,0.0020025868138677737,0.0080552271819587049,0.016897668503164355,0.010071577358595625,0,0.00057930304574399939,2.9606568055391961e-05,0.023759141725093576,0.0047397877321362853,0.010039872603891839,0.0045072360662206613,4.4659971024980408e-09,2.5345144060270612e-09,0.0057977138870296879,0.015752579932859143,0.0014814188833536161
F56,0.000138916837122029,0.00025507671401368533,9.2151392255751513e-05,5.7163746757552246e-05,3.1278479321316214e-05,0.0021242800987967495,0.00053379887343632331,0.0025915034533333923,4.9047360987636681e-05,0.0041438785909819259,0.0019051346052812155,0.33879671136925088,1,0.013337018539112592,0.013420476014620182,3.5313711281246457e-10,0.0048880021704053606,0.0031107816632897694,9.8930835317181096e-05,1.6602508959323302e-10,8.7731617450861061e-05,0.001479191284579064,0.017349941378256829,7.1153486312181851e-05,0.00017765662007336011,1.5976579964291999e-05,1.54197682248505e-10,2.2403459468219615e-10,0.00063908710082747006,0.0010733227599778435,0.0017340929315950639,0.00010938450667935106,9.6700292886767295e-05,4.552701806407528e-05,7.9481421982953294e-05,2.0043359291209301e-10,0.00017193934260495468,1.9848378815516858e-05,2.2474478522365646e-10,0.00055653314412884699,0.00048171476481346029,0.00019456987463302626,0.00032865193262550737,0.0008384097117184726,2.2885949360804531e-05,0.0075022245158532742,0.0010937181403405042,0.0013748880986267622,0.010019718540300652,0.00014948955096549306,0.0028540334471056808,0.00040657197637844635,0.013753353229397275,0.00037166244869462565,0.00028843603320142651,0.001028751797441644,0.21587709183328016,0.0048735509272642332,0.0030734939752762769,0.00064242848305057622,0.00036282095444537134,8.9607383590403647e-05,3.4271771727101349e-05,0.0011060257310345776,6.7076194389980584e-11,0.0003299791680286434,0.001074973000810248,0.0018990960497050735,0.017440697740819938,1.3887345709142588e-10,2.2238599334453244e-05,0,0.0076174271396024446,0.0020107035424544663,0.029098994667055619,0.00041787193685788917,0.00090515554621505186,0.0013840649553473431,0.00027449670600275267,4.7595865814043257e-05,8.1405661772112539e-11,0.00060734957720199473,4.5365889013312731e-05,3.49552623876377e-05,0.0028924112447653852,0.00071803619042298838,1.109493719628922e-10,1.0967049729249541e-10,0.00066148957057667003,0.0045915945731093118,4.069670074404847e-11,1.5194994319058523e-10,0.00037041766389814799,0.0035286767737712993,0.0045401760720955647,0.011500004676655661,0.00057091514645054957,0.006737983232960848,0.0016607294254859756,1.8276641338535165e-10,0.007162241793019334,0.043912068324058647,1.9606209227205744e-10,4.1166761594373601e-10,3.297768599080651e-05,0.0033846460460835366,0.0011850977692452311,0.00041589427247130619,2.0438604518536584e-10,1.6250120026019778e-10,5.8856994188020325e-11,1.5593472411221339e-10,0.0044864560119090343,0.00058945781706758985
F82,0.08119533205982557,0.01109862932793736,0.018831471703214139,1.0566281673169865e-08,0.19903733025242776,3.6863978292672659e-08,0.027244430742561557,1.4859384503126426e-08,1.5987221850362492e-08,1.14979835003414e-08,1.1178421805536865e-08,0.14512650386986525,1,1.6146301734223287e-08,1.4588674012374193e-08,1.4853644287722535e-08,2.4841354088494298e-07,0.17269624502586786,1.6442143923264674e-08,1.6596649234953652e-08,1.3968546402090694e-08,1.5280641838759223e-08,0.046458071749831541,0.040365318964489375,0.032757579181914603,0.083957117010096283,1.3576400867660387e-08,1.6377981250249823e-08,1.3957498328422787e-08,1.3941959395096725e-08,0.89670237260280949,2.7275567933316729e-08,1.4319601541028726e-08,1.2798729298228211e-08,1.1959210734136535e-08,1.3558446874614591e-08,9.5223829289560881e-09,8.5740454330842259e-09,3.84392900267009e-06,1.2166405613982825e-08,1.1129249514362468e-08,9.7810859556206395e-09,0.037960675298904435,0.19535834466760962,0.087372292553738837,0.12219358940829149,1.6287032563545782e-08,0.00063918208506610972,1.4856112040166815e-08,1.1293849117714725e-08,0.11488643466944737,1.7253290448877582e-08,1.0615936166093476e-08,0.063793373266536946,1.265303309302647e-08,1.5873677294620363e-08,1.2428189008148895e-08,1.7947648745224107e-08,9.8364263799060523e-09,0.22593901263202851,0.033600702267447789,0.2659372517517915,0.002011761741598026,1.1460498517181018e-08,1.3335197657044838e-08,0.075563057821311397,0.10148662038647649,1.5168420706149741e-08,1.9685678103224271e-08,2.3116384812685632e-08,0.15392329362038015,1.7005623888585868e-08,0.00064834689238515509,1.370577365594454e-08,0.27704421193434975,0.021121286712044541,0.37209246366535731,1.245273890827137e-08,1.3660533817597762e-08,0.088219773701594992,1.3919406994629007e-08,0.2407561119149863,1.5213592988113652e-08,1.0821893359721673e-08,0.077490420060912946,0.24616274966795532,5.3524074981948509e-09,1.2002006996466633e-08,1.5128081574315947e-08,0.77083456058592337,1.3358247183409275e-08,1.5853935421658692e-08,1.7536136594309348e-08,6.9431437038747837e-09,1.4498457433159042e-08,1.2023570564943913e-08,0.1694418248149997,0.038576321879509851,1.5758848697344517e-08,1.0048002896460844e-08,1.3286869133461269e-08,5.7287252831843409e-09,1.0363446819895173e-08,9.1076917408098759e-09,9.1165255133829923e-09,1.4756771174720632e-08,0.82256834188470473,1.8392701066889604e-06,6.8912973132364324e-09,0,9.997303646233961e-09,1.1473055679876242e-08,1.1395081939692576e-08,1.3168362052172469e-08
F136,3.5154540195082393e-08,0.081423574827883607,0.00027032889233134414,1.5885966665555079e-08,1.1313429203654391e-08,1.5518407452737235e-08,0.069375213236190572,2.0550833722019394e-08,2.0548248280825342e-08,2.894461720013394e-07,1.6571519155460088e-06,2.1506739978082054e-06,1.8589355587405774e-08,2.4809473987952109e-07,6.4691231101880062e-08,1.9299463141985713e-08,1.9508516785723258e-06,1.6707617854869352e-08,2.0980233136702649e-08,2.0564638774861223e-08,2.1321629895136661e-08,0.0020036394339095279,1.9403375148636871e-08,8.3863101697606854e-07,4.3872987513441733e-07,2.279680955489886e-07,2.1330251018697095e-08,2.279025860751621e-08,0.23850067843541956,4.7999918999594026e-07,1.9178449465182407e-08,2.1532989179272245e-08,2.2811394946534316e-08,1.7861114306821684e-08,0.061288619472093013,2.4854989636713918e-08,1.5558912127095532e-08,2.2496752138582313e-08,2.224285452975017e-08,1.9570930326724786e-08,1.7594685771761442e-08,4.041704220778962e-08,1.8827453645524364e-08,0.13885641446545149,2.2803054229839277e-08,1.6354129587406778e-07,1.7400943877923742e-07,2.2110676508524976e-08,5.2566363790623103e-08,1.9708549525058178e-08,0.0027979580933776326,0.0003143456959186331,6.6256037894824615e-07,2.1033428594580106e-08,2.0648934831138629e-08,2.2393455984683008e-08,3.9631219252582961e-08,4.358142489199036e-08,0.0035432519523633616,1.8373567143719393e-08,1.3776191332450758e-05,0.50216477279298721,2.647721899576327e-08,9.3582840599130359e-08,1.6310823593186655e-08,0.0026207377918650255,0.27355290493407819,0.35106817575493976,2.5701514607816541e-08,2.6140879354699609e-08,1.5050839891760901e-08,2.0770579759982269e-08,1.9984782696573032e-08,0.0077372500428638646,0.48417732887871934,0.00074037437640698351,1,1.5319124893990852e-08,1.9712781076796956e-08,2.205482868878239e-08,2.0001265864533174e-08,1.569182180155577e-08,2.2939288649961815e-08,0.011676330220743001,3.5691350726178356e-06,0.003970152565339535,1.101403369541777e-08,1.1913888178353212e-08,2.3757558625599842e-08,2.8332904086110269e-05,2.2529014668024955e-08,2.3087628464331628e-08,5.1905060000145378e-08,1.6200304942841672e-08,0.33991855961649253,1.4247525306563581e-05,1.8900424333467842e-08,2.0548467680641662e-08,2.1062749953737573e-08,2.2317874135082476e-08,3.8142771170197635e-08,1.366097196281312e-08,2.1134859127041189e-08,1.6930785906230434e-08,1.6937888814514717e-08,2.9238623060055844e-08,2.2525301696298274e-08,2.4319043328692103e-08,1.4085751260371284e-08,0,9.2062962096733991e-09,2.5726942997692998e-08,0.00026822738090219423,1.8037925873377917e-08
F158,0.0070255911740722994,0.079639337498331436,0.0014325968964280966,0.001639270313040132,3.2710498034541709e-07,0.0015844748570912372,0.0019073364264334798,0.0017579055583970401,8.6626534892655309e-08,0.0093341048843253865,0.38630718825554655,0.020362539217982818,2.5814344446899892e-07,2.6621075638718496e-06,2.2458807875207027e-07,1.2775481131800549e-07,0.0079914716978050637,2.6533434159588448e-07,4.5258133415200368e-07,0.014024699310588442,1.1101082880347878e-07,0.0078244327320886528,0.020212635067980583,0.018589546380945687,0.0038317119935863293,0.0040169897861863212,1.7840796341869147e-07,8.4060159967944899e-07,0.0030332240235504335,0.010301631938258742,0.030887517316148881,0.0055875263506754156,0.0123875709796248,0.0045894653418897579,5.8436693673975283e-05,0.0021271336422519689,1.5281082510751064e-07,0.0045312056439383219,1.2170536808567016e-05,1.0670975678926627e-06,0.0071561739239025353,1.4792127478520346e-06,0.0070128832630225232,0.0033192866903116684,0.012256241519607665,0.009514175600599948,0.0035188721965632806,0.0068589113249195015,1.1583421403404158e-05,1.4490994025984778e-07,0.58150733504487362,0.0060615772975632469,0.012509603026498225,0.0013587806896292783,2.4531789285984496e-07,0.020480191455168096,0.019911355528827748,0.043765893816131544,0.016552925590494344,3.847158071113977e-06,0.25459714517557691,0.00061268303860910272,3.3900222223743485e-08,4.1338439030483112e-06,2.0711306628062597e-07,0.0061943937131823936,8.4319587939393301e-05,5.8333966927415079e-07,3.3668949988807737e-07,0,6.8613021000469123e-06,1.9445747776430956e-06,1.6582602922459065e-07,0.0051187440534216956,0.0073625592895382608,0.012107765893240236,1,0.022850324763039172,0.00048669006785393039,0.0057520639400453662,0.070878918497931057,7.4387340795656169e-08,0.007353765579882628,7.278802071245754e-06,0.049749859315076354,0.00061429306498777267,4.1807992457365765e-07,3.0161625936127131e-07,2.1156932593799067e-06,0.0099531299282941983,7.1067672138678537e-08,0.0018387601418966512,0.088590646892326763,6.6486528557449337e-07,0.021041476501594013,0.0084505583135052117,0.0013608547928443972,0.0073020834271065611,7.1121011536655782e-08,2.2184027076218723e-07,0.038472983857944072,1.7493082671365194e-07,9.3698180977346672e-07,5.4853830449027244e-06,1.1390885247151036e-07,1.3912474051227741e-05,1.080553608803346e-07,0.007956781537778625,6.9520613404353299e-07,4.2002972268440054e-07,3.7952609706001022e-08,1.3137076078676578e-07,4.7648584654800418e-07,6.2707576298206361e-07
F42,0.0048381743332290899,0.0062385244032670565,0.0071452932130117667,0.055362936410216342,0.00056368971475477536,0.0023711006381923467,0.028419223036941586,9.8375059672296146e-08,1.0471003876273073e-07,0.022999088716398598,0.010129083697049148,1.441326649090831e-07,1.1821215945437119e-07,1.2488907803970585e-07,0.014498150110342905,1.1062151877480769e-07,0.021399382658672243,0.016238574727937317,9.3368333678263521e-08,5.5743062906507552e-07,1.1828909944854452e-07,0.017830019385126992,0.036062025797913441,0.022370569006137191,0.033053566750370238,1.1301910089207601e-07,1.0544457284365081e-07,1.1165893238812182e-07,0.014210153807578686,0.0018207476057570016,0.017365687588575398,0.0049299337411700551,0.0051881368174147829,0.0091381085772751815,0.05895433925199129,1.4376654893222564e-07,0.13190233942338367,1.4958110521390333e-07,1.1752505127079171e-07,9.4176016432725655e-08,0.013736735740471143,0.019086692132724636,0.023192704278876129,0.019543839075547426,0.0063052806547408457,0.22547939398751324,0.023790253606239032,0.019677084988987844,7.7798069691752517e-08,0.067959924920302769,0.88000611461617606,0.053754006409628408,0.0077930857292705467,0.0075153013535536432,0.00066566439390884223,0.12200329665752743,0.032909245999938795,1.599620908100576e-07,1.2831351498370577e-07,0.0083675089943363694,0.0086031929286790459,1.2915289893837774e-07,0.15832292774712836,0.22596979596735267,9.4884372639402385e-08,0.013432366506751817,0.00045994858197901544,1,1.7495295235151452e-07,1.0576125862919182e-07,0.0059569425528807176,9.9681359829175279e-08,9.7528101942703566e-08,0.21389914308923755,0.010806702856740133,0.0013240186047187054,4.0114997125089181e-07,9.4520860814105095e-08,0.00069587576280045647,1.1613714310325727e-07,0.0061286951151974557,9.9489163907103618e-08,0.0097138702184752894,1.1452340445022024e-07,1.1519397249804899e-07,0.0068624059803087563,5.5284816130029374e-08,7.4148799592403048e-08,0.015822841970587417,0.0069421561303881435,9.926145237759403e-08,1.3224176400298872e-07,1.4780352222386851e-07,1.0901578029573069e-07,0.25514898510933576,0.02489181674110481,0.051806933387306513,0.038855334215360395,1.2079264146034005e-07,9.8991477491117987e-08,9.094698885644344e-08,6.4468365596517056e-08,7.1494731400669913e-08,9.3582561754413038e-08,9.1604032043733371e-08,0.031517425903057547,1.1871119350488641e-07,1.2872460699630618e-07,6.9325220842735523e-08,0,2.4037217145725224e-08,1.0615878436557712e-07,8.6012650117490661e-08,9.21704738980534e-08
F91,0.016865655267857781,0.014388612138384091,0.017984346461717871,0.14218204434428036,0.0015420874026840013,0.015872200499803042,0.098698658475994586,1.4358159925914862e-09,5.3029034522980103e-10,0.10184638049766795,0.03545827175341023,3.6683333405452546e-10,6.6470717038778329e-10,4.7732270735340754e-10,0.098116338200935238,7.3943190398412564e-10,0.079021388636486167,0.092691085924541325,9.3349275292666044e-10,6.8917689792826591e-10,5.6538218976391387e-10,0.054640218361653531,0.029828306937663248,0.032860439473560356,0.00028820707805699263,0.000191771098261871,4.139112650649108e-10,4.2226258521887094e-10,0.051211233261843576,0.011344448949022694,0.062630540901825696,0.019661056480680981,0.018653746121137366,0.061157150139782533,0.084589263896074879,1.9972248018948836e-10,0.88217602664379269,1.2806522707559348e-09,2.9535294740951127e-10,7.4237813245672871e-10,0.055771493278914341,0.080921963113731565,0.065823841740751191,0.083540924695888877,0.023881942121283983,0.17876097599903576,0.08856440454430721,0.064149530942920821,0.0023098239860748606,0.24512527778459056,0.34659051175300326,0.021147352751922806,0.030879128933465397,0.0020863936536052344,5.3801907456372952e-10,0.43232469258010608,0.0032062073923325883,5.8808214007735032e-09,1.4839310439143727e-09,0.055571654365248621,0.00064898575769100719,1.776867220278205e-10,0.57535192990733164,0.048051667375595422,0.068065864083871788,0.035273955792787769,7.321393560235767e-10,1,0,6.344349557422213e-10,0.040018045219148937,5.1485706364542383e-09,7.5005356164508817e-10,9.3952943931095188e-10,0.014011485567806257,6.6974296515250127e-10,8.355246639916773e-10,8.8668678669026967e-10,6.6245217413667148e-10,2.6687137673473785e-10,7.0386410833315403e-10,1.0077248614065493e-09,0.0026836505163769127,8.0810173603361481e-10,4.733136599471577e-10,0.045994252659836053,1.8140165149635747e-09,1.342410273249814e-09,0.056904803727350808,3.7803919736137685e-10,5.2434448527849144e-10,1.401567240143443e-10,8.8651187258895996e-10,1.093273005531401e-09,0.003071619424862955,0.11102128951196917,0.18629614464668878,0.12158648276688523,2.4617264460914929e-10,6.3608863342655673e-10,1.3461366739075037e-09,1.2124103692933187e-09,1.0614904759348729e-09,8.2399464710428387e-10,8.9224927532479058e-10,0.21136661821542593,1.365426309442552e-09,9.6416732656407264e-11,1.1393396285161167e-09,2.8698816268743091e-09,2.2321966830834496e-09,1.2519781799310562e-09,1.1324702660395923e-09,1.0119760222824478e-09
F95,0.0025491127282259692,0.0027102480739374813,0.0035185239767042652,0.0033436333780636216,0.022449530103262758,0.017991717416090267,0.022727292529454129,1.4191724952057992e-09,1.2697871115402436e-09,0.051570667772263878,0.040838060996263421,1.5462600464009655e-09,1.5412751760375357e-09,1.5463218431891138e-09,0.11118315083837722,1.3530988887722541e-09,0.022195175519381844,0.11841415314246249,1.1867320724716908e-09,1.2838015147524191e-09,1.4524833667170344e-09,0.0067407205187009463,0.020339625922436745,0.0069202525820512961,0.0078749865031745737,0.0028933121184395809,1.2382087432465457e-09,1.3752979783292969e-09,1.3505477650790563e-09,0.012859826484935919,1.3857421294743414e-09,0.020139200286490928,1.3393256167608398e-09,0.069322834180529327,0.076490994114894212,1.2015184023460748e-09,1,1.5756146303063301e-09,1.5176536668571552e-09,1.362767786683106e-09,0.016270940267049675,0.043487015217523857,0.001092087078529206,0.077840741064933494,0.017256188173693801,0.090447124710571911,0.038446906014785238,0.046685527521820994,0.033623737637452945,1.4886892745789532e-09,0.22176233103464815,0.013807286139496406,0.020371828320859001,0.0040949766902174537,8.3532621465825418e-09,2.4733337607338746e-09,0.0067723014078430776,1.1137329742961894e-09,1.5443560713068607e-09,0.062999843817794207,0.0015507391015321251,1.2001879021845388e-09,0.12058547282506481,0.09648888007185713,0.99814144832289486,0.04115256237990457,1.8058014461068407e-09,0.50053531895394554,1.2562383203237936e-09,1.0932389185457571e-09,0.045356274358074988,0,1.3418545634831317e-09,0.048108421530170441,0.0013643525154682817,7.0817329458910507e-05,1.3509253124636973e-09,1.4670526111827188e-09,1.4483078484628127e-09,1.3127913751454169e-09,2.2211458530996756e-08,1.7625751829229781e-09,0.0053381362121026369,1.4017790885259467e-09,1.283710753674e-09,0.052133017052145098,1.4747182449267194e-09,1.1878489318402866e-09,1.1756840118718255e-09,0.0016851066484571521,1.3110372025718679e-09,1.0633474410948373e-09,1.6505376183140201e-09,1.7171351264747028e-09,0.059855409984844697,0.077528046775094811,1.551754466213794e-09,0.046671046434039326,1.1873246145396578e-09,1.4187861094173297e-09,1.510098227802397e-09,1.9671588597081971e-09,1.9671704396925992e-09,1.4789694107607317e-09,1.4914428795395575e-09,0.23957582419923545,1.4763395448200161e-09,1.4889218281987724e-09,1.6131518291990613e-09,2.1148773676485692e-09,1.7807375507231786e-09,1.6015405233758083e-09,1.8147445822144014e-09,1.8554332516329628e-09
F59,0.0028211795193006884,0.0024908318786002422,0.0033945446339240632,0.0024077000531307815,0.022420739053397018,3.1547859000635142e-09,0.011158842051958114,1.5894015420013771e-09,5.8479818834390406e-10,0.00095104492593379249,0.028242911391747168,6.0412670084802251e-10,4.1498800990854873e-10,8.3818515461187911e-10,1.2642480633187141e-09,7.2638546443409997e-10,0.014176588623059851,0.014308812202181449,8.0337153387196966e-10,6.2154872784072361e-10,1.053544613605249e-09,0.0071238299909727456,0.014609342565630333,0.0043565433830202657,4.3827773208232384e-05,0.0029397131487814074,7.2892020154683784e-10,7.2850053089341245e-10,0.00084052118610087288,8.7380455407176133e-10,0.0010310615317651254,0.011618666985807232,0.00030674798897723686,6.2943169382189605e-10,0.00046378346290682686,8.1681046330932565e-10,1.0481964131932514e-09,6.1260356519493276e-10,7.1272567925543536e-10,7.2938812624689518e-10,0.00069518451515380075,0.0007117043670865136,0.0011359186335915927,0.017047483194299995,0.017677493474759786,0.0022865103001371264,0.040030800854176415,0.047639747735537363,0.033679961682148651,0.0040373005894179109,0.0055147961846866789,1.5954498183357291e-09,0.011693176551249514,0.00033340661924249768,7.2264281782832979e-10,0.0078651931853797614,2.1167233649460195e-09,6.185353915518857e-10,8.4274205497574818e-10,5.3585029932675662e-10,9.2920733730303829e-10,7.9089700035748937e-10,0.13030905083697661,0.0060081974299025951,1,6.9046975343306312e-10,7.6844823312361591e-10,0.3544734193223445,2.6706056359877258e-11,5.041707344792837e-10,7.3895473661236549e-10,0,7.5479278834038148e-10,5.9110183026077907e-10,0.00022020352384850505,7.1760631866789688e-10,9.3738443906306023e-10,4.675553127593497e-10,6.2002798310147853e-10,7.4556845813425681e-10,2.2918050580735315e-10,8.8521787171172185e-10,0.00040840905100043276,6.1744433955563908e-10,8.3535527911028036e-10,9.0594265535604409e-10,7.1883933852759228e-10,5.3244469786117225e-10,0.0009357254778770115,9.2389169572246193e-10,6.0196663397222927e-10,8.211953380337665e-10,6.3762914572161119e-10,8.0290558559185192e-10,0.00022663326989139912,0.032077474327205528,0.0030693861006621721,0.032777476738625876,7.9242097713088141e-10,7.4463104348496168e-10,5.2631457174665205e-10,5.3062479349971598e-10,2.9733888555946792e-10,3.0954918826999019e-09,2.0082892771548068e-09,6.932881743387596e-10,1.6223321670434208e-09,6.7985621792310011e-10,7.7282753807062098e-10,4.7621469055355108e-10,3.2993679272762644e-10,8.8351459171240724e-10,7.1375590968937559e-10,6.9417071811898156e-10
F106,0.028448664431057175,0.021886273497886268,0.021539937000605358,1.7354995988747916e-08,1.7619098456758512e-08,0.0026428081489464515,0.11454340437861633,5.9453926724405803e-09,6.5930240914141441e-09,0.0015940528837345795,6.4592755151062149e-06,1.1172310097621096e-07,5.0887678800107658e-09,0.35992421913610523,1.1552628194536168e-08,5.5903993381625969e-09,0.17156413432541578,3.1872482629291393e-08,2.2402117969855912e-06,6.5682499437912997e-09,7.8410448969045697e-08,0.001991182696113313,8.3560305392048326e-09,0.014890299157337805,0.00021149183725744432,2.0405250789133997e-08,2.4025270138551185e-07,6.2461152495318386e-09,0.13121691246744491,1.1849437174123777e-08,0.14279131255238878,1.3728977888611044e-07,3.2625389793952699e-08,1.7058188566678952e-08,0.00036935359174288353,5.8913598221076651e-09,7.888254452911254e-09,3.4773344465353389e-07,5.7093710730612024e-09,7.4074756046157067e-09,0.068035280445285798,1.4318047410051053e-08,0.12300441092115265,1.2484269235916355e-08,4.0560721242016152e-07,0.170079844199688,8.6270613217960946e-06,1.5514041193896086e-06,2.9137111153449055e-07,4.1186885315623769e-08,2.4118461061952687e-07,2.9261574349133178e-07,2.8466196013960825e-08,5.7774335177238596e-08,1.3816391668826724e-08,3.5361219342352821e-06,0.20639578557299024,1.8807541744322369e-08,1.0052015404984825e-08,0.21351655000998979,9.4665499346733762e-08,1.2478832261968618e-08,2.6951651516903196e-08,6.4244343518948222e-07,5.12818730389979e-09,0.00071897307206262749,3.5867033251631566e-07,1.5451895187816995e-07,6.0710971199800851e-09,5.1532132664251832e-09,0.0034152655809692994,9.2263913604164481e-09,6.164811800690205e-09,5.301026852864817e-07,5.1390161155624918e-05,4.7613285264349327e-08,8.3358699141658389e-06,8.7543514516549491e-09,1.274802997252853e-07,7.7224394951219066e-09,0.00059193197441531891,6.9535668303019492e-09,0.0023842276837199457,2.6506943328996463e-08,1.8361912883459365e-08,1.0385850107851006e-07,6.2728088601004614e-09,2.5269959838300861e-07,6.2131443991296711e-06,5.4661836006327082e-08,7.0039864138526415e-09,3.6034317336400641e-05,1.3530831733805418e-07,7.3143579976171674e-09,4.0467623030208356e-08,2.3693013889009614e-07,7.1765967619968602e-09,5.2394446840428017e-07,0.0043961401317568587,1.344148121868293e-07,3.5373341408689408e-08,1,0,9.4737211506838672e-09,5.8836715353945227e-09,9.6752647697478302e-09,5.704767414392706e-09,5.277148905440353e-09,4.1689959970091254e-09,4.1645337910793897e-09,6.9692844688513576e-09,5.03970614363965e-09,7.3426630835236287e-08,5.6013100742738388e-09
F109,0.0036456750273465856,0.0040883322198393959,0.0068232969763132806,0.0039866594412277731,0.023126928633578892,0.016448561726890236,0.10587554236214032,0.03939248450126373,0.0017538317669383362,0.10220187515675505,1,0.010317024667058479,2.891458855198481e-09,0.056292205076494628,0.04671260006153375,0.020300523870856641,0.020444535729581013,0.065694364675078915,0.059228582510027473,1.3453140150999918e-09,0.0080448981243208609,0.11081903594954527,0.16088461268379142,0.0027827488556045688,0.0040244486521776156,0.0031187556343523467,1.9086867879584743e-09,0.018912209137949693,0.019240839957228032,0.014260592159338888,0.036898495480571128,0.034128084194021552,0.0080624173076534432,0.045943710685607909,0.022994142481033045,0.035064316817656191,8.2080099535466898e-10,0.020186696151693495,2.7817022689593137e-09,0.0036468277559144361,0.0046432324677175615,0.099717621699513523,0.010587005286022213,0.13277631819234625,0.0035624413765013977,0.011352305357903998,0.032979602886398222,0.024059051583002772,0.018010168600140649,0.021735136652574261,0.018175967205887166,0.012726785590657805,0.3761209616862301,0.011510706570178171,0.02741505686197165,0.018736099123915103,0.0099355675909842591,0.0066731922308245189,0.028488711161083896,0.0084995792381328764,0.0058672200479623774,0.01039141466202493,0.03012630447623291,0.0043198844764650432,0.1844468027950619,0.023747914628352514,0.0039570029305572825,0.025291418809549101,0.015064599854783232,8.6085572399035828e-10,0.0056464972044704522,0,0.071068494560231621,0.018153913601461923,0.12603632174681162,0.0050943929052026,0.027223451226160687,0.021773093863037694,0.013969057747377172,0.0068359607818668207,0.029372539179335071,0.07211563301956489,0.019703845745070843,0.023261153884843348,0.011037325056294631,0.011519871289896072,1.760526642319053e-09,0.044922873339300853,0.0019291576395300838,0.0077499167874681193,6.2055488968211641e-10,4.6343996218197366e-05,0.088276522037052579,0.27932204028737856,0.020125853708576731,0.043157467894793362,0.011493924090899058,0.0016978182735358101,0.0088220617905937285,0.01868516573928455,0.02382480157693204,0.088327226127153255,0.65419972718109842,0.015561800288850271,0.011664422809139673,0.039767358326395046,0.043512703803402573,0.032899676320468134,3.220536403621138e-09,3.1732059061725718e-09,2.4161382009806145e-09,0.056341829553639478,0.22372831716108454,0.16191721586174762
F118,0.0024936542280883825,0.0025269455771743752,0.0034950707975259995,0.0032206265520806411,0.0050402489258442968,0.0040445743142437053,0.0090737606285540562,0.0041452295530585602,0.0042786349547697987,0.012494387658204173,0.036176471014155547,0.0069158652963447189,0.01374743032427362,0.0063803006510571494,0.011627282177034222,3.6973365232874471e-09,0.015484994282493111,0.15608643496533939,0.0029230118067541792,0.00024279931085663734,0.018899400901868004,0.0071227126617278962,0.57294946938102165,0.0042749222649145612,0.0025437963011323448,0.0059206417271329241,1.7606698293209126e-09,0.0086853796383251063,0.0056605442192606045,0.0052043775384770698,0.028507159999193774,0.0045605438179661647,0.0025177770629065334,0.012102697478702098,0.020463544111415159,0.10063272001936027,0.017310595736229024,0.022339899318898338,0.013525406311146994,0.008711910974318603,0.0055960105619935058,1,0.010830057435795236,0.45281751643798351,0.0023951017433737447,0.0056784202638381102,0.0072263724772606737,0.012509070324227649,0.0082003776566517798,0.014946247023743255,0.0063416856054421952,0.016127331117751414,0.64609747029717435,0.0015469217575794865,0.0043533183166606371,0.0073733958745270424,0.0051312460659011308,0.0067066625760448971,0.0074083072562389288,0.014863160051795634,0.0030453033081862401,0.0023372981066369773,0.0061318816123238726,0.011288492123133568,0.029850000794037657,0.0020644832107026075,0.0021827087803214925,0.00085555814821721787,0.0071626767255824784,0,0.002728578678385208,3.5558173740065216e-09,0.00087925602485007125,0.010630497169912228,0.37949351312289686,0.0026597707032727761,0.0024748416603314325,0.0033233084422956277,0.0036459750784127599,0.0057413757230883322,0.00082381582195990605,0.38142255360626848,0.0046210259163456547,0.011167340642283793,0.019809438902365927,0.0096789149088532672,0.0073320455443023173,0.010810024710481153,0.0024178557646675775,0.0035595075500302917,0.0092331448831684329,0.0088944161581137153,0.0080394613357879091,0.57150833323841921,0.0024051152285012554,0.0099321033190455672,0.0056677087006379231,0.0039587100673947285,0.0025315221602234899,0.009647994185693785,0.014155792364114912,0.46511095209471004,0.49835290015880951,0.0058608944456883865,0.0022819518789962533,0.016025213723998667,0.01372132951815095,0.018794953252826666,0.0043563321281605422,9.294533137694948e-09,3.7527276894412659e-09,0.023928146170519901,0.58201223865107132,0.21072577443390375
F20,0.00022509237381551208,0.00019591784116435571,0.0017213193650423354,7.1941477118739531e-05,0.0011612417943419248,0.0031185387078782058,0.0055873375109873205,0.0077308405319977793,0.0097577422333434451,0.034264883479642301,0.020921539335506209,0.0025291961617450237,0.00035392605833693284,0.0018210539845373856,0.0074615018291683127,0.016070015463616034,0.0083469508509513689,0.050991128626662996,0.00022715493143248046,3.5996521735818756e-08,0.010420865367424067,0.003082310711311377,0.86841975175127883,0.0019188513919488504,0.00092519471831810341,0.0025354712634720823,0.0016388299206056532,0.00087384932269280737,0.0017493024737084196,0.00094435124033349839,0.005713550255380311,0.00083593929578722041,0.00011464531050966297,4.480477343757609e-05,0.001713635489452943,0.0077727643519694004,0.0038181518648289082,0.015211741958989354,0.0054162573317811363,0.0020011856074326189,0.0013695353393181359,0.58734553041966786,0.0048862781914238151,0.57744235053988735,0.00036754838192021316,0.0024680491577083988,0.00063916764044650383,0.00063055594154405419,0.0016740288156929595,0.007961881489660495,0.00071387138275319896,0.026163776741815078,0.92072880019606052,0.00036454983574508683,0.00084384659218953676,0.00715318505754034,0.0037745876290967385,0.005960249268538189,0.072979651543073482,0.00047764269568908741,0.00030948424476299769,1.8464275654001102e-05,0.003444812947939573,0.012665893647490267,0.13006361216920598,0.00076313381016780268,0.0024695061739279513,0.014563893440368573,0.0025684299937941816,0,0.00079161617647434813,3.9215698898187307e-08,5.0896630007197529e-05,0.012500793700419122,0.55305591149168865,0.00069347470563367055,0.001090431996293145,0.00069351930093452011,0.00099258688725704946,0.0002894115945633314,0.00079407621810964548,0.45185730291573778,0.00042366965499197998,0.025700630529062272,0.0030259353864408511,0.0040106395118869797,0.012873343180223689,0.0074289153489812713,0.00022575289591513891,0.00046183885279623712,0.0091244567875982015,0.00049634518181424934,0.0018342630346601635,1,0.0020542707841538018,0.0019781379764688294,0.00047377604746749459,0.00085443384755952119,0.00063453986795502506,0.0015444500791244216,0.0098991807411475605,0.67639996306146155,0.69675798160276936,0.0026370359500114335,0.0048129844563523953,0.0048992908554735372,0.0066062227798786601,0.013830760960465635,0.0017966394901162246,1.6083420533902854e-07,7.4471278255115334e-08,0.016447213883209324,0.83083398079048643,0.38527227214224946
F5,0.00086365727759747267,0.00055855507034905088,0.0025836913361714556,0.00050880321288831066,0.0037371593537356283,0.0052806765174984041,0.0069278300227371293,0.014794795176215701,0.0051319302978056428,0.02638142446171915,0.0097895587836910655,0.004743353753038337,0.00047892364934378856,0.0017540576295726861,0.0058197391858545652,0.0094293105905787402,0.0094156869930849488,0.019864562651343794,0.0023967372115155931,0.0014299878754240067,0.017590273308131586,0.0043820509197827233,0.79297469139306365,0.0018723456843791431,0.00094063072240889185,0.0083692701538206644,0.0055538004401283116,0.0028919377413889192,0.004521487021743255,0.0044022258852104484,0.034307791145240914,0.001837721585336304,0.0013611473985866349,0.0011432603262659486,0.0023601586600013611,0.02970603649332685,0.0068452615415384869,0.010216495231747022,0.021346897236565642,0.01092283147537945,0.0077767119680740709,0.205772534677262,0.0081821240915453571,0.63650041917013322,0.00081337364180668933,0.0028749272590105615,0.0026177896300228084,0.0029610252317457605,0.0064109760438905063,0.012289907625333357,0.0017968390102528764,0.015427215931533426,0.83632329497042135,0.0010426284391823733,0.0019831195287467211,0.0031396544480092126,0.0049428782184064357,0.0042951247058955122,0.0011525238612778816,0.0010882817335363673,0.0014429768405667812,0.00098193703561026756,0.0013355286151055003,0.017382018880688979,0.089295514008987137,0.0017786224055477869,0.0021905228552143155,0.0055511738393567399,0.0043147281661647273,0.0013324243483535344,0.00092930423551917181,5.0534968418696376e-06,0.00044406779168804848,0.010664228825951206,0.49715623083831512,0.0022589700520309576,0.0037468834209748291,0.0020857952855639116,0.0017808187101922821,0.0013212178985588241,0.0039556018877434651,0.46017717557826182,0.0017053691523820469,0.02616736926330129,0.01454982674088541,0.0092362879216066479,0.01305448622440993,0.014365853045368188,0.0005688655849524426,0.00088950509694985815,0.00304060896444934,0.0021333211255347567,0.0058192702120119467,1,0.004271708661546675,0.0016580949007919089,0.0025817070692598478,0.0022740265978299702,0.0048411456233461714,0.0015470291661803083,0.011553070104713171,0.75269562317335215,0.44544661855822293,0.0019587759705133353,0.0029108298634028186,0.0028439647382905281,0.013835127662811638,0.037935620129680409,0.0070559172647726848,0.0025744916912638365,0,0.014371711146725329,0.72377416480601464,0.40749087750391461
F21,0.0031257079581156087,0.001478794396994988,0.003669911373376987,0.00054051791562799239,0.011942449665231026,0.018435797551582395,0.014409118696630609,0.047100460670420008,0.022113538420105237,0.12319343354912191,0.019114644011684584,0.021847775318124572,0.00090482629822408449,0.0085451286899564972,0.016094759786799914,0.018435785540613814,0.014425652043169708,0.020798012417318969,0.0042368012150832664,0.0022864596294346166,0.020782879204049948,0.013335607084830831,0.92565090114974169,0.0035678374478381771,0.0017869093986534847,0.027680130809375227,0.021098305626164864,0.0019442119787054348,0.01743277297415869,0.015287422691850974,0.15932645899749059,0.0044005117196778973,0.0054218930453444822,0.0037853650546589065,0.0068006648775618059,0.031923356415965595,0.03444460987029821,0.012396568629752403,0.024859086628170116,0.046548858209652585,0.034539677885849988,0.11256022511768361,0.026123261191695894,0.85585326815201124,0.0020558629275375133,0.012140717465264499,0.0087477876111699999,0.010540489669561668,0.030882416525541963,0.048706269376412321,0.0058804393082689237,0.07127182788354211,1,0.0040122866072677971,0.0048058105204525151,0.012860069088102994,0.020918432586099493,0.020685996578291038,0.14234388514404575,0.006106204873961801,0.0076892317532631562,0.0030843650563195848,0.0055294469484042904,0.03252186529659315,0.021311854740992842,0.0068011896904831013,0.0061458492138521444,0.048582151975572641,0.016064418982374141,0.00033669616795771587,0.0037383193666041333,0,0.0021021654659243599,0.047268180209103658,0.62263994995997274,0.0071562006545391891,0.014467620069721526,0.0043664331229164941,0.0042290086496019168,0.0077034695717058477,0.011415734544444549,0.65505052614000014,0.0053500994648913109,0.098980321364226617,0.03005078070899822,0.023602978280012427,0.022750363132831034,0.033608912818265141,0.0035161500245395648,0.0025366921579051565,0.013483148316419304,0.014259646370304026,0.014755773115234846,0.98381020474206871,0.020780753912879001,0.0044900528187879528,0.010530541509159694,0.0079128466359176478,0.020679138037071991,0.0028089904519564904,0.051799088472253396,0.99653612488557253,0.34511666672978319,0.0029207248011092575,0.0046485513481220814,0.0081584888406420527,0.010376381745838388,0.060152964062010039,0.043659568576577018,0.0054036111633370418,0.00036107269962249653,0.01711489556226,0.84841392371350433,0.27325497323376008
F34,0.00059629634070021181,0.00068445471923214024,0.0062396263271334157,0.00015710130158338312,0.0015935177421073123,0.0033803375157084219,0.012625095533436997,0.011541965236346494,4.4200657231837876e-09,0.05212101059255863,0.007697762755053128,0.003786449571781082,0.00035647543805780821,5.2809720710795529e-05,0.0039930665660022303,0.01608169485114409,0.020583781804880547,0.0017828489891620325,0.0031609303149589276,0.0014832274726619039,0.0046625582938454703,0.0086857649479644018,0.25058487019502301,0.002477973448515297,0.0011441527206952466,0.0030391255902971078,0.0025306828724630925,0.0013427525633297765,0.0045837189856964399,0.0026394359634236003,0.027500745704660007,0.0013840992540413346,0.00066148563531664051,7.6457688227111356e-09,0.00067336325289181747,0.0051025400138769612,0.0062076659604421835,0.0050784329166480725,0.01336549577868359,0.00031059578144383552,0.0012578327215524974,0.023608123725241823,0.01241013026410176,0.25345429653045903,0.00053110181245744439,0.0026351762846079842,0.0016479315919254354,0.002358045243878738,0.0015336941412717737,0.0077641586153426746,0.001145431606802486,0.024272951844967597,0.33779315138777533,0.00052157129500550242,0.00052724795970634922,0.0038714394930113847,0.0037573088181252329,0.0014413621394187485,0.00048903389619704501,0.0011203796157463676,0.00030770399166914268,0.0011618714131944347,0.00047967562020414086,0.040529749331532063,0.2191240456319915,0.0017190918383365825,0.0014930355451590561,0.0044279623460923428,4.1387585677883832e-08,0.023668058080655995,0.0018210693371014694,5.0962319796913984e-08,6.473469914767392e-09,0.03194044675868888,0.26018944577151193,0.002832066508056522,0.0065475314813448508,0.0036163299290417439,0.0015026816082717147,3.0905509977728087e-05,0.0073051019969295776,0.22626252247567349,0.0055548671116570619,0.055855760429864017,0.038783728622221909,0.026685178511100985,4.9997635507744962e-08,0.010239709267254508,2.7828075736286442e-05,0.00095861630654744804,9.1217478165965547e-09,0,0.015857453816322448,0.65312908386001434,0.0045368846178598932,1.3757556820705668e-08,0.0018395580943572334,0.002967220632437343,0.0037560303948763266,0.0030852170367636775,0.019635245827276816,0.38421873088151609,0.26799188079798558,0.0045614978953643272,0.0060790814345065506,0.0018072947771803382,0.0066457562998269029,0.027698106068521154,0.016429978520288355,0.012567193723063995,4.216205387181472e-08,0.065028837163266531,0.51498844877904293,1
F119,0.0077468758689335868,0.010790058472556242,0.016518542220889026,0.0073101880477735599,0.011438764224479685,0.010274232745674012,0.039542276981169321,0.02205029033293085,0.034800225771129033,0.043791061219228163,0.016682515241291929,0.01905836564442439,0.00035810239241670575,0.01225624766080903,0.038899210383044308,0.093686610419993335,0.033304161662801111,0.013467976866821501,0.022255433778551499,0.040553649816872504,0.083604023141217121,0.021433312149071682,0.25948013297089639,0.012761492464037677,0.011173945550539313,0.012861463937452886,0.018933947709702189,0.0027814354402606258,0.037917440227812946,0.018527489447238987,0.083840917962569941,0.013247026865044573,0.0075638800671331734,0.005110163101085894,0.01226043697142536,0.01874374331300574,0.036078297527671388,0.012345391345027183,0.19577917334364794,0.0012132888602636267,0.0088757493308838954,0.030368981345303896,0.025480272203636998,0.26382761683514877,0.0093224998402500741,0.025420169076414031,0.03087332237044622,0.020435872904113937,0.016453329677925729,0.041196147155286765,0.014581482190325399,0.10281433334004471,0.33861038715172537,0.003573617453167558,0.0049208458861543071,0.01062549323845885,0.02213826415549501,0.0082994574858464634,0.019082424002283022,0.0033282857477656769,0.0025976951676233138,0.02090340838459424,0.0042113563615296147,0.047959252368860533,0.24588487619917543,0.0065423218741906992,0.006871370631574213,0.020707423235200126,0.0042097087008696613,1.9315684645297806e-07,0.01920950436063373,0,0.0078613899724958684,0.026972364390418422,0.2604489856159467,0.0062652423716692525,0.008161610789535546,0.012949015518728107,0.0061046997005915976,0.016365943226127434,0.0092726690750896939,0.22992412191405556,0.035636382113277812,0.045943787603957204,0.075012095737257325,0.061797908699685454,0.0033564445928739219,0.010899780093922956,0.010496627749951883,0.013803190374053932,0.0024981371068212811,0.0068299247613974878,0.030936750531615365,0.65710635705254505,0.01128097747927328,0.0087364670667642013,0.022110129665194499,0.017099180769863213,0.0088282437429244177,0.027027669518236076,0.036167499624819285,0.38362464967794829,0.26530787975543696,0.014351975170650814,0.010325507662469454,0.021090853654697601,0.095623964285076551,0.24004138545968992,0.041209422948719335,3.325539130200317e-08,5.3399719553852075e-08,0.051153907907556202,0.5574103498967472,1
F154,0.0037576476973854435,0.0027168950556177122,0.0062439295842691657,0.0045258864372656801,0.0047473266898282974,0.0046086293294734541,0.0026502788648237524,0.0033161712999839931,0.0048403550604358744,0.010389998957552051,0.0032957856889264002,0.010275656807391551,0.006988431625468648,0.0057452522892588566,0.0085539401544799387,1.5019561352372181e-06,0.0022798053972455838,0.006532744022762391,4.939516785584268e-07,4.0378491517286213e-07,0.025338008721910308,0.0077888188724480273,0.0019839909512221025,0.0081141610823899438,0.0040207277062118459,0.0083897631442007587,0.0018116698282063316,4.5488432162664245e-07,0.0052012167224900633,0.0023855089146182433,0.0058474168638948327,0.0060860669842021957,0.0017556445712423579,0.00093840102667108499,0.0022209361687182253,0.0011173044185585348,0.012479796654203682,0.0032112022348196956,0.0078044474050667761,0.0085540777330161688,0.0072482138321632418,0.0039163765492514569,0.010325233694394224,0.0053273131406436592,0.0073515913240626033,0.0053596071774511178,0.0092793666098510107,0.0073017178612893177,0.0020752497983518776,0.02713912472124299,0.0045740840332572676,0.0061673850576789545,0.0033246877297227325,0.012329217178064582,0.0089898881698854006,0.0048116567908386932,0.03858931329346927,0.0091827465031868952,0.011716955752637993,0.0043799700029069381,0.0058001694961045056,0.0054729211068641351,0.0095458292721409092,0.0057236777942388257,0.025054642459805258,0.016860148133283188,0.019586715034156068,0.013968704495142726,1.2319501740257997e-06,0.051765233781431587,0.020081811140498066,7.3815641226517629e-06,0.0028169818282905556,0.024811605478836322,0.023155730617493733,0.011508145788606317,0.011593974373402979,0.012348892654757193,0.010717677866554289,0.015490917629603898,0.011947472811809285,0.010404666439349335,0.025607095640664004,0.0050005058981279242,0.15392095710346057,0.11894000809817265,0.017035683959406116,8.9076514766142778e-08,0.0039711362670836565,0.0083730962191121035,0.029339460770558032,0.014236282217059672,0.007259650814994383,0.0093669619715129344,0.0056387615172801137,0.0012195060750045147,0.0076987327455558955,0.0089979665019993705,0.00093457901569214653,0.0070872827872403852,0.024928042706759319,1.4873331472342438e-06,1.7369966761303703e-06,0.001393948964034087,0.0053342873177064879,0.0023645562141512053,0.018726662734204692,0.014332282818319686,2.3554481665019914e-07,0.043229837510695673,0,0.020006500913654419,0.0089242508858171938,1
F18,0.0056117264264493785,0.003792943294061294,0.0085914343516511164,0.0060553580422553618,0.0081491929799602479,0.0042300826563798233,0.0044966610059288138,0.013801530409734883,0.0028547446251947417,0.02840893094999071,0.0067818014712179167,0.011268444566633931,0.011092213789474984,0.0045857237121880558,0.00084536621312290275,0.0135910903632254,0.005692000901021157,0.0069674068407571937,0.0018200372137670486,0.00046635598207530964,0.011303485015857408,0.0086339474368048886,0.022474155742055947,0.010039275160144813,0.0040204370378956423,0.0095532870223001103,0.0030932674798604988,0.00010683669975633985,0.0034431967295853027,0.0046418646205284861,0.0082894564655180691,0.0038104179717902099,0.0032893660761400324,0.0016473438741174118,0.0022054410447375976,0.0032430760382536933,0.017152408187227013,0.0066049823085410683,0.0050663718437359206,0.014387509760215515,0.0041611915001744017,0.0049526495693963009,0.01438547705611317,0.024980300754445822,0.0064130416236318306,0.0047845902657450328,0.0079522454271262043,0.0075124264212079409,0.0044706724364576159,0.0076651271038215892,0.0026396841877900086,0.015062443265827138,0.031743808025726822,0.01924141524335183,0.013865512770843453,0.28587095633753357,0.0046600369979394145,0.13409080908719986,0.2135372262024145,0.0073872872168801486,0.0083220433293746225,0.010574711219529666,0.28411700877748614,0.01105780973854514,0.062285385647261798,0.019863836367274533,0.028605916986850059,0.22619810400885704,0.14007528270145883,0.09478522652863329,0.035389961784441801,1.3067732205417158e-08,0.014103956503483301,0.064864644421983378,0.072280772637607571,0.016140434443340543,0.019410459892645286,0.011442720882141353,0.014804654020476638,0.0214202093234434,0.0036846932433163737,0.035606526555676025,0.015118852829261929,0.012232802454053478,0.03347474739103528,0.032163664861777595,0.026975803671384097,0.00081499034652710749,0.0065078288419341416,0.010629595399585814,0.00062618222884291074,0.023070802154597485,0.014338352398864117,0.068995753367540519,0.026799178266119755,0.0089415177154703006,0.0092627794294704285,0.014726731986096753,0.003872805064837346,0.013203909879902075,0.047538698238718272,0.035064351021322292,0.021212790161492023,0.0025718423836573875,0.0089655512609788709,0.0062195085568902599,0.022447288367784469,0.02182551971128319,0.0077042635562848969,0.0017668955613925597,0,0.037400300247772605,0.054248390625927768,1
F101,0.018007131175293897,0.03562297257874357,0.05318294883243279,0.026825480991919438,0.14124860586181945,0.10477842776991494,0.0039670171517367844,0.028783941645266289,0.021326830621965418,0.032072118350203772,0.058473140480404175,0.021559745926813048,0.044479713855181228,0.018741818683884765,0.041521356976499633,0.041940005690814686,0.023748805351663561,0.012400887957081969,0.010513758301969947,0.011521689294550566,0.026723664393558201,0.05259464933251954,0.025651412659475702,0.024180234765371771,0.024039597919247556,0.012056734402612818,0.0089570053003004465,0.0071614075157408483,0.042549976082501405,0.019770878880005532,0.064535465912670967,0.025463157414778257,0.0048000280814031824,0.018933348374227121,0.020390789237619198,0.026152456763159544,0.05100478475790729,0.10129086238189204,0.020411198234184566,0.035184756330642351,0.060951789700667135,0.010198501447533943,0.037470782256964472,0.035203382320777507,0.053930030178542129,0.037871228204115925,0.057633297855431503,0.0071333081087433161,0.065587691951545526,0.046869068237232359,0.025372592778021997,0.064442907488086509,0.013837902559871959,0.01687806776604998,0.012581563295376769,0.011354963420649216,0.02793889566985212,0.027335273738410278,0.042051232808556681,0.024255343161852894,0.019624351030356875,0.022677353618598697,0,0.041844891409065998,0.088114184729960882,0.028111789552469912,0.036735411527795574,0.034640912717115481,0.052614257149802897,0.020238972186588794,0.15980276861031498,0.12602098986048343,0.054598782103508395,0.061329274809727545,0.0451686757364912,0.022122714849765787,0.030369849329653528,0.021936029040342218,0.01891252425569824,0.04974174331713855,0.037765500623885673,0.031572185851777346,0.022142584629306617,0.21027773237571798,0.050527629856775551,0.10014822285972816,0.34272494850391089,0.026887673807414778,0.024698632965294658,0.0233735650714142,0.022424087434167846,0.030074439136062156,0.062468915910947796,0.08242822596435552,0.049309616186961724,0.060399305673348051,0.021865112004556223,0.027038357340701133,0.010167466400574851,0.020275220710777152,0.044841577305201795,0.050891108751929336,0.070886592587218272,0.025551808214133522,0.047293522049786138,0.03372895736311303,0.022768923466046791,0.027414729818054706,0.05943445029682197,0.12711937474455853,1,0.070390819615366002,0.076433876650983015,0.34191863795150329
F171,0.47160562936504069,0.44392030679907113,0.46667077500622212,0.43549660397466,0.50425643759882866,0.46392572358171552,0.43137065736460345,0.27732562492411839,0.32166211165076797,0.49285676494595543,0.42543797238703374,0.29982367861152404,0.47859470283442712,0.31992021886859268,0.39070052250880893,0.37637691480162189,0.35944300668601847,0.4472673109963608,0.39930583338809861,0.26937189170395653,0.23647326346318159,0.5462719207632929,0.52382790311159233,0.44182936370412845,0.40315281943975317,0.39956930006041491,0.38422795369050045,0.34813862261610751,0.27944369473020236,0.31401192449805038,0.41158879152017941,0.30086459843115432,0.32842302708185506,0.33861734649858716,0.3763341051157591,0.20381096954605682,0.39506239744089811,0.49075858911834758,0.26504254595492882,0.3154711629796364,0.44172411010077761,0.33650133291968143,0.5608341763225918,0.46726992635698028,0.40683478464561346,0.36882300122649864,0.38836901361837101,0.43354246118531486,0.42555045091779292,0.54458764603560006,0.46578633073665299,0.55600934196568852,0.60688645614160075,0.0025584290597946311,0.12253186249671025,0.5510478466687696,0.15754049401775411,0.3188219810879378,0.5185305892243357,0.048350484113354353,0.17524380062864911,0.33084825864954776,0.52381726172851506,0.17040421426547775,0.33228820678580895,0.0026780774944880734,0.40773052143072896,0.45916972764831415,0.37814692994116367,0.26907812922541197,0.48830071966218275,0.2103605117257481,0.3955974506362045,0.40849567261936592,0.32328329441540726,0.25637295058743076,0,0.097960562239992999,0.012836919061256327,0.25398916060135257,0.30028972819779454,0.29508194252279196,0.21953350182520603,0.45709019882603735,0.22363191565337001,0.30715335070410021,0.43331101984483511,0.093208484590268745,0.25718121835155994,0.12534581164433489,0.32961284284578007,0.17100043793964978,0.37751178635058547,0.48382110858538302,0.55010770857510105,0.42142329044842641,0.43800515881165641,0.39192388191720129,0.31827596445267892,0.22500164590979319,0.56764497633544098,0.59544112785566905,0.36654149186756324,0.55205254487847943,0.49841159705487464,0.45335595853407751,0.26639848335053867,0.22257370503925031,0.49967398160010656,1,0.64139509894787183,0.61852304700616867,0.74153442787627477,0.62687039838560454
F14,4.2565730250782176e-05,2.977721447614826e-05,6.3782343596017923e-05,2.0420932977962381e-05,3.3849423529381339e-05,1.133578893755922e-05,6.5338123903394194e-05,9.5861077217884855e-08,0.00079000837245811093,0.00042438509865421831,0.00010274061482660022,2.7302750470796723e-05,6.7177881676946726e-05,6.8372928641585262e-05,1.3165717177479624e-07,9.7232943642467515e-08,3.1489726131911282e-05,5.0826019809535676e-05,4.9544628286908812e-08,7.8399149490440504e-08,9.043782289927992e-08,0.000294187282716617,2.4684504799684552e-05,6.774834908165604e-05,3.3615324173495504e-05,8.131288327161492e-06,8.0044408529392796e-08,8.5850793409657396e-08,6.4563051752042876e-05,0.0001549047113220617,0.00042765657411886638,1.7072655699493842e-05,2.3703337174539238e-05,9.4369947855072213e-08,6.0980024259552572e-06,1.0052774211383999e-07,9.8051901505905312e-08,5.5980694454109313e-05,9.361066197276508e-08,3.7717105329973684e-05,1.2482213783380168e-07,1.1217726090225659e-07,0.00025955038242069883,6.9175796562880355e-05,9.1666486910340375e-05,0.0001528146339932665,4.9648580558070174e-05,2.6352985895932263e-05,0.00011350784173301052,0.00022011134876661831,3.9755833985383521e-05,0.0010537460566416197,0.00010329826229080206,1.3982172310078841e-05,0.00062850200025471213,6.5097925179844889e-05,0.00012159846854614312,1.1827826975665339e-05,0.00020923966549274843,1.0175924551168992e-07,1.0513845418028101e-07,6.383939701116051e-08,9.8227514704293928e-08,7.6738167001919044e-05,0.0018330374629359401,3.3707427504556177e-05,0.00010744352643112258,4.9689889910357757e-05,1.8409541596799026e-07,7.5073346752243711e-08,0.0017840228544929665,0,5.4731100953803675e-05,0.0013068440948921843,0.00022413963332415366,4.0745531386908763e-05,2.6623089434312484e-05,0.00010964213799422014,7.2229703018914597e-06,1.0333288487288383e-07,1.277567098258612e-07,1.1585172558168126e-07,9.6326005823196332e-08,0.00081937224593579198,1.084128639739895e-07,0.00037927195469210698,9.7429215029261062e-08,8.2348006324841224e-08,3.3344171070044284e-05,6.4481796483660193e-06,8.789601687887064e-08,8.4301750181965602e-08,0.00041806946548628008,0.00011220441899654,1.1132688457686328e-05,9.5643426153493793e-08,1.253681172753583e-07,1.5248835077820238e-05,2.1187692694234992e-05,1.1624238604045461e-07,0.00036624330125882982,1.350148700144787e-07,1.2072984646904282e-07,0.001301288544852183,0.0003559906393881423,0.00088958476165124035,4.6625794840555809e-05,0.00041730194487483573,1.3870413800869174e-07,1,0.0099058579874518899,0.032749576988610168,0.016238283074311341,0.089344982458640546
F7,0.00034296697558346281,0.00024417836313137177,0.00045283132886367718,0.0002878827106668086,0.00041688867127240856,0.00030813147607245691,0.00024168502916087898,0.00057325286209232093,0.00016633180030940122,0.00043043802366763063,0.00026973759251565902,0.00087997163183715921,0.00062609245243550981,0.00048464228224500756,0.00027679674371722794,1.6799955497090391e-05,0.00024084511737305179,0.00042622956632806141,0.00019508925834549925,8.2501365948543804e-08,0.0010195834033563341,0.00078704569073985301,0.00031057598946543645,0.00051858489637580994,0.00026256157799042231,0.00045594140578767811,0.00011926993217168769,8.7683933970629574e-08,0.00037126701005585122,0.00020813337365868244,0.0037867001258783182,0.00027903421906006929,0.00011466627909065864,8.4931680954057482e-05,0.00013707937973968804,9.3510126420160762e-05,0.00084639341389025494,0.00027433931293113735,0.00054744461085200267,0.00075306100245517351,0.00037003158206076194,0.00019576581745050801,0.0011132218808310066,0.00047513656876139434,0.00055676334531498976,0.00041163403130246265,0.00046759386358656221,0.00050907517296310369,0.00018417935508595126,0.002312676280310936,0.00020183231929735829,0.0014183692928724247,0.00030986893274912347,0.00081831337895630111,0.0012617511075091736,0.00040896225006790802,0.18809750961528707,0.0011962887428543336,0.00087866341545795831,0.00029459575709414555,0.00042114432593921125,0.00052409227077718744,0.00031267898026497991,0.00091677614719783964,0.0034611391441854169,0.0010258140309157325,0.0015027019480615164,0.0013348990666969996,0.00016657010631230542,0.011782536744218124,0.0029654364926867045,0,0.00018386900291968619,0.0039486949776590145,0.047326134796266836,0.00081045363913933601,0.0010003942650635652,0.00077330852048956226,0.00070996292529336056,0.0009598411924212492,0.00044025088099318915,0.00072692188077895482,0.0012527781681666457,0.0022720764458237386,0.0055193816424469076,0.005076950056202457,0.0011094923832700985,1.4226300543128104e-07,0.00030985139893433385,0.0014575232434072979,0.00078247389807742254,0.0009498233054393635,0.0012344978026106056,0.0010802079241672956,0.00069982820460109734,9.8430664199324262e-05,0.00038564872430058608,0.00058028186100561369,0.00051608088199619866,0.0010004031011643321,0.0024276284459547851,0.0002381450779556435,2.4500516208615477e-08,0.0013471763402732794,0.00069601238501333239,0.0010441461472076414,0.0010263722413598627,0.0025613735617997595,0.00084910718911218467,1,0.0097095792352638512,0.033487497556424113,0.018864130942296001,0.14358343288612394
F58,0.032136437508400936,0.042775086959696083,0.030504950414784755,0.040912758260290158,0.063738994804539623,0.025574382916385925,0.047225486532923855,0.069985008200704801,0.04995660726255767,0.064415939111207091,0.06367873530027815,0.036321167211953657,0.092915538135867129,0.07809128699027279,0.1213853266988329,0.1271195139920768,0.049381686043336467,0.022342246581523038,0.00078222052077042106,0.053480006288659648,0.13690383723982508,0.10061438611353296,0.043921964051225053,1,0.95147324776082531,0.93174727951624492,0.93390682799759428,0.57634248864627358,0.35915583959048913,0.48437405249798332,0.36434920220074929,0.32662504693725253,0.71709078527413794,0.24023253309600071,0.48137406126221222,0.37463450785576408,0.47069229802237522,0.88820658246927142,0.34776833529783674,0.2249314863227492,0.68277387955608693,0.3479991596651465,0.914625776126334,0.40347225454775887,0.080015783342291341,0.095795134042799907,0.13824786548496951,0.050275564203337064,0.10291806094298087,0.18470327880713128,0.15261277567656409,0.21374640916315579,0.037955594222912566,0.086734137988274715,0.11273854265448162,0.078723811178484329,0.098031280511088142,0.14506104768080635,0.13088689523830779,0.054539499326485531,0.095193443981551176,0.51315425569137563,0.15846175821604427,0.15541537173140568,0.20581531199425246,0.10932624899518956,0.24044407057386746,0.092245848846941647,0.068654816494269105,0.037693258958580347,0.51480546759869461,0.37342482683965372,0.089034089888034532,0.25483436359205319,0.11192045064245221,0.1092572427861957,0.11084008900600019,0.061369840109260887,0.074642166775282279,0.37984754064523585,0.24052339731259187,0.17744154637710352,0.32667705591429463,0.39450054283035002,0.20071750018726653,0.35415555955684974,0.18225422621664425,0,0.4955861632034112,0.13781684923454796,0.13050671432631364,0.33204740746591788,0.39338437960992434,0.21168206293945155,0.1781590913138193,0.03899434383086596,0.43024617775783619,0.09147557485439077,0.16403021466906817,0.1199973470822847,0.16590118155628628,0.077527868801712418,0.17907792794854929,0.61657500694799694,0.58105238719587815,0.35951286036817875,0.26473091710516761,0.22038862707155202,0.31008781932725299,0.11827420005492016,0.11055856573013265,0.60274765196783664,0.39935219882149331,0.17201962040669769
F120,0.0076939352921809329,0.0078634761005019586,0.013538281804083766,0.01982154603386942,0.11329968388472117,0.011795311863627011,0.060885686010908845,0.0048645157444744203,0.0047087808288608464,0.021745035968991324,0.038822503340011021,0.0033847770402638728,7.0852831584588692e-09,0.0010707751038467458,0.010177783817618653,0.0066027922328516075,0.092668974815485472,0.18627611736683672,0.18448439594885263,0.0048864314188579189,0.055069859853317249,0.083336650269650883,0.033567755982001811,0.075318288225379448,0.05596355755594172,0.70261623679886032,0.994855922431782,0.25990482410997157,0.19226984112253784,0.093549458252607368,0.020312062966560813,0.061275013248605931,0.16663410331869555,0.01762637031004197,0.17906003592457556,0.10798861297900497,0.28365347078696712,0.40609890385894482,0.032945495799449137,0.032651489038564116,0.047270028708033165,0.13163156767299669,0.65343177886058368,0.10339514381472624,0.020205533015673956,0.012739687569831818,0.020878482952591853,0.024454980588874235,0.020960102989511075,0.050569132753394065,0.0023051461497595677,0.068931170953785717,0.042150966823792088,0.0014344202809174996,0.011686993835864691,0.0060691713799449088,0.001598647499013187,0.00091485602701096803,0.0012106207052340219,0.00266545815393349,0.0025837830406018596,0.41604976727655901,4.5278045861967848e-09,0.033937604681614768,0.056663685925971638,0.00013647671591439204,0.0085571513365829723,0.0060470930601286416,0.0035332836631286504,0,0.090386676393091808,1.7518835010777554e-08,0.012114416180440797,0.14979597143737305,0.019707782901320768,0.013606358708984271,0.00063441712237160262,0.028493456066451261,0.0027661047836613989,0.42134841168613546,0.35740344486046854,0.14971716551306333,0.66280943542882753,0.65291451371510056,0.13459874858830967,0.14335791391273536,0.00092486011027461009,0.028791281892366665,0.62778894040577327,0.099999489313706391,0.01620120185735132,0.43157860073911331,1,0.1108951713377823,0.0065585316447156318,0.0085657915970936173,0.2153584794679643,0.073461104398379079,0.047063098641840481,0.047201167035171632,0.13803165789776053,0.11716874672113178,7.1414217667420153e-09,0.097173832428920817,0.096329153196824974,0.073872834292687969,0.058576462813426093,0.041514142805621372,0.10214952289148668,1.0057185366604444e-08,7.0977760803230498e-09,0.2572047562453989,0.056623465182127526,6.6840103461456399e-09
F80,0.056710222904108688,0.053519263659013237,0.072332411042779779,0.020372280243531698,0.015485237520246616,0.055924093630677546,0.88592670622304759,0.41443000012153042,0.03941988180717669,0.55556961267285043,0.17248862544481783,0.26121142337958414,0.039969340525475287,0.39165955856827822,0.11186196347793495,0.30512117808415368,0.28552792089392054,0.83208401836281687,0.58876953639453666,0,0.30111504554536356,0.39004327650948506,0.24991397963045819,0.10778841970885034,0.11031579717327188,0.61830407549759303,0.50119990011794557,0.60916648266194706,0.35594630805452676,0.17699658014327371,0.43234433347179074,0.53814871718187085,1,0.26235832840609619,0.75852205258506278,0.56161834488420714,0.55995865122609223,0.24012402994768794,0.39115926534153922,0.13104032212659547,0.14747691510375482,0.47512539554264993,0.43600414402015092,0.42289504742302769,0.16823504588319635,0.22683208461557225,0.14995724366890628,0.85717344819567065,0.060244978039904931,0.35599110544299334,0.2490993040582892,0.60852461115714429,0.47786664159332737,0.091214917164386275,0.056699993292732759,0.73633741892301063,0.13260939341727571,0.25674813956766457,0.062675575158876964,0.071075196785665776,0.1053961790279459,0.85629216121225482,0.87545800489252523,0.17991216656587156,0.68923166962346583,0.17587235588065905,0.064541524263412225,0.22889793643556891,0.2679624946913638,0.23632723631496991,0.6179612908383646,0.65894577028314438,0.24783535480636742,0.46030947633877267,0.25257137578967076,0.1268903383861793,0.21025930321660882,0.25205360576421426,0.11758022105341841,0.7039955533380502,0.32304889419549021,0.25575666685660214,0.82731658343765901,0.89475583855776508,0.3136600240318117,0.92916816458896057,0.48333771154005595,0.43866673092966196,0.82154362973291561,0.31776746783508936,0.1402291064514059,0.4758900000615251,0.9357220489321495,0.48613472473741892,0.27984825413922276,0.19787487270288817,0.44875933854016881,0.1661069254625033,0.82922245468652567,0.22199468757358262,0.51417648360439672,0.22773050487182978,0.43311241253845856,0.16086439172278463,0.22266495653720322,0.42510531403137308,0.40907701069107988,0.39926942733058057,0.10230573769422792,0.12032750983646495,0.14709922864972896,0.29918621867389483,0.59467375747938644,0.2714705016064779
F133,0.001655877640959707,0.00028151183689053118,0.0032233194982789481,0.00060468533125980245,0.03657334866534686,0.0068328621984094246,0.0038695090123897526,0.050703349200058062,0.0014113624469135762,0.033325177986008349,0.011701715799597615,2.9907538532413732e-10,0,0.0012280764096214839,1.9096368048873637e-10,7.0330561368648264e-11,0.00051082489606780611,0.0001509748479860689,1.0888507155284473e-10,1.1315076104523571e-10,1.0319423649494874e-10,0.0062809958238541908,0.00061974486278746916,0.0018367306880981951,0.00080243342308063093,0.0018353925171726315,1.1548583650754415e-10,1.1836568357090532e-10,0.002962711220222884,0.00086271119917567351,0.0002055402523007404,0.00081042715499161466,9.7671261009022793e-05,0.0009870903759224745,0.00043056886115493028,1.3056631939389025e-10,0.1271450479202115,0.047955428473365674,0.0072882930292159477,1.0719859168548147e-10,0.018819267983124673,1.2662479036008995e-10,0.055096955203608342,0.011022473424491199,0.00033920409066806736,1.0018828935177941e-10,0.00084739870471480221,0.0013255485158635803,0.0016005469852336677,1.1599987339333728e-10,0.0032206210527000014,0.0020252951148425104,0.0079002063439996446,0.00052104785913408697,0.00050998271400003918,3.5570086117672473e-10,0.0015294276856582471,2.4367186026942547e-05,0.0006693114648628262,8.8436297147819342e-11,0.00058258605063664186,1.1907588906736491e-10,1.0645281371834783e-10,0.0086853378157003228,0.092764773550411281,2.6691101257643267e-05,0.0022639038136027002,0.0064963985526038225,1.5286837060996755e-10,1.3579180911454229e-10,0.0026082408235875028,2.2866456517325901e-10,0.0064445488616324421,0.0074763022013146305,0.00071185290115112086,0.00042281058947890837,6.8545352637498835e-11,7.6002684955162483e-11,0.00061304908057154754,0.0016450343297553646,8.9404546835827102e-11,1.2878588249980276e-10,1.2494399506410706e-10,1,0.0018325557037990744,1.3312815071595043e-10,1.6191579389498586e-10,0.01076626602143972,1.0655150078140449e-10,1.2737735848612041e-10,1.3104072885136122e-10,1.1525329192052424e-10,3.1202617064754828e-09,0.025921302213024754,0.00043613808576648357,1.0546206462186945e-10,0.0051692405547187105,0.0022964679904447002,1.1736753260009981e-10,9.1436924070482992e-11,0.00085922956585305407,1.247475588910827e-10,1.8693646801468678e-10,1.0977424346876418e-10,1.1063309880501024e-10,0.0047345994011106438,1.205876987543935e-10,0.0014748692728045719,1.1213995291731753e-10,0.62138443170816726,7.8219210683869903e-11,1.3454389054519957e-10,0.0016428854138575472,1.8823739043513189e-10
F128,0.00048149862541861736,0.0014378847158057978,0.001390088218277115,1.416115967542207e-10,0.0039575954220970443,1.3462369453930312e-10,0.0077436859231330563,0.0056500584459020058,0.00086247161693631547,0.005998610081551733,0.0013519417389302761,0.014154214565495355,1.356310547106715e-10,0.0073466506896124831,0.010909341020238952,1.474406281076601e-10,0.0048714972458339233,0.00011538735546544462,1.2885639766544242e-10,1.725896343170375e-10,1.5051781606109718e-10,0.0039944307551215349,0.0024441146688460092,0.00010679003093441407,0.0021728523828166415,0.00077860984767724251,1.3972408850495092e-10,1.1946364860892035e-10,9.1111441740020148e-05,0.0031103300689129636,0.00011947657234715271,0.0018867470414423025,5.5863696631955433e-05,1.2706182273312716e-10,1.6432901431910643e-10,1.7862192826620681e-10,0.0040277680055016106,0.0071254302396693793,1.2280660757445819e-10,0.0096676020862694976,5.5100647393946073e-05,1.7052240033246179e-10,0.027822411926524588,0.0043897001644399841,1.2150666289885535e-10,0.0074270033805655259,0.00065682963980819248,1.6937760683848591e-10,0.0012496777054459543,1.5200804896421178e-10,1.475393029342218e-10,0.00089215853043631953,0.0035301894588560404,0.0015215005733966174,1.0585786118162393e-10,1.0959327650918891e-10,0.0058637808066485959,3.9065561208972025e-10,0.0055703437140269523,7.0577777368153553e-11,1.4897744361745126e-10,1.4230099196668522e-10,1.3180880897351806e-10,1.050713333588049e-10,0.14414825413002391,3.195012606632843e-10,0.0018631983882226469,1.455519622956592e-10,1.9415519093834876e-10,3.0725226574949202e-10,1.6496800282437998e-10,7.3808925465841013e-11,1.4124857623411769e-10,0.012607932707604521,0.0065857850152750636,0.0014059753835729606,0.0089543862328054693,9.7306790102117521e-11,0.0024332533033355522,0.0063597410724119128,7.798516868394887e-11,9.3232240424364771e-11,1.0777033157753511e-10,1,2.1689367617329508e-10,8.7819612488418198e-11,1.9339003525838299e-10,4.3326182902228306e-11,1.0207778757242725e-10,1.199846888754746e-10,1.3987049442906894e-10,0.014146033139245498,1.7805294258247422e-10,1.9620874309542466e-10,0.00039142383051821682,1.236114615178814e-10,0.0071946491663030486,2.5998956192252456e-05,1.0995910448061185e-10,1.099510499459981e-10,0.00098577962142468796,9.0926688066891463e-11,0,1.3014873396167004e-10,1.2097414135673759e-10,1.3345657676233103e-10,1.4152788029454947e-10,0.00084177250841198131,1.5395010449950044e-10,9.0182684088067597e-11,1.2912516343372321e-10,1.8284975634743985e-10,1.7104043229703637e-10,1.0826939911644785e-10
F60,0.0021066514841370934,0.0012278837411741641,0.0011455072966472816,0.00074894489544216072,0.0076283012227431404,0.0020298473925347438,0.0038882804619009025,4.2534521591615544e-10,4.2734662901440862e-10,0.0039833463934928143,0.005566728492334418,0.012824267645778301,5.4456989556600419e-10,0.0050768706139372359,5.6134954921270034e-10,4.9260657266804102e-10,0.0032097221416729667,0.0020026107207608921,3.6466532353580987e-10,4.1770539195058529e-10,0.0047206836337345568,0.0057215679109176949,0.0024366172652368805,0.0023764499777994587,0.0016681500500153553,0.0024191782782335787,4.3872806827547171e-10,5.0004570399139329e-10,0.0046584571579830064,0.0016269660212920669,0.0016893674481068815,0.0014308823678523533,0.0019632803805681785,3.7439701237132471e-10,0.00062440162993859154,6.3590927005509518e-10,3.2888241312032001e-10,0.026303462396066197,5.3372371423650102e-10,0.0061413866635429684,0.0015059981241809925,4.4454354161203387e-10,0.050963962621914501,0.0041266861470464896,0.0024932181739390448,0.0071954409829337665,0.00077284163629432086,0.0011626697758250373,0.0016718827460931282,0.010896798629786927,0.0011033475957782507,4.8326389446528918e-10,0.0042831241999096237,0.0003945616884731359,0.0020058864401165722,6.128293251377709e-10,0.002885301610100035,6.1727045373457335e-10,0.0025048319962862478,0.0011714655179404245,0.0016363565888673061,0.0033158318877861974,3.4369347594861052e-10,4.2274010551035114e-10,0.15206869421223462,0.0011466502582797536,0.0060242709890587515,6.4520325946427436e-10,6.3533024039868591e-10,3.5794005786195971e-10,0.0054413113313965377,4.751000274875921e-10,3.7879497014636873e-10,0.025532851501508039,0.0022865871119607255,0.0046250118620349227,0.0023024757806973774,3.5973350776661915e-10,0.0051456326930269551,0.0038579351522802148,4.0494648654342601e-10,2.772878649873832e-10,0.0060828643178325236,1,0.003253661147125751,0.0027589274957751197,1.4522984700440323e-10,0.044744513630607566,0.00097502679446813151,0.0015069501295908753,0.032342065501442308,5.1031502605767472e-10,4.5712690518904512e-10,0.030042824138723341,3.1128492760954096e-10,0.0035523158974712548,0.011796691760967662,0.0032887462415610537,4.7150710048642931e-10,4.0504760030668085e-10,3.3029249193930084e-10,0.019276356471082553,4.5998260208533292e-10,3.6043233569581433e-10,3.4854132308722572e-10,0.0073903927535774166,0.0058806627845505166,5.8610196353746283e-10,2.3530633782292853e-10,0,1.4023648578197044e-11,0.038692404223918675,0.029436774599394037,8.1790039317374231e-10
F124,0.0023921664460152792,0.0012616875854125648,0.0011911972965637455,0.00073313525114544005,0.0074685939489294228,0.0024979602782670349,0.0047622601064469579,0.0018591377282677424,0.0042838536542289989,0.01467358549003828,0.0073746326642447121,0.017210738513164844,4.5444914933513211e-08,0.0049714404159146332,7.4406352989970091e-05,6.5547002228557724e-08,0.0034553742821975871,0.0029400017986504138,8.5844947245665249e-08,8.2540014251941355e-08,0.0046190886379578336,0.01082503752836724,0.002978060832964933,0.0027610824078829616,0.0016812012690794037,0.0024466980587507406,5.6232012234714161e-08,6.2133884473080469e-08,0.0068124468019314047,0.0021234047284762686,0.020416921657541141,0.0014006949682942699,0.0020438507678698608,1.0372715769927479e-07,0.00068731004686759423,0,0.0014285979609264927,0.026632385119828905,5.295209568864902e-08,0.0060135340761862327,0.0016457737027475779,7.0103903557410342e-08,0.053665955028404995,0.0052987777158670559,0.0024880205985325344,0.0094346628753237214,0.0015949285925713388,0.0022493579474134914,0.0027358057577455837,0.016099995193108604,0.0018356748325158282,0.011438554972180477,0.0065338611025137164,0.00041990652906648089,0.001963630931268162,4.7281551559620962e-08,0.0037721498819105401,0.00013093797531131462,0.0024527178833982639,0.0011470244058378737,0.0016253989857531808,0.0032439237478002082,1.2575308400921796e-07,1.2951886705888798e-07,0.1527807066988241,0.0014793043372283115,0.017186400557321076,0.0031552015367874173,2.2518858810775939e-08,0.020363491278106587,0.006334055017558099,7.1579976587168773e-08,7.653294013005665e-08,0.046442081043548335,0.0092869290232330363,0.0052032504255371623,0.0053998558283365351,9.2174861070129062e-08,0.0051571390600713808,0.0037747164186407124,0.00089002278500518875,1.3434621715660702e-07,0.0060710164989744063,1,0.0044158574827275381,0.004536184162329729,1.7213740575729035e-07,0.043792740677970891,0.00095416733964039774,0.0015255030547976359,0.031694837867606469,2.2356595726055102e-08,0.0022938731710244824,0.030880947032830956,0.00018123911943062146,0.0034778807902590063,0.020048531437360718,0.0033852613424491481,0.0024391391915334275,6.2570191401140565e-08,0.0012324312474801113,0.019723662604188823,2.4046282858311482e-08,6.4534085160205103e-08,7.5732834808394164e-08,0.0072339493764938109,0.0057550970792204746,0.0032583930569239691,1.2473476168357347e-07,0.010865133355876647,3.2501358407210987e-07,0.060323792546726193,0.032624328373565298,0.022061684825128696
F134,0.0034742501347260206,0.0014588823170534459,0.0020239343897232556,0.0020254691168409499,0.013930064302562025,0.0037792865633490412,0.0062155885073244899,0.026925129297996647,0.0080445358572716168,0.041064278771206469,0.010772979676980718,0.0084789282715074261,4.6287954599360781e-08,0.0033548420239245969,7.2311520718253326e-05,4.2875049023646332e-08,0.0026313951234935296,0.0025221187199920446,0.00047891440991477068,0.0010502710278095882,0.00384560606492686,0.009306575797995981,0.0025869308148060276,0.003119645181424895,0.0019800068738497936,0.0024580337976842369,0.00076174789541726302,0.0065420686731579086,0.0045516328220170715,0.0031819489642018655,0.011300977191837385,0.0016524347477269578,0.0024153872348020105,4.1501281392629089e-08,0.0015834951090213049,0.0012353684244511582,0.017596551732641994,0.045297080953533804,0,0.0040607520429562826,0.0047457134700947664,2.8566450501013927e-08,0.056049891843533137,0.0069697275140485505,0.001966100343346005,0.0062587773234239258,0.0054080983821653029,0.0044183024163769831,0.0065709926903688371,0.012053603276067082,0.0017024529470004109,0.01330561408916375,0.012489256183548432,0.0016877794942592738,0.0023231387526600291,1.7896481545967039e-08,0.0029142850672451712,0.0025539203579322601,0.0016592247674307586,0.0022692209475485415,0.0012226617111224226,0.0052367055031378278,0.00043913061258853695,0.003759327300727072,0.21933348788418364,0.0010885964044137673,0.0057938026024074076,0.0017700520285379693,9.5839628557098748e-08,0.0085915860653119468,0.030312006536132793,2.1591176811781187e-08,1.4163502132298902e-07,0.052786227206960343,0.0049048973121888634,0.0034930859723130005,0.0018645169552457155,0.00090005234017908025,0.0039096490464092032,0.0035026258230709765,0.0054885883002779622,0.00031330541269302054,0.0070707687803905558,1,0.0038701479865221465,0.0034973967395990776,0.032625876190717377,0.029590695927621667,0.0027677694020113146,0.0025697053190475647,0.021390580126183695,0.0012693746789938854,0.004766267157179962,0.030938416855902016,0.0023321161641593692,0.0023484981481874299,0.020775475828552395,0.0031717385217073695,0.0011222554899791664,6.2430928680471967e-08,0.0050596368739420014,0.013090903352917009,1.2925937621159653e-07,0.0002614133841703308,0.0016826776674276789,0.0069918330814014986,0.003888553495206028,0.0060094207955307764,1.2149459276092931e-07,0.0045903277552953011,1.1826212082111939e-07,0.034951954959650804,0.025667749063277109,0.029756385880384404
F122,0.0012746718248137024,0.0013364534075696358,0.0030562005581553039,0.0010238897573203092,0.040319429702130691,0.0063077659084530861,0.0042111788383035363,0.010256205547197392,2.1476034991457297e-10,0.0047191999168031858,0.0015279955837284823,0.00051066570806123127,1.9864922022437757e-10,8.2478657835683129e-06,2.4003795891844661e-10,1.6899875734693856e-10,0.00055141939323903979,0.0010239014466583878,0.0021678456215768467,0.0047721022301454741,0.0033238207419988876,0.0091366609817644731,0.0011262449630214926,0.0020474685805843525,0.0014054459164859162,0.0010289599457634184,0.0034612812831770236,0.00068901354433131444,0.0014098327709237293,0.00073462206912526366,0.0034600544661348852,0.0012270566445615923,0.00078862763305284297,2.0221064875567346e-10,0.00042195562430802304,0.0056093606085255649,1.9525137512444896e-10,0.10614555553508663,2.482788777157648e-10,1.6115255288925936e-10,0.0074245035646792312,1.8639685360996219e-10,0.055127745990884693,0.0045271441904251664,0.0011604150292217745,0.00025054505120207401,0.0015883597953295131,0.002369247866334846,0.00027180958258883294,0.010768276515025224,0.0024525653833988811,0.00026268476778910834,0.00042557273737289222,0.00042794407224297422,0.00010505734051384106,2.4897072988181426e-10,0.0033436151718163488,0.00028729747096027962,5.3431908213929246e-10,0.00015769441819985314,0.00057009035941322085,0.0083042814122495992,0.001995017957285176,0.00039647850422907225,0.087710362998872166,0.0005806205248633597,0.003099069518919766,0.0011426567810337328,2.7577073499949194e-10,1.7278856523929097e-10,0.10732183104235353,3.7357556117998787e-10,1.8878379261067768e-10,0.080581091479025743,0.0012314863516809623,9.2748835383662758e-05,0.0018952143071417943,0.0040858891043659027,0.00058169460220687812,0.0043179347118642184,0.023228138303170089,0.0014263886118735956,0.0038640057873604288,1,0.0047665112387252498,0.0018068142338443286,0.073662775041499984,1.261690223241647e-10,0.00074523512343837998,0.00016137735984964131,2.0753878441061766e-10,0.0057638098964473035,0.01707988509112612,0.010148358907900362,0.0026578826530103978,1.659519653924905e-10,0.011692169190642534,0.0036161334446494441,1.8020153649016494e-10,1.7376485619075446e-10,0.017177958572053599,1.8531448976164255e-10,1.9868630654096691e-10,0.0011916009421346775,0.0076327006527745177,0.0095568409566132058,2.5658101598427599e-10,2.6362655229310563e-10,1.1128839901465057e-10,0,4.3147843278293307e-11,2.0819958134315774e-10,0.010877282359481528,0.093521718827830475
F123,0.010918612427384485,0.0028344973602767417,0.0033835114666490667,0.011727355485134171,0,0.0071363802199352249,0.0067831681544662107,3.9100337835821425e-10,3.7249345609777358e-10,0.014652778926538742,0.004199199827611389,0.0014125264079411308,8.2426467900543605e-10,7.8199159258865537e-10,5.7633374591075527e-10,6.6542298672716721e-10,3.7908545206547498e-10,3.1764625802128411e-10,2.6812527166741243e-10,4.40432198812433e-10,6.0100962769426204e-10,0.0087307950382978471,0.0023723618520943993,0.0044155120571433004,0.0048634050026100809,0.0037074134640098068,4.1274479655880814e-10,0.058338390213725777,0.00476436200796178,0.0053657227331056542,6.9546945040820216e-10,0.0039843647906231683,0.0053493859773883741,4.2047402613738026e-10,0.0094712959948961908,7.2044766604051977e-10,1.8310960081982995e-10,0.010436589731014587,6.8239945500398731e-10,3.1929123518297148e-10,0.014304403792305607,5.2386787001261646e-10,0.084909389261709531,0.019481124842559521,3.8934580465296452e-10,0.0071389262412672981,0.015972304255577323,0.023495687677884434,0.00098568589972740784,4.0535366223731358e-10,1.3884393101841888e-09,0.0012310064444889521,0.011521705582627566,0.011523146391022582,0.0088939878424091363,6.8101051077747689e-10,1.2853737340697765e-09,0.022317572775738627,1.1328277134510382e-10,0.01334046441038352,3.3722475664816697e-10,0.011116809376515876,1.3732444443287789e-10,0.033537308048557188,0.89256753923991328,4.0849556946244163e-10,0.014701608352388762,8.6277805589496932e-10,4.5572872506434425e-10,3.8632961072461546e-10,0.023844382128850743,2.2485327941628799e-10,2.5559612403057077e-10,0.0046038178392189735,0.00017233186531873993,0.0025600096459200607,0.00094204753072405726,1.8517581510134195e-10,0.0029963357612138222,3.2635854095709725e-10,4.6500931260703197e-10,3.4600881534564308e-10,0.019611143246780552,1,3.8607194170394894e-10,3.8584839464164618e-10,0.14914113562233358,8.7721703033699405e-11,0.017884958335086749,0.013663074550108425,4.2857154489455102e-10,3.75912645079725e-10,3.4623168630188588e-10,0.074991902968720575,0.00075738458677452182,2.90418286792745e-10,0.0035437061807292352,3.1201843890780913e-10,3.5365076020058214e-10,2.8037784237979321e-10,2.1375374281491336e-10,2.8101480103438897e-10,4.014303520026409e-10,1.9653383109449713e-10,1.9870422865777654e-10,4.1601007101551386e-10,6.163507086823046e-10,7.2666791597360725e-10,1.0045980994585017e-12,9.9257056439921671e-11,3.0282271311100061e-10,4.2582770952037835e-10,1.5771072041198433e-10,3.9427158596690285e-10
F76,0.010182355668229786,0.0039444726706161894,0.0034455154337306613,0.0044429111045263241,5.3969886699179152e-07,0.012643274777148479,0.028667794969031539,8.4806915863815135e-07,0.20654724752449682,0.46905137031065391,0.034555107587730137,0.10019330359463618,7.3715360873176793e-07,7.2640465092325339e-07,0.0046796613338931621,1.3073003223810012e-06,0.014741112831851071,0.017619517119873224,8.6882296916277532e-07,8.1027330304163255e-07,1.190159308168412e-06,0.051352749327983824,0.019043051037980631,0.010429427533180116,0.0060996189692798753,0.003001421514884116,8.0627243985410778e-07,0.022142919529803396,0.062631949417545449,0.027287110870297376,0.4060267038955428,0.0015113790545911011,0.0046895714178491268,7.0954059012185798e-07,0.0096716718128050678,1.1306164516537192e-06,6.7119791429457496e-07,0.014320170186842765,8.4711579949348599e-07,7.4939454621273147e-07,0.011973233154316891,9.1675826532116267e-07,0.12189477853990886,0.04236254892819797,0.007085104000062889,0.078186913313952625,0.015379165613487284,0.027962111557585299,0.0067161504639270189,0.094950427287346331,0.029313370627762039,0.44569968701002738,0.049466402921633644,0.0091464458789525319,0.0033767674977865556,0.00068806170097930424,0.034688272850238427,0.014414561292325868,0.0014604153996141292,0.0050370319995948756,0.0043323330723145075,0.0042197465323463405,7.6280228137968172e-07,0.025692007971438408,0.42977872226160213,0.014074650750734731,0.021231917418285496,0.069095250112201398,9.9592049954314759e-07,0.47199240165306711,0.033073175153286963,1.3643883518451631e-06,7.7092082115264554e-07,0.35591960258950245,0.1912284654843992,0.018910516732682358,0.067508666485557325,7.4882687581524868e-07,0.0061717176412525989,8.2759958594568847e-07,0.020758939049935615,5.4374990619790412e-07,0.010159297139539857,1,0.029684163306330367,0.074195282274392635,0.056270588153216859,8.3216576859723115e-07,0.0067906133005407798,0.0075670118914083944,8.3458729376164291e-07,9.3981438230563676e-07,0.053365574433763385,0.063526904143023907,0.027854598475227015,7.0744543923146136e-07,0.052262953840119739,0.0079998818981393566,0.042084345977634351,7.6873961705292143e-07,0.082521495906881889,0.019067502194349426,5.4750567510521313e-07,6.850347679367688e-07,7.0087036185295835e-07,0.0059059244904977647,8.2867434289679168e-07,0.07562675459685049,5.2138069196273219e-07,0.24710794401712413,0,0.52054349828659985,0.22082727640264757,0.53213873816962831
F78,0.0038997191178934939,0.0046414695564488831,0.05770955588324677,0.0018216209008336754,0.0017234252378399615,0.004095417161336783,0.079660218177071432,8.739674088678932e-08,0.082953576178660324,0.24338396337531346,0.07962907453050215,0.099120313038727773,1.1317282346446482e-07,1.4312290920533343e-06,0.0054446429269319864,1.0039112049271789e-07,0.0096225151346689287,1.0456155826571587e-07,8.1329403632861361e-08,9.2646310337415145e-08,9.7343266516452808e-08,0.070332989506460608,0.0064315727183063814,0.038954414823717115,0.003936251778000029,0.0013955219087743265,6.9759902498136052e-08,9.4739817000740331e-08,0.054463931124822153,0.082348977393036732,0.058420989142464227,0.00050107251807674424,0.0047814752839956277,1.0197370170684869e-07,0.005838037889478241,8.4943549679219205e-08,1.0285712739238468e-07,0.049622355843268288,1.0227223365820575e-07,7.8851062152975364e-08,0.39809566495463222,8.4307562382005218e-08,0.49779398485956344,0.024579696038449523,0.0050493674142187105,0.057601612722934722,0.042840982960183634,0.0040370014663147803,0.077038611604349633,6.1787264522624279e-08,0.018228614554051479,0.25164299671620727,0.27425131384995505,0.0095025187904226125,1.2934149492171935e-07,1.3891260691991886e-07,0.096358053339266156,0.019618242381323672,0.0020975643739600948,9.5215550121061608e-08,0.018719058595614669,6.2760433237177361e-08,6.7899832262514177e-08,0.019565908873046382,6.5970491665793647e-08,0.029551730414312312,0.01506865910393523,1.7865947861063944e-07,1.100424252895199e-07,6.066317101802186e-08,0.0044784849438714337,1.7525072703728181e-07,0.032617653383581954,0.19969046724780581,0.27710518244073135,0.018392822909664697,0.063263215163831168,0.0047552853771529483,0.027366501924373152,6.8881520932531699e-08,1.4429388181707112e-07,2.5136250925786664e-08,0.0011465972344965104,0.96055497908778431,8.7662650891890247e-08,0.23781687145272026,3.1578585746221784e-07,1.5397072130079679e-07,6.0620856983002201e-08,1.0740148308409215e-07,6.8943092254613009e-08,8.4585384403709842e-08,0.0063015904227587466,0,0.14705785989479941,0.0066532317427709939,0.081726745169566462,7.3009219589618697e-08,0.0025325565635527097,6.6757828731186504e-06,0.17306216755582549,1.3857943334109435e-08,2.8385349456783896e-08,0.018067680579635186,0.035267117222713459,1.4727874783768026e-07,9.9165150285229587e-08,0.10208170840364209,2.1216175814134074e-08,2.1200774291440128e-07,1.0739812569016101e-07,9.2298336994598751e-08,1,0.15601945989886967
F46,0.015425786476687096,0.015839917122560908,0.015119328976838767,0.0099608550318469966,0.0014949812112272569,0.0016844733955385476,0.045233969581630389,0.0072609995874667555,0.35816299023844583,0.34161860636092584,0.031630372650901233,0.11788202863766091,0.0032677911183486394,0.010939276937618024,0.16106735705740802,3.22395142019146e-07,0.014877740492275419,0.0021643224876345358,0.0069999380568480183,5.5842898294680558e-08,0.0036217777146679677,0.025120165072495079,0.018261781871849889,0.015115861409404322,0.032595168046598892,0.0092052128759277808,6.246740475195106e-08,3.2284099596284806e-08,0.074783768399377004,0.042702809315446989,0.066106062836509924,0.012952051018395687,0.0089144729222979443,0.00067975503148965972,0.0043114405618647142,0,2.4338153585506548e-07,0.010860298848609912,9.7865413235349956e-08,0.13173894421079702,0.0047586958126923373,1.2158746031527246e-07,0.051352942867202177,0.022397738570416402,0.01442906346967384,0.12596240168064066,0.022504819411082223,0.039129206799215117,0.014520417314562075,1.7371748930437599e-07,0.036973782957094303,0.75514033263164293,0.043658411820391964,0.0067081596319995282,0.0019856117512969864,0.0017663936884215823,0.028710571505133002,0.02132349713498137,0.036912482001281298,0.0067509764992690173,0.0041820751398244623,0.0043095637371754914,1.1265600981618133e-07,0.063058953683793981,4.1245790668555914e-07,0.0057708008347111912,0.014451166929378353,0.032833773090328304,5.5618161960175994e-07,0.29506332606137514,0.011945115036198141,2.6589778945238562e-07,0.1533796560531264,0.041202513328719874,0.089472531328049651,0.037249053376234804,0.11080300051667834,0.00065905111572089382,0.0014887762510551069,1.7381358047178338e-07,0.0037137305798376212,2.6177674546278858e-07,0.012340488855338514,0.16514322433796125,0.035379291491331288,0.15730354148893594,4.9851380046271033e-07,2.0317874429763901e-07,0.021595281155235888,0.030443658794197928,6.5055822398697032e-08,9.4442917146386786e-08,0.0054348818881883023,1,0.039538833649459107,0.025333485026189023,3.2037248922204802e-07,0.006472676130640293,1.2412321077194954e-07,2.1577338351114703e-07,0.12146035924320969,0.0068730540219794928,2.9644673727303795e-07,2.032065100771652e-07,2.140080639755457e-07,5.9439022650593669e-07,8.8408147692306706e-08,0.1748269618769987,2.9395012119068895e-07,0.53709744700148465,5.5234429490835564e-07,1.3224312973995154e-07,0.57837650454451595,0.41064539045211279
F165,0.0056937379434275626,0.011400731379381477,0.022143430631370635,0.005577517914047694,0.0017046026435682733,0.0049889538056901587,0.0063740237071266631,7.4517808991819679e-06,0.023835326472844164,0.010746690208789012,0.0064299594491402179,0.0070015125671476679,3.5598088330268081e-05,0.0060505700026051391,0.038055172889960201,1.1368334925980655e-05,0.010535049041608423,0.0088710398337340721,1.9933681741893339e-05,2.6631959388729908e-05,2.0805720660795245e-05,0.033510550164441773,0.018025958040795036,0.018531529598634359,0.0075245048886479629,0.0026793539901823929,8.7041152143520495e-06,1.9908913370122306e-05,0.013604900135154797,0.014472264896750376,0.007897148260346749,0.0078509566774438589,0.0033668983544902983,1.1756031941801032e-05,0.0073721960109474783,0.018258677863496393,0.0028664752563068354,1.6222663498454033e-05,0.00044985748406936723,9.5787809887807778e-06,0.0038086884473941796,0.0039588395840199292,0.021293615401688244,0.011736314774707567,0.0029462834156039827,0.011620988338091403,0.0079837971541426838,0.0065848181619110185,0.0098598755426751537,0.017399355295434845,0.0059059309307691998,1,0.011171224542637866,2.3868957049330061e-05,6.3541606539503837e-05,0.017366161418963976,0.066641460627628407,0.037131506120774961,0.0086606749559259635,0.0060622054668004084,0.0094264979244125316,0.020271106005398169,0.01232367386303553,0.0371875071126214,1.3485989338881579e-05,0.015246867896986663,0.010374064499418108,0.018479279305861136,0.029479813283301983,5.2750202981612963e-06,0.016287606846741902,8.7467556202324176e-06,9.5397992664419473e-06,0.073438171713909386,0.015678493570961956,0.0059975576697586901,0.0122404419417779,0.011055418771902421,9.6251707693157897e-05,0.0060844605127717477,0.016388073984249268,7.0043681500616065e-05,0.0056399485794623788,0.001939454604770465,0.019172933861647461,0.0090885190348102638,0.0011928909344670767,0.028307951454353063,0.0002386907245782114,0.015746582916852998,6.9491673150279779e-06,3.6236964743443352e-05,0.00012641769097609921,0.0094472021723948883,0.0024354565122865898,0.008563196514885605,0.0060865574788015785,0.047901003296906046,0.014077124996627147,0.0054424123200083599,0.010186159215759487,0.0069299395885569302,0,2.6339286347091556e-05,8.7967566806335126e-06,0.019337190906721861,5.6338879976155205e-05,0.027581064304939992,4.5267419218948433e-05,1.0864347856389885e-05,8.3537353993369306e-06,9.4247383266542805e-06,8.1826846790575714e-05,5.6443293848470763e-06
F90,0.0066990425317758947,0.028898911153726906,0.014340801796771288,0.018276680843629753,0.0092939659329433332,0.0090576385869013121,0.0060993650715173891,0.011900589449458175,6.5247849441629265e-08,0.015612755413474637,0.0074775154325951443,0.023627621379303548,0.082948250279530941,0.016743081932257042,0.080480476332444387,1.4428050063157625e-07,0.016779683874701985,0.0079238543760218119,0.016078460791764181,0.011393419048522519,0.088675514538415059,0.1178912001925107,0.015302648699066373,0.011400138437181353,0.033982774482684677,0.004128742877103693,0.021474191242943707,3.5713429583613745e-08,0.012612609440690196,0.02374354283940101,0.046542772313363449,0.010866691733889145,0.0073610598488322255,0.005946961412897413,0.0013883243526697905,0.012985200695974761,3.5486600214152816e-08,0.00026392295054945212,0.01675089179227263,0.08122015621432184,0.0045509713302012587,0.016005532153531267,0.023921334738981569,0.014798290666592568,0.0084776696034979827,0.029519832913320262,0.01615523782016557,0.041674195685658069,0.015140373977434471,0.022911065288420355,0.067360740475027034,1,0.010363065771767909,0.21055573973835373,0.0041752677833893151,0.0063507006682243508,0.10860474676827776,0.33385435189206569,0.020680064990784567,0.056141359943167497,0.11633916846614498,0.006336456968538501,0.0037643308671808859,0.61435280725676633,0.13090107708928883,0.28041819923158567,0.06231915254625392,0.011862529080600356,0.0010673046404947178,1.8275741816338943e-08,0.0053697807470415009,2.3566058933783315e-08,5.0467402255680575e-08,0.17902064769177539,0.10090269557857602,0.066923030041541667,0.088200219487276077,0.12431289178540152,0.055433695679617014,0.010400157112388566,0.00613727119490991,0.026408480373954366,0.044451819435636253,0.040192583231093502,0.06937510966920514,0.020612074141482101,7.8229621761659525e-08,5.4131473245477181e-08,0.016645454552645017,0.030787499625336265,0.01076871773001763,0.036955656026183864,0.078783515597254883,0.015691809650111251,0.038721592846273779,0.021247904493156403,0.0062436804921723382,0.13707430936680806,0.005219600838206437,0.10116016554107916,0.20521835039186917,0.01713963178797915,1.0620831466321116e-07,0.0091339428044365685,2.6691413285960867e-08,0.014697761739441734,0.10969637589525294,4.2665094110009624e-08,5.4024973138404916e-08,9.4225298179025397e-08,6.9205333363610671e-08,0,0.028829354581675001,0.0073965296605260911
F68,0.0047243446232760056,0.0086081569098044996,0.013878307661753474,0.016364689854987589,0.1094447987272366,0.049734588012397066,0.02939781291467837,0.15959002228437821,0.015380411381852368,0.10863246739171495,0.039516576917221866,0.055093513983537956,0.041805508841267373,0.01649756643983754,0.018642792621884452,0.041528483613244939,0.018452155411250597,0.012156553877266729,0.0039419662385999765,0.05592184522789239,0.017109534526688855,0.16109071864567345,0.013016667951275866,0.0043844971957954955,0.0044993234052825744,0.0019661355816350304,0.0011605930163112227,0.0046772842607481525,0.0094983592045539307,0.0053018693421845722,0.054592794775395713,0.0038697829401372545,0.0024438452398629772,0.0022965172323564276,0.0047479393644638554,0.006745604505190822,0.040984592324318066,0.082166011304588366,0.0061958955103732644,0.0077383125720774824,0.015571752993734155,0.0018931004315998377,0.027100253439346085,0.0089648845475388886,0.89492443515830111,0.51678276170757576,0.78759576096155337,0.64767733443336706,0.66517259622313407,0.60242338943221796,0.44510946380826683,1,0.27599336387847884,0.0031468841125123002,0.0038016100248338576,0.0099143470393307492,0.0047762992480275901,0.0058819122049597753,0.012534893961059416,0.0034064466420730874,0.0048307197381522587,0.0045825678058368079,0.0098744349815087749,0.013378450359571704,0.029034160965313124,0.0046916876550127237,0.0046236261740739892,0.015345587197345049,0.0046628296914167852,0.12868000592361595,0.028993285203542222,0.0064463870877702195,0.01125377537089586,0.034776641743184122,0.0046905079666043495,0.0048559079782604592,0.0055385105594313163,0.0017183341710725294,0.0030186827807562435,0.0079594719597133236,0.025047572154496902,0.0051430972042929568,0.0054782401333324836,0.048268744122329163,0.0087550707176929053,0.014199206436061656,0.15226529268174671,0.0032978289590632269,0.003098726520274449,0.0037757397381561427,0.014985395463502567,0.0049719907704026929,0.027440737872969988,0.01288280347407496,0.0080157173415315863,0.012531681725456574,0.01988749932870372,0.0093059786826993028,0.0038677695289928444,0.0088207548476662463,0.028641165681127442,0.001853692444411339,0.079991107490629751,0.015628025185541142,0.082121221321278901,0.24193942553418757,0.013797630797165528,0.013395018037895222,0.37352746346785215,0.0088791840146330361,0,0.11129270611540322,0.14340735630552273,0.21388238463080228
F27,0.0034852087256378051,0.0012364161950143009,0.0016892693897454908,0.00018842418914190905,0.0009369188765977046,0.019347109876121878,0.018073659382600863,0.15007662031434485,0.021072800073711075,0.36671458274238056,0.05479756140552032,0.11659236320299832,0.19313167320291072,0.027072081410718915,0.23004703164917092,0.16697104275222563,0.031820877307897608,0.024482510426788062,0.0023047535131981009,0.0075766214651975337,0.063412021699577242,0.054337863539958869,0.029458969978769366,0.0017321857376414915,0.0011013693336742237,0.0012592993490730823,6.9656009004215083e-06,0.00030450194493429996,0.021315284729031464,0.014174356711162571,0.21284803879819883,0.0012831794700965736,0.0030306461047417388,0.00053983767917680392,0.0030308052090037099,0.0029350045299822458,0.069055222246431222,0.0065107906507193255,0.0011995622262410701,0.0013801812853022073,0.0090817325769078968,0.0014399627703574735,0.019872806056187999,0.013992781748984684,0.022025678138804194,1,0.34687531216907808,0.40614502034061545,0.61782308219707838,0.25727769535015182,0.74478248828991467,0.44720333362170606,0.32150955413879023,0.0028165826780796634,0.00053416191493884204,0.014687694920742145,0.02289985868792109,0.012568033035241901,0.014154346177712669,0.0009478965073549541,0.0041357592867059291,0.00070111285481439434,0.0017127562739694666,0.01523007538830241,9.3053360400426345e-06,0.0054709339829859885,0.0027822504403399641,0.041745042204644395,0.1072734193159708,0.0065537513959281462,0.0022001919562554526,5.6988880895021559e-06,0.0032294023498836092,0.03114837675179789,0.045183604973932555,0.0040065762320036667,0.0094074588915417593,0.00049792824428380967,0.0028718238825339239,0.0018436913175326785,0.0036228949326966931,0.0022957876465832193,0.001008146196216194,0.11589410617407307,0.017114025616532597,0.016277293234942109,5.3451738422303818e-06,0.0013148522229419525,0.00021784513248065645,0.010886472535072925,0.0056543713698185968,0.0030378598216190809,0.0096080161830040499,0.0089006207897995519,0.019968877255459559,0.0016216497269918048,0.0097793111693423324,0.0055199839656367685,0.017748965071649175,0.017119979432288091,0.046638374198735254,0.0046768963423200194,0.15270292237327465,0.00089591518938788412,0.0036006536999369995,0.1351460450282797,0.0020988178433477825,0.044971856999901985,0.18928582592219118,0,9.0284226652664937e-07,0.012458577962157527,0.1634946548267909,0.024338078802790517
F176,0.0020497159095591629,0.0024476054391305282,0.0018670489717257295,0.0037947501965734693,0.0012395987693313714,0.022437010981216372,0.005574377841947315,0.029591753208542213,0.0028934027265579139,0.039686937223402385,0.0027364071087000439,0.0031990817811478711,0.0011234367550945195,0.0032041925167982919,0.0083229303923716882,0.12038254493486944,0.058887556482543006,0.072160265148435834,0.048381405202276163,3.1226511171990886e-10,0.18871287590818242,0.0078816225017208467,0.039266039325150007,0.0029907257220339856,0.0036258257478394454,0.016769317859158996,0.0084685923294426854,0.05278809809447766,0.50193510699679267,0.26784422406258807,0.71993837981429698,0.18202571757097413,0.046079573617370272,0.19439589933631884,0.1828510386938253,0.078408167394505304,0.050965085051621728,0.0094078220016054048,0.10938534333382302,0.044413946837488359,0.15111276274644764,0.19215861428601794,0.050037520921951101,0.22963010148365268,0.0014694306774157514,0.027169294148358995,0.0041798418970472317,0.0053614257053125405,0.015953969538716271,0.016923599748897799,0.021316646766554755,0.005532000699986008,0.011989192620842462,0.3632394918542467,0.45850435807159201,0.002454590526755375,0.0046793949081979378,0.0024914526251505064,0.014161578671523397,0.32728800109342165,0.03516814331136333,0.025918087426001588,0.0020434167430255536,0.087951434637450962,0.14740426209520907,0.24022434549503391,0.063655038364614752,0.0036944413478874985,0.005292869779048282,7.2326026674122634e-10,0.0082414377587657506,1.3912357076173633e-09,0.0099442344251260192,0.049328740570906894,0.13360129295331327,0.049386850620321589,0.17798628677421591,0.39443101082440091,0.32427818725743113,0.060074358934093498,0.066371511815434492,0.17306382263872547,0.045162619140269644,0.0071264888655897442,0.14412712540112971,0.034617571417409988,0,0.31455395171160122,0.023252310393257244,0.089009238411429353,0.00010204535979759671,0.044500663984979393,0.059450332750305326,0.071572909849923969,0.0054102124936101616,0.0028602895325036577,0.084224087753052332,0.012532606465891622,0.022484291164006253,0.29150129557493015,0.008092527232539665,0.0039539459393967422,1,0.0032124493418606613,0.0012391951530213198,0.14914223124783688,0.10240931361666024,0.13293140910425891,0.058769945332581196,6.8473130294666371e-10,3.5340898882079636e-10,0.040261635883648658,0.10676288838853523,0.0011492855432518794
F183,0.00041085499400390799,0.0013984455613943879,0.00017981335247687356,1.6390802091520369e-10,0.00051329206840280462,0.00036230838079663374,0.0025803818996960235,0.0011583301354308618,0.00072910277001247612,0.0029322703498537868,0.00066824742633503115,0.0031128168369680357,2.2898834074699484e-10,0.0021284281828533786,0.0089620503564520077,0.015185979921918637,0.0011670748829477704,0.0010089567336062108,6.9822932849311969e-11,1.5732075706689368e-10,0.0011692375989550423,0.00042434108294467306,0.0017352675148324076,0.00040673051580179521,0.0013097620917135989,0.00017366294728721689,1.9703732123897087e-10,1.9632169902332014e-10,0.0077419470012485428,0.0092421374090120873,0.39231784303556044,0.0014936354635797817,5.8977283701452828e-05,0.0018069985356605799,0.0052412355373180012,2.3264670529455121e-10,0.00073736170682942438,0.00081398313068093504,1.874655547219953e-10,3.7177059617621083e-10,0.0015123090312088654,0.0061292447392665133,0.0027854158114739998,0.063769174099345127,0.00014479044343474932,0.0021396960272268622,0.001106409344480302,0.0047676603800862749,0.0014001577747511482,0.012948053863881337,0.0011878740361164228,0.003018421755736799,0.0063076735819738222,0.0013263355013954086,0.00067995433011053491,3.6521707398357113e-06,0.033999231899100112,0.00012004460523253647,0.0015115855346549696,0.0031655976975856082,0.0010606967312368504,0.00052372710730793097,1.2399659811699009e-10,0.0011959572369801873,1.335393533902393e-10,0.00088091821413010477,0.00083667300443655531,0.00075477982513201666,0.0024363937681053729,4.9918025247920102e-11,1.7726780709098783e-10,1.5541264872381629e-10,1.6455813340121742e-10,0.0014977835425534207,0.0057874503377595603,0.00049176217482071376,6.3005063701382477e-05,1.0545215640243487e-10,0.0020790838911029282,0.00044057182275576679,0.003660862906850121,9.9200877981573912e-11,0.00066179373976279121,0.0033987551098240872,0.0019823656698979906,0.00056680922275289592,1.1262830225287592e-10,1.0370556586538003e-10,0.0012338579264990033,0.0031894546505043912,1.7011875338152266e-10,5.1192269667239556e-09,1.5770370258999279e-10,0.00051812359913946265,0.0023328682955200404,1.5497896888433715e-10,0.00056043015447191497,0.00039201998236795642,0.0016259369654218409,1.4233875413829427e-10,0.0018146374640732757,0.0011947516609998035,1,0.00037833907151885426,1.754064538857752e-10,0.018799251657880437,0.0051925715582753071,0.004039608978667418,6.2173043334108042e-11,0,4.4408271094534138e-11,0.016484815703338714,0.040059496094122113,0.0022404964397152944
F179,4.6292236617102259e-06,2.4186819388882535e-06,1.6272479429729128e-08,5.9730074037637455e-11,9.4348222918310387e-11,2.7294550980244853e-11,6.2995121155610251e-06,1.6081605047601303e-10,2.7804442425906424e-11,1.1783036130342563e-07,3.6545511482118615e-10,1.482588985143806e-09,7.7624200903569058e-10,0,6.2065582573343705e-11,7.6116864588879178e-12,1.682703586851292e-09,9.3306341186773777e-08,5.5416320154971302e-11,2.5256594248752417e-11,3.5015215497711611e-11,1.4474450392297328e-07,6.2193185219748015e-09,4.8870823899104631e-11,5.4139097251079639e-11,3.7573304502494554e-11,6.9929166954992632e-09,2.3675909399333884e-11,1.3141332209897034e-05,4.4713681384824903e-05,3.990482170308203e-11,4.5216028162742339e-11,2.9536792176257744e-11,4.1006280896442501e-11,1.001673965845883e-10,1.3440074661495841e-10,1.4821614786457656e-11,1.8143249556626552e-11,5.2001938830233635e-11,2.9028777636437876e-11,2.2178751507812325e-11,2.7986112414007473e-11,1.5538859853451617e-10,7.9677061673019545e-06,3.0026702007447428e-07,4.6330104295350918e-08,1.6690499457281209e-05,1.5759390900235056e-07,3.619803386885278e-11,1.7090712842712163e-11,6.4132728213105391e-11,7.9183318730106557e-10,0.00010927475404118856,3.4804776522065114e-11,2.5910455188637801e-09,6.263474106482127e-11,4.9774556371621397e-05,1.0851076131487761e-05,0.0018292700285142624,2.227645941788447e-11,8.9519078416749552e-07,3.0015007744429894e-11,1.3408232603807456e-10,5.1443254866384082e-10,3.2659132038709923e-11,1.6168733586792622e-05,1.4853943372038676e-05,1.9047730893477686e-09,1.2948439850431736e-10,3.7585527504982874e-11,3.1294753210931118e-10,7.5618518397040158e-10,5.7814065089285364e-11,1.3456580921305492e-05,0.0023286586812049774,3.2695303922995712e-08,2.3770737295881627e-11,2.7340514973371737e-10,3.9690182472650268e-11,2.5589841830630289e-11,3.4208603135602786e-11,1.6834030291249193e-10,3.1239769965531717e-11,9.5175848026266612e-11,9.4590915963257082e-11,8.482342948946996e-06,2.3876089498167324e-11,1.7829107159393277e-11,3.3296081696877361e-11,3.6684508421601454e-11,4.6650645675678289e-11,3.5617391942458611e-11,4.2373997577299794e-05,1.3350546081254213e-10,0.00095711129789242998,7.3749038113152897e-11,8.7210984538166311e-09,7.0291202905028088e-06,2.2732266495921181e-11,1.9193375339229636e-11,3.0211861843062506e-10,6.7040579618506609e-11,1,2.3208006320230921e-11,1.959125973970265e-11,8.2574525320897714e-11,8.4489919589225523e-11,3.0978349930257213e-11,5.0563176409757625e-11,3.5648043494881483e-11,7.0608000552477703e-11,1.3325673659569579e-10,1.944924109277047e-11,8.956417857693195e-11
F25,0.021819820304871316,0,0.01318683042770191,0.0040018311428903549,0.021526864530483837,0.062969587032068022,0.35228372208900927,0.20574194847229862,0.018295027408305388,0.32951346444946633,0.22764660108891788,0.47403094415109387,0.63811989568158312,0.36940659869401221,0.25090068295692575,0.30148979736574077,0.50324736187838204,0.91015104658902979,0.33066301203146703,0.16534012794194197,0.11283343726929038,0.090784677633066371,0.75499661893676517,0.040183934968239451,0.031889114605580866,0.0642442722294716,0.057953304952998941,0.21620086865806173,0.25254442362276397,0.29120309617702433,0.68759374564286113,0.19640960386137601,0.25619163879733325,0.45040183821626989,0.70827905962332405,0.3128634468431517,0.1866758719483157,0.1085258543313742,0.046257462132977753,0.11708842891831578,0.081855334692023288,1,0.094497868735960389,0.59099930258081124,0.059913127270584753,0.35000242622035727,0.13293690333531546,0.54080315735901663,0.29413739621434837,0.16956176846500831,0.47323351776881645,0.070960969543107391,0.62497343819343987,0.08091963479234858,0.10990943319590334,0.55951340315286147,0.22612480013944211,0.4314173961380191,0.20596724565074653,0.25263877409856167,0.098415083956067434,0.11773961593176553,0.35021629220128564,0.03760030837069301,0.11915001552792072,0.024555903763611373,0.097541453501038849,0.48554838053029831,0.55343232331787906,0.25070521887876962,0.108791854581106,0.055354936277428511,0.22301376734033684,0.087478049876285061,0.33670724637702742,0.085866102246733605,0.019646416898912496,0.14990749068356704,0.097097173486179134,0.13214100698251799,0.060601513521382447,0.28679984578774115,0.14213687650907722,0.081770018285440116,0.14079067864286182,0.17140529959892942,0.20045993791147174,0.17002146183219097,0.086009647232161354,0.16040361580069759,0.2161029805733829,0.30326060300912877,0.067448211387762066,0.25530246424036246,0.40797602686106743,0.25237521423520437,0.099176506508891177,0.1995477060637767,0.31549783982654839,0.12555833047069945,0.085494779586965358,0.4584800924964551,0.60177775961130542,0.043302873419299059,0.044972127164973986,0.3634275199952513,0.07247355944767761,0.062064395524161424,0.20678080365686125,0.060405755931121304,0.1777031562103504,0.10096498349940074,0.61139743863731744,0.24828874941014081
F26,0.025608168941251046,0.027822817021081383,0.026910462239306692,0.028459280695490079,0.053523111697255349,0.076699745472606412,0.20042283763097968,0.21540615874360405,0.063452357024961742,0.41830907701988784,0.1116807592677712,0.19038172222471703,0.36341878448418408,0.22407782071623397,0.2347824926315025,0.2633112240601419,0.54498422343110686,0.3998265038510242,0.32027915503481613,0,0.1877768790480254,0.13469387860537838,0.28081583653414621,0.044393186189051789,0.030078165185230026,0.13014648635304471,0.1498544997246942,0.49809626787755479,0.71834211077928445,0.68311732724003027,1,0.22181263779038554,0.32218892421673268,0.13379128033333471,0.3235766536984277,0.16903360626574174,0.3259638566189626,0.11781652293625688,0.21473429014709991,0.11175593798233446,0.11818068421621648,0.1412787388349499,0.26127626956416483,0.30287022541640207,0.042408318415693008,0.21636004042288462,0.13278062040938862,0.11511817458095629,0.099428971859363932,0.18357584309234878,0.22034100498960243,0.24898541946487482,0.094388914226350221,0.10402019380122811,0.21069163282338874,0.16336023951098266,0.14194130206617853,0.074340595683021843,0.1387458469971419,0.048048749030853141,0.10636078134277585,0.14898760054318358,0.070636055010959153,0.12141209267265853,0.097230056047179991,0.10419978681400816,0.11869509250816783,0.24864025730359574,0.14212907653408294,0.22020327654739758,0.035536388244414352,0.12900852180353911,0.12421196477683165,0.17589278210818499,0.11495210214302545,0.10744967968688864,0.10645416482209132,0.26799068820658067,0.10412099849338553,0.086356079677002234,0.16763036466353615,0.0687257551871885,0.1272752879925986,0.25067926155262349,0.087579202775397547,0.045681362987865952,0.012119656127369,0.10842102059557179,0.096376344086447477,0.11717206502320845,0.19055036612722934,0.16189715788961742,0.1276987229808173,0.076188089770966777,0.10854632379546414,0.023531419503908399,0.17738280433227963,0.2443501752344053,0.22851287909595497,0.18609317760970059,0.22739979921760056,0.13953420895811039,0.30679938755179076,0.055437508320145948,0.072422668889583555,0.33648066407645849,0.19342833040902563,0.26328218725854607,0.12478353953863985,0.076620065905062248,0.082106751653853172,0.16466538567933783,0.27374926463533666,0.052992509349194639
F182,0.0065904843062403384,0.0052426586860722293,0.0050903502397317566,0.0073191905528530001,0.0071944498287593158,0.017577394500403912,0.14758058703423796,0.03927025569077458,0.0036191838951528453,0.040255729050982916,0.0038025378875340141,0.12606387315509124,0.048554053304317453,0.028172377806075056,0.01740841181477943,0.34720693548091103,0.14771237543961879,0.53119687603246746,0.081970878104556319,0.02077827557742,0.042064926046737248,0.014779890891461296,0.49653049297584023,0.0047334802873079743,0.0072265546370816622,0.010412408561724477,8.1442973177964836e-10,0.36856100154384963,0.1039255965783326,0.59241198906132286,1,0.056048214520034605,0.43708030613728477,0.10209315940623336,0.42891670072366239,0.26700724886698168,0.00024713094618999672,0.0082954972393291318,0.017161243950424895,0.0074314388428344258,0.069347211292050973,0.62776741932659752,0.027039634529271887,0.55464685444865924,0.0025342533893029534,0.013707389668321877,0.0095487119552322332,0.020481817097877695,0.00094381577736390423,0.019813078973484902,0.023221855054900247,0.0011267328140403012,0.070179561018370668,0.0047789305118387752,0.020933944052817777,0.01645488316254046,0.008993632913058814,0.0019414703138122375,0.01215663070103567,0.0030711801384858874,0.0016342756667226371,0.029032920318688215,0.0020167526598842927,0.00068620821912303439,0.035495563733807883,0.002135024420395917,0.0026992493333961136,0.0052577498322162464,0.00056003473488612965,0.4149579677068132,0.0012639868197446872,3.9861331862268983e-10,6.0043061164926496e-10,0.012045773037746055,0.032369119568850642,0.0036266049834808968,4.8018131909402814e-05,0.0390032735713687,0.0027833160643280959,0.015099701835152619,0.00040673367219361376,0.032925522658765173,0.026890905945143623,0.0071092249277733442,0.065061291558272047,0.030750131166819929,3.2684729095696643e-10,0.037724317492318145,0.0084324024101461968,0.047931474447112155,4.6152445904242138e-10,0.24444994484674154,0.013869788639160645,0.11843462786021691,0.006131718226996534,0.0064648089346959186,0.035843541075053179,0.013659003222816038,0.16793739532447866,0.011251571879273023,0.01115321505052606,0.0086701444102857735,0.54618397058218615,0.0065128631135042301,0.013213780395091492,0.24611965219359902,0.029942770977197001,0.033198185560067477,0.088755007401227548,7.0651494752513532e-11,0,0.059288605931343129,0.50074169792068735,0.0031512360974242613
F32,0.11262417314077934,0.15118460474588824,0.13237591987808245,0.12709375413928747,0.30861610145020241,0.20694509900890817,0.23555401398403136,0.26461834378541305,0.23552129409129668,0.40963401697348084,0.28598275818923674,0.28475254151776702,0.20324408902203098,0.26821837624071265,0.37947226077959495,0.321401069607476,0.20914221845811204,0.59541648986332885,0.15345504977045613,0.091120465181001406,0.18631586599507424,0.16667997198211462,0.23554931243268115,0.13858066655644882,0.13362988480800417,0.31140710292439849,0.30003418798476739,0.62207416800056325,0.30628313603748708,0.34446786916505628,1,0.18266291498749021,0.20648071851347666,0.56774095172053529,0.70298996736565422,0.28838572582154087,0.41765948614069615,0.36452124023890414,0.1257749850306441,0.18982731113204293,0.22741293939122134,0.584983159678227,0.26971224983061864,0.51390725887251076,0.16294205363658204,0.27247926289081192,0.19537819604775578,0.3149208035816049,0.24194377840835962,0.32106560297867065,0.22707154401145324,0.2872146369849008,0.39707154377735099,0.20865708252598741,0.22940927737648859,0.24441103555012361,0.19229616092025836,0.11661040150326267,0.39469970743294597,0.4620070369399526,0.18790114351832746,0.34525435345123545,0.074811554735002117,0.17285382851844711,0.28094962541663965,0.13988614993091322,0.15756889572023566,0.27879849393287714,0.24721005028358309,0,0.17516214851801726,0.26691982999266289,0.16131881845884855,0.27884031921691221,0.34193740717056581,0.17082080369780589,0.14329102804986524,0.1402756317997301,0.23048604117585234,0.36280846336785599,0.24326306039869292,0.2887018579465771,0.36058232839007315,0.51593092290639775,0.3584183138481995,0.37699856065255555,0.32013783695701603,0.18209438371713729,0.2897441520928738,0.3347519799185551,0.14726160376354017,0.40021031165650817,0.36327414659730051,0.27780987463541673,0.19329187764002867,0.18885471652882962,0.23446066953613526,0.19565324436448253,0.29342594870663452,0.19370600690716608,0.3232510366571047,0.24848819212752898,0.33418521295201592,0.15653297779936817,0.14334631956618193,0.30328912404180569,0.15665839804175871,0.29908831927558521,0.20300874912953856,0.20149840794440893,0.13363711345846832,0.21477605857047322,0.56496680836406865,0.35813921105299817
F164,4.4307170108068443e-09,8.1806934349539698e-09,0.02480848619787776,4.4050819053803111e-09,4.63679174738873e-09,4.45103777799699e-09,0.0020774809304546183,4.4180911517640135e-09,4.0674544736061864e-09,2.8906288085774122e-05,0.0026374819734609296,0.0033634348005909197,4.1130041172889787e-09,0.21362565657518032,0.85185213797342541,1.556408395386644e-08,0.042268424306471694,0.19194545091282345,0.41990129354131134,4.0384346334263585e-09,5.6163223010442731e-09,0.068280353353187828,0.0008261753421234001,0.016767283055183775,0.0017044916891825177,4.0846750963510959e-09,3.8425805639288616e-09,4.0760686851314864e-09,5.0663203627725736e-09,0.060383335920380726,1,4.0257723796327224e-09,4.0299795840337173e-09,3.9522424281492333e-09,0.0032483853112626995,4.1590711475105037e-09,9.3152246633171585e-09,4.3539122504317848e-09,3.9327073352486546e-09,4.1337558677033045e-09,0.077412514533474225,4.3356113947788675e-09,1.4587566199488998e-08,0.0020735481933487959,4.3662379360689291e-09,0.0041050221309171233,4.791029794084638e-09,0.019651630718154796,4.1340064171134441e-09,3.4298439310455544e-07,0.0014792253739944246,3.5290324196921608e-09,0.0025328268513380506,4.168692046287832e-09,4.0708241117681835e-09,4.6634071792304412e-09,5.1167663067686837e-09,0.0019208398270269024,6.4289132894988574e-09,0.0027783368983949485,4.22652869469347e-09,4.2039095170974478e-09,3.8754056348978304e-09,1.2188424222093441e-08,6.3452587138796958e-09,7.7867546353643022e-09,4.360415745419743e-09,3.7151854214901398e-08,3.8758737466799191e-08,5.9270372926501894e-09,4.6030344715250165e-09,2.5771571682517441e-09,4.0656481456746876e-09,5.1091462463760332e-09,5.6036556847684529e-09,0.00024012392734835489,4.0484995210834934e-09,4.6705182200307654e-09,4.0626789119027319e-09,4.0557679445981455e-09,4.0124199324598821e-09,4.6546058678607231e-09,3.9769982133960826e-09,4.7387921852277746e-09,0.044422336067624697,0.0056036340700458577,4.7789776780715417e-09,4.1242547079634418e-09,0.0083833192760622531,4.2475036017754886e-09,3.5181980684265879e-09,3.9356588392867613e-09,4.1651554651348752e-09,4.8689908682802788e-09,6.5067371700972916e-09,4.2597351791765831e-09,4.3302008349262538e-09,0.0047943918019974748,3.8523880472336292e-09,4.4368603569037723e-09,5.4480986431777413e-09,5.2964014910909899e-09,0,4.4470517008331586e-09,4.3598061826444646e-09,4.218061971702813e-09,0.02985636505516049,4.7577853894154165e-09,3.9020731065148506e-09,6.4897166742779548e-09,3.9222492705453867e-09,4.3651413445528851e-09,4.1193838106083881e-09,4.3226972504137362e-09
F83,0.0026275321178762987,0.0017439918276344706,0.0013411382752280983,0.00050976773836810109,0.0019274782146332771,0.023109404013097537,0.013964123715380158,0.048169991599754859,0.017007656965852817,0.49153700180135723,0.069261412262453012,0.042377615243081833,2.5247485732774949e-08,0.16905003307937247,0.5144354665548625,0.66013477509305185,0.24223818918360315,0.030854397255438787,8.3658579283192691e-09,0.0099787545964923566,0.025055738174507645,0.029593955143908973,1,0.0014347230819713888,0.0031074037723687522,0.0014249145905501071,3.3467677233189338e-09,0.0060183240331026554,0.092406404111539095,0.13295716679612435,0.78976084518643885,0.0034941444936094812,0.003354152909035416,1.0047029893086772e-08,0.022785063300466524,0.0010989576622488569,0.019176811158708729,0.017730356777249611,1.1329675139301171e-08,4.3714219313077642e-05,0.017836441079288553,0.012229274713898276,0.030149970481923496,0.084590953679728575,0.0060553223269284541,0.25987059744269708,0.18778220101792431,0.040841533007884886,0.12495164384203025,0.048151552339368631,0.16217570279792834,0.09232059207505805,0.18453483917302371,0.0041025782293664425,0.0045062380674468286,0.013181479889958209,0.014264854137262214,0.017277598959725811,0.0064754738757888241,0.00051119111481162302,0.0030985732630068714,2.074871490162449e-10,1.2855703179540277e-08,0.017167207939231516,7.414568534220411e-09,0.0062365712605687669,0.0081670297846041708,0.033736095758014922,0.13087219622646029,1.7801024677201789e-08,0.0022948036675986602,1.9206924690553494e-08,1.8786643156158807e-09,0.046157260447408033,0.071824004179803599,0.0093896808020027187,0.021284183795631007,1.3248047996265042e-08,0.0029389139101053214,0.0021901463352462184,1.0943478632994403e-08,0.001484827254613184,0.002825146471127438,0.218730530342891,0.0010672805699532995,0.011427016460716675,0.024468541276011151,8.0716757942191096e-09,0,0.0029286455318900447,4.873514566197176e-09,0.001027853535907736,3.8402662754302025e-08,0.0063938660537222651,0.034854586403186665,0.0014317853650585312,0.0041983147991386935,0.0045563254818040003,0.016305044739691299,5.6745664919170164e-09,0.027940026690064377,0.016006798430095299,0.83860975195963361,0.0042040307647918202,4.8802081285295072e-09,0.29180949441650711,0.0016307485243993913,0.049427909265117594,0.074345819565478644,1.5041603789341883e-08,1.4283680187004031e-08,0.016487881912437406,0.45552102535432398,0.03431518977005775
F199,0.0010084024491490299,0.0069426168364901866,0.0013908566242123667,0.0017228066475598902,0.0010065164135333357,0.033455947315387542,0.016709199915854147,0.058597795215646481,0.0033628666899096814,0.3380244220967531,0.029950234640509662,0.10576364364896369,0.057403066676877335,0.094764117658192801,0.26334256702506242,0.54596119648142472,0.10268576771463409,0.032818132084612768,0.012807897328804534,0.0050105880263309,0.034941180235224772,0.017680656483519994,0.4384672348342154,0.0015346004283109025,0.0078167210745559539,0.0022838103990700034,0,0.0022872542111439312,0.049427510875563539,0.04892000147573948,1,0.0028353562444134108,0.00057890238033257897,0.00043266318072384725,0.018186211353584086,0.0021659296407771245,0.10744201861784447,0.0024516792884295927,0.0017690860116485222,0.00056918121501310539,0.039584831289316433,0.010744429662620078,0.019086620245434564,0.1084769793587827,0.0046323382152430766,0.10125102368915183,0.075802519248639788,0.025873598873904873,0.083516367230046448,0.11609049151844346,0.067547136411969314,0.036044461062784444,0.07453880460412976,0.0020252171154542826,0.0025930817163748094,0.010894504234342611,0.02056344373552272,0.01136094570333422,0.026246210744183051,0.002472671035909937,0.0039974568986903885,0.0044457910361765047,0.00063580814721830154,0.010907025243963111,0.044204739342939108,0.0042823875914582152,0.0026024167118227724,0.016036325558411699,0.099995448300500236,0.002424666750271805,0.0025909022685568959,1.7578129848906139e-08,0.0013142512532826126,0.023292113249412036,0.022226425294226654,0.0031323560579788702,0.0010638593568227475,0.0014518151945843,0.0018183836419683093,0.00087863941680486565,0.0037458989495343887,0.0041700733574098611,0.0036206341187057628,0.05230051379532312,0.02257540556367604,0.0098183330123837141,0.0068604672393647063,0.0010326321151434713,0.00086374951822002627,0.01074546505890084,0.0034783261489778148,0.0034195098318342762,0.0057255691410877463,0.0041188104312046142,0.021827125041692791,0.0014451661603767606,0.0014751326862426687,0.0013590214251050733,0.01802687282855607,0.0003411198611670704,0.019945866019255513,0.0066044761918866938,0.74409572956219594,0.0018246089108531224,0.00014009610429678723,0.1295170048271895,0.0023372443650880605,0.0072262177125495056,0.10117126009678631,2.564290047096335e-08,3.3677824622406436e-08,0.028418562873111047,0.25826111146667102,0.023667333132765242
F130,0.00071256428978958247,0.0036889400536293782,0.00067996868084301443,0.0010338688945002402,0.001776159551324065,0.040171489449206267,0.0097256333589414261,0.066698358969694976,0.0016156913851441824,0.50052139900481618,0.041712490294842565,0.12259198486264365,0.079868549456775489,0.035455832126962156,0.13498951824933206,0.21217615275398694,0.046494688104817827,0.026447288815128853,0.011114120582650841,0.0030857242787045692,0.0400462672599496,0.023101220708799337,0.21170221136950046,0.00092327855756663688,0.0032178593284080126,0.0011634703540653987,1.6627990861703937e-08,0.00088073081836744535,0.03914789757618245,0.018649398572310533,1,0.0021418132640101334,0.00044132764713915301,0.00023786572531945529,0.011724912702334332,0.0029564805332573858,0.14828446763895323,0.004225511322741171,0.0023567331419342948,0.00082590305062071195,0.048692158135279523,0.0094333122709318162,0.023656791923907329,0.11637701332861865,0.0022316730575588513,0.04100938411819717,0.043141479317785662,0.0094377868421496435,0.077243362646574651,0.032938669746330654,0.023680985363665318,0.046795278416241634,0.052322772966178543,0.0017618810111799078,0.0019310152527373683,0.0081339567848230758,0.021965548343001177,0.0035815570197099494,0.0092446245877220237,0.0017334983052588906,0.0045196356496320089,0.002867133473879385,9.8940658548306598e-09,0.011498297972133805,0.065155979390975796,0.0033598196698094696,0.0010008664961816537,0.0077165447644686877,0.075561876198073127,6.6251754823649149e-09,0.0041827293684743253,1.0484813084236377e-08,0.0017457853955424069,0.016792073317743177,0.015352433319042992,0.0020254883297649174,0.00036335920867175685,0.001994814412456458,0.0011180033084723854,0.00036565280004819848,0.0047621051562725296,0.0055991282016343421,0.0031646834187811028,0.039308903713833845,0.031038108095414168,0.0036643321018213007,1.1852971354024691e-08,0.0015138901473687833,0.00079811107213956288,0.012497040370236306,0.0048303730630956197,0.0050647443439265742,0.0082957226172386874,0.0031845687290496445,0.0070826170677082585,0.0024002768220556742,0.00031955004130096313,0.0013028281094764071,0.0074592688631901494,2.9233463938783096e-08,0.0076250144046891687,0.0020283994880647667,0.54258714103251493,0.00080429042222542036,1.4524037597940355e-08,0.073433317393692035,0.0015845314127038322,0.0035356187092230379,0.11794095500177261,1.1592555458976234e-09,0,0.030301518389975534,0.1626504244024789,0.023777897035176548
F57,0.0009733160283160303,0.0023746967061026628,0.00114767226416661,0.00060468206862236934,0.0028352488709232375,0.044517994857070017,0.014134476599895997,0.12996219859850858,0.0015327119861441594,0.7522542767671504,0.090287860841020293,0.11850090350104302,0.075572502321064439,0.038974182684646475,0.15463020170497749,0.19868907034982186,0.058811722699242043,0.027139664840163891,0.010374042395687866,0.003409149209624067,0.047202910973068363,0.049982916963184715,0.25300004715746077,0.0011276608100539659,0.0020283639614485896,0.0012750240540809123,0,0.0026582414584730768,0.042121823392396819,0.024962574617416289,1,0.0027834647190003812,0.0011765692782128973,0.00024594829466045035,0.011567438440764384,0.0034094780201248875,0.17295192523962177,0.0034921153210683846,0.0035508416167601363,0.0007856952919535979,0.047642846326048489,0.010536252045316847,0.024590707287191198,0.1198053473046025,0.0022688383944601412,0.052495040435446616,0.055427422929117599,0.006837790119668459,0.076771563014074604,0.019564979310452403,0.029994686124606679,0.054690089963609231,0.071204996486022784,0.0018523489088342821,0.0021277735387406462,0.0087922054527800018,0.022791014856534338,0.0033704058020670368,0.0073651919174132705,0.0016403806254416697,0.0039819141374300123,0.0015970211921918277,0.0024361017454860596,0.011626344338348707,0.061689553596550185,0.002556120067928784,0.00094042518893120515,0.0045870511995837826,0.078015277769685781,1.9407340681539354e-08,0.0051596199824776893,6.765742483919775e-09,0.001653251698035022,0.017468037330566944,0.015256567469511362,0.0026335257166594933,0.0018237921820308842,0.0018998955582242624,0.001142689137538047,0.00067701161138599732,0.0046100038209667873,0.0067200202561616225,0.0040783874481145673,0.027532157664227126,0.031310790749190305,0.0043612821160768532,0.0012018227406385125,0.001433550641554234,0.00089579264748134834,0.011624004675749915,0.0045775288503468754,0.0050216257463391398,0.0081801454907499006,0.0033006154558661445,0.0047933163531907203,0.0034799008934735158,0.00082688529460741417,0.0018329055101093967,0.0019446016003594085,0.0015170859001670711,0.010046638601244997,0.0039799011399858954,0.58432898712158354,0.0010408955726674007,8.838988976413736e-09,0.10327995055656923,0.0042520238037583261,0.010546026212253484,0.11879901082630454,7.1307803661336941e-08,3.7760786825488056e-08,0.029957769099241981,0.1910740043524638,0.018619607834395001
F184,0.0025931223140793734,0.008495774273788826,0.0012971135185494815,0.0015199668530405251,0.0091971461680056613,0.02362781900038434,0.023838615438988929,0.03867920325324431,0.0067403821383427848,0.22845450725281358,0.018410788986949408,0.058685815665550221,0.039899203260382446,0.014546859287530332,0.06730519454505865,0.07289777757888688,0.026656696140901676,0.023033024385180161,0.0031690355408955282,0.0014926151994986928,0.019346201040477559,0.01239292459621855,0.10175337729089723,0.0028852658209742007,0.0077093289455777538,0.0014802263697603023,0,0.00042609803069401599,0.019430734723122008,0.017090401175413609,1,0.00068087834839182786,0.0045137561365282408,8.3880275047803362e-08,0.013148146986212125,0.021010593383057812,0.076631912477443387,0.0022967385299195956,0.0011415621594003131,0.00038966533042412803,0.023620815438577948,0.0036778444824379594,0.012103420453105002,0.1192602256631741,0.00095640089281147172,0.021994045037292288,0.022309362038863641,0.0098533535774980047,0.035610022240559584,0.025299322006301479,0.012857060003703428,0.020964333600896071,0.025255655955127854,0.0010752209260149702,0.0029280606686260847,0.0038850775962441658,0.010671475483478368,0.0062296888376982759,0.0065473466367734143,0.00053507428534964297,0.0028615304975360676,0.00058298996735160757,1.4630199292684357e-07,0.0068636377093510056,0.031514553590651223,0.0035938998141267953,0.00084531053417331978,0.011591954482640551,0.039702248847735017,1.5285799775054938e-07,0.0021820922480246881,1.2291205782907048e-07,0.00084433410889320584,0.010234226975782922,0.011469773087683122,0.0016756009373591891,0.00058926105216067638,0.0009481922437894121,0.0008288617184927054,0.0051249890289727521,0.0017701518564226628,0.0030220979784362435,0.0047506853895171852,0.029040087974286772,0.029060403838975266,0.0063451523905246878,1.3457250928432489e-07,0.00073350008603468241,0.00076305519090219195,0.011292609205024937,0.0023454948963507619,0.011650779789909509,0.0040212835596183305,0.0015386961133958164,0.006950507134681848,0.0052102337935751074,0.001046919530884826,0.0044078483599500236,0.0058645708399421084,5.3751725724660422e-08,0.017030546341220709,0.00079506664008359863,0.098167313052266017,0.00037265115350523797,8.8102173036671705e-08,0.078090249008967466,0.0010563459133448459,0.0046292588864818894,0.056673616864332359,3.7456802568390905e-07,3.2666013708122496e-07,0.012143066118954429,0.119165223861683,0.026489093594911722
F31,0.0010255844292148698,0.009743825477168868,0.00064896698598084076,0.0011652826565653376,0.0062372081202390533,0.0062539808470442057,0.021928940991861632,1.9985053196142077e-10,2.2851025526932088e-10,0.009404208974567084,0.0046367457277564578,0.048799270919697532,2.1608888448926382e-10,0.037245963434533264,0.0037925616387441243,0.76944324189534063,0.0053525627025953473,0.020710605892724655,0.00066108048102061503,1.8977514017159983e-10,2.016632969881864e-10,0.00090786736612236119,0.0071709963896138965,0.0023698100560698766,0.016146319947112662,0.002428022333653882,2.289803041171542e-10,2.0910258500979841e-10,0.0010638762805988281,0.006039699259233232,1,2.2748933714551314e-05,0.0030066809646766418,1.7456228907761452e-10,0.013699241969807955,0.014392935770352054,7.512578129111684e-09,1.5681882456623904e-10,2.0693146786118092e-10,3.2556108285880719e-10,0.00010204254979403052,1.4409876792858804e-10,0.0014574028677086434,0.070321152573327633,0.0052881662948891977,0.011550418417383038,0.0049004082013322584,0.026018635915550762,0.00055306745001504766,0.38021927279004536,0.0033664906080349659,0.00047003635778331286,0.0068023050465736822,2.2771188992513082e-10,0.0015169950090685453,2.0735138162249351e-10,3.5450775623898005e-10,0.0033916739517159161,0.014723041787928527,0.00010369497369201512,2.0129103438857719e-10,0.00031660335436169596,1.3019747269057989e-10,1.9571208688643807e-10,1.9184323009619691e-10,7.1780746936037619e-05,9.7847123285942802e-05,0.014074267775478187,0.035092357540665128,9.4425130389262715e-11,1.7549259647433489e-10,1.1123561025259172e-10,2.2158232466646019e-10,1.820325481965655e-10,0.00084382250346765682,0.0028189202707863139,1.9522143849027079e-10,1.6296823777074145e-10,2.1548119882712997e-10,0.0036006797315268229,1.6682525878018385e-10,8.69856676297261e-11,0.0027891105068676538,1.8356865519725409e-10,0.0086482073023177227,0.00023559234713286731,1.4127884552661893e-10,1.5166049332958514e-10,2.6961569215594998e-10,0.0039483819945706289,2.1016963410226221e-10,0.0067887027888048823,1.8543682543608342e-10,1.1868345202329961e-10,0.0045245225193788442,0.003162309616246254,2.063168547909211e-10,0.002605910655421258,0.04023272260615389,1.9588194787150149e-10,1.7037418990268789e-10,9.3170355793185575e-11,3.7303496835051945e-11,2.0156837637529676e-10,2.1072233100849556e-10,0.04461013602444714,2.1131507049610117e-10,2.1358950820526035e-10,1.1116716331772069e-10,0,5.9013044559306124e-12,2.0939605309098238e-10,0.035330460553903605,2.0229745853876655e-10
F155,0.014939544844470812,0.0018161571958962522,0.0027643311248569894,6.9687918685356383e-08,3.6864620605458195e-08,0.028304767880598856,0.033418115369197622,0.21299299090982315,9.1723558720526055e-08,0.76372859663187698,0.097565902551628308,0.20084716450970672,9.9364662826998297e-08,0.0029849236184174119,0.0051506981684706892,5.0306704316551472e-08,0.017511735507242637,0.043028598585555897,2.432476570514834e-08,9.636888170744201e-08,9.7910252676644589e-08,0.058014367177829991,0.00043497685409196496,0.0058149639273123947,0.002494993953737958,0.0029195179609920636,7.9072559371910274e-08,1.0507956003904482e-07,0.083146756780595216,0.0093306979164594281,1,0.00093421796237706041,0.0001552652951618856,1.1672140702266108e-07,0.0022120648512916371,1.5923126600896994e-07,0.21731341506497279,0.0094720741867729205,1.2427330973749351e-07,0.0070733110295074699,0.0096448081784696518,0.00029428581710409048,0.081484753632787496,0.029875685194210737,0.0046168761248602842,0.078740255443994392,0.017783881690499638,0.06692560252273258,0.0092142864133742033,0.28330069670508962,0.015013678719936713,0.33936867687742817,0.070166788382015691,0.0062779010393481591,1.2261675675751459e-07,5.6929327095379524e-08,0.016660901130784896,0.014031925672495152,0.0004682440442331783,0.0039636775351075256,0.0069619513196361067,9.0058624845932584e-08,1.5973011660871285e-07,0.0078480334554379243,1.3008910617377117e-07,0.012947461754359388,1.0249373710394476e-07,0.15134554090792857,3.1923735420545687e-07,6.5998142996101871e-08,0.0084726669109452899,2.2589013522476288e-08,7.9647221908827316e-08,0.10968986417207136,0.09649453709434376,0.024806107104991617,0.13038478062140935,8.0116885982258788e-08,0.0033770314159860268,7.3286166945424022e-08,8.162600091605923e-08,0.0054683013948932605,0.0068205160754240329,0.28933974397653761,0.00069195622238201469,9.8262110778653763e-08,0,6.0764636143820694e-08,0.0026391107841359394,0.0030093896837212076,6.0130898887438865e-08,0.024039454687193103,0.0013005032059258989,3.4789590766696112e-08,0.027406826357199255,1.0280945121455037e-07,0.076985103862890633,0.011526714365809338,0.12592282325435578,6.8960347656788889e-08,0.0017799718026291927,3.6573704130553213e-08,8.5220596474682024e-08,5.0341717469700317e-08,6.4657060481759439e-08,0.031000799002862831,1.2277719985628937e-07,1.4150305151061845e-07,2.7523203187107417e-08,4.6733473665501135e-08,8.8529905796920637e-08,7.9987884002794419e-08,0.023605281113313597,0.05069802790797083
F108,0.019677171144258338,0.0059137654384348089,0.010474578190126075,0.00062425028732410301,1.3354381761852759e-08,0.025827917922040332,0.058338603782378769,0.29683067524765583,0.078344159283837089,0.62381729453400137,0.043351033801104423,0.045676580595654957,8.4683732602038792e-09,0.00043914263958985683,0.014226420451431321,1.7378908245103816e-08,0.023999086677816195,0.054013171119924014,2.5908932888495589e-08,1.5300888365877079e-08,1.7465517358895623e-08,0.035455590440815379,0.010207721211575814,0.0084485068215449152,0.0021276476143631839,0.0044805074209224183,1.0037537610733722e-08,8.9265212824697622e-09,0.033747898621343191,0.048552701354257446,1,9.8328560938794557e-05,0.012054459015452016,2.5779959984139285e-08,0.0035685929222826983,4.0183330055668985e-09,0.19337094473133648,0.010974959868578087,7.593061471726565e-09,1.0207067074363244e-08,0.044611365425500725,1.7739120537363591e-08,0.079263900278715771,0.042187213502316002,0.0038202462022412548,0.031812837787478961,0.022510589372534504,0.064702727239797558,0.01567758113905645,0.26090809365381623,0.013827151737096805,0.31612215218283946,0.070613599115735171,0.0087384992453386628,1.2234525486698313e-08,0.0041231103039713933,0.08164222570508245,0.013432225054705448,0.0017019910063141473,0.00075460899331124102,0.0082888464618091837,5.9692505822990752e-09,4.7037880933916004e-08,0.025153532191497845,4.6802861587196284e-08,0.014586066720561014,0.011768433997301918,0.13007123160114523,0.00097736243029234024,6.4520222646845441e-08,0.0023724490054855933,2.4591492921822545e-08,1.3026589798504662e-08,0.073953893170041557,0.15227881640641677,0.013128288161452126,0.028715702181166602,2.5784542553815464e-08,0.0046111792646809776,7.3366830340269783e-09,2.508714595494666e-08,3.5786634849804345e-09,0.00071701274214873683,0.47121333020064865,0.0033917341758656042,0.1272312427406703,2.8289166392512495e-09,3.2776358209290013e-08,7.4567856758634468e-09,0.0015986503219000306,1.5927989068408557e-08,9.3449346175623093e-09,3.1646133945088787e-08,6.7767101064696013e-10,0.070881324863221615,1.3525646174438471e-08,0.025608409725849539,0.013486187599972041,0.11884786082789868,4.3093187547000772e-09,0.24132516428705295,0,4.3278873090304018e-08,2.6943079016443301e-09,5.6565100385903826e-09,0.0069870878779430771,8.8463523265821952e-09,0.18998363764350598,3.1526953352640043e-09,3.9979074342343017e-08,4.7800694113080117e-08,1.5106520360062618e-08,0.53462614424934884,0.086317959672103373
F17,0.042245927755264631,0.040609661620722798,0.038610778298109723,0.030879861914818209,0.028391270461162622,0.049406211551461535,0.088435961193476978,0.21762102894191088,0.18878928311852516,0.46095601708912598,0.062857516624633014,0.11474093929092799,0.027885861676185109,0.033793867196240529,0.048061008737773796,0.029667769232232761,0.057061607975532946,0.063285561048655736,0.018778301381893941,0.022396899410006398,0.030636527720102499,0.068758683045069838,0.061558224283597522,0.032987822791743421,0.025010034139659701,0.031067220315982445,0.027568743530690613,0.022304035869190216,0.084917439865162814,0.11192911693362319,1,0.031237547779005427,0.058367194058698148,0.044977120929073154,0.053901116692161098,0.030698617222434263,0.1511918053827917,0.024986757626022472,0.020187374734721774,0.025416033456415837,0.0474822777525633,0.069146177889741867,0.13421899007692845,0.080033527169166813,0.033758155471145176,0.075134985345258712,0.044125062299852018,0.086881318434009244,0.029322320073230754,0.27169267175146256,0.068520239386806972,0.36316030501771934,0.049336294930040485,0.03515492513181389,0.021472758906081565,0.049504063700195743,0.14044121717664046,0.096331910690634917,0.14792996155703098,0.017803387040808794,0.044802941954680632,0.027048315773487795,0.016954489470136381,0.071705389948163167,0.026684624124944958,0.077534689434191062,0.043222103216861547,0.19721895616545457,0.028959924926404049,0.013860312805380744,0.026566223660965352,0.075919767959879786,0.0285486759041668,0.14403964924966053,0.21954430788229462,0.045141309035139181,0.08605893173505251,0.036479230584520655,0.0346559564862505,0.026249113096194203,0.021309594194139816,0.032226606137393352,0.027300425609037574,0.58389913415876937,0.03493707735685684,0.080861247166771996,0.02978976691805944,0.018761123189896527,0.029150412808681508,0.034807431826318819,0.043078630580682557,0.030171908204482512,0.031874604751293556,0.036514836580845478,0.1285540343003716,0.024008416256566325,0.072156974684677355,0.058153740082190916,0.13134581668305928,0.028763859981266474,0.31064798423916945,0.032518320207324355,0.032984022283333088,0.031579514796456098,0.02930139802694549,0.035989432016840288,0.020785935550784524,0.41257079683041631,0.022301794209492874,0.012430726592977136,0,0.032068856869458179,0.24942802165777092,0.10580832704322973
F23,0.057286819256752372,0.015669357881630576,0.021747244650378819,0.01315904818681536,0,0.075363341982118595,0.14209514535150866,0.21358023431859671,0.20283832084925163,0.49424402393417122,0.07080432293283305,0.22684205071138083,0.20858496159254855,0.20793300681563165,0.095409076928561515,0.022767088137989226,0.12279992576464285,0.13148575917273361,0.1011082219299857,0.086665846827561815,0.04120028825534755,0.056110610939572224,0.094013675970519447,0.037779577440037147,0.045921135839089071,0.021501243316156802,0.0097834852345080742,0.0034253638170721433,0.095079461177009203,0.15893054380545468,1,0.039193269278738001,0.037901658922053966,0.078132408743786311,0.043076909896755854,0.015226375760680758,0.12337724023385882,0.039019048996650089,0.039416526339881068,0.030859514414443772,0.067907360652680285,0.010368335702310407,0.1618654131575013,0.076658969438530469,0.040603961702390841,0.14129995064017078,0.047740474839175553,0.21008155761364899,0.089162184038463765,0.27418465345309934,0.21760227015762745,0.35958625815506268,0.19072826937145615,0.040998614978805921,0.045520304596554699,0.30311533456304018,0.23782843652795452,0.68220673011605826,0.033587468594801044,0.076378180610484736,0.047566428787877403,0.028346396171149191,0.31659451770779318,0.04176729346147337,0.059644964958518155,0.018900403639890047,0.041234568236246882,0.28470273024880849,0.72130786152249626,0.30424966886166344,0.058386841021760602,0.013034329899420556,0.044155623415100625,0.18263060311966905,0.32465922388661117,0.054186031876834517,0.022424097152575807,0.059463159581765866,0.061053448962130372,0.02477615733142614,0.040195385042750102,0.036164283371002595,0.024011410935663686,0.6374768637828867,0.036327584087642008,0.13691161818555486,0.037838362872021185,0.11296946469206057,0.0072482812341300561,0.095421995027813428,0.022723432720752751,0.030964028284310462,0.052627733900443015,0.068019079216922462,0.35142157249295886,0.065090632474028964,0.061823805628039942,0.062935699485406241,0.20203208136641818,0.03901605577476789,0.38327603235829749,0.10285059128207903,0.18554044072730655,0.0059069920539126025,0.023456117392137626,0.060843576022968707,0.044262813174775296,0.4579996515221833,0.055829552627091508,0.1612526191454276,0.26679238072452377,0.024455566468880235,0.37908608366119129,0.19596301445532019
F166,0.3423715877710044,0.37904558261785065,0.18010916104312524,0.37310003098904887,0.50870947592202731,0.42715380660267172,0.41513618450554934,0.32142883930997457,0.49058542294247115,0.80312601266365413,0.31648764973795784,0.78254047804677151,0.78814880098305962,0.74146190769599585,0.39848290488619986,0.2771178875124049,0.41467666331587266,0.32224803641597388,0.25946056207372764,0.37976933815483993,0.45480896977269186,0.31213261435310929,0.46150404193453848,0.28661253995914682,0.301620614619798,0.43729552007999289,0.399286838481058,0,0.55936860234852359,0.39221873539387775,0.8942732854562877,0.16058712467159575,0.33567137708891737,0.94380087088883202,0.60423842250707793,0.0848094739039537,0.40300534534920429,0.38671601501617298,0.27242643292797342,0.29845202136300153,0.40145805781838512,0.29203781636614301,0.2218894421883407,0.70928664153823606,0.32385350303987359,0.45443756361280041,0.36219198124908542,0.38063925647825653,0.53044579078423815,0.27448280450795987,0.55265818424589142,0.37311903139984698,0.43093890579787514,0.13181174110730914,0.17294849836014961,0.47072499171962673,0.35347332476320537,1,0.10778314617428787,0.38718083654982449,0.1460646009842437,0.36584581445259018,0.59085069482771424,0.21997090684689577,0.19897046299040555,0.33151378740115151,0.14609299277005902,0.36311737976943009,0.91640907751353096,0.5607334848252078,0.2122874654694144,0.58845664383195184,0.31108278071641254,0.22153420409314917,0.62904241726867138,0.2078828831147235,0.38090615220000068,0.15481957676293215,0.19260196895402165,0.29803760658713779,0.1976141872486008,0.6571519840582537,0.28048847673401583,0.3246402756515237,0.45830255921076241,0.38406712486245825,0.470151003096969,0.15973283538354494,0.3466975411421262,0.30975430052388364,0.18482948311143488,0.33881655204290889,0.20257702997126706,0.50605641977120697,0.67590784378276625,0.47041076851522345,0.24393642944289096,0.1902023381627847,0.21116272116223841,0.16489514844800521,0.29772971078487293,0.55511756882726571,0.60389880232085191,0.27062516005230364,0.1299861901036711,0.39405071143420717,0.22603532327194978,0.26392141318601881,0.43151264117950749,0.095809491952589088,0.28631732952695788,0.28731764694169998,0.46481479779297752,0.36723956236147831
F4,0.44536548906425533,0.28701120977384703,0.2749236635532496,0.37649905857618426,0.39915821936035384,0.34609114290883569,0.40708795746559617,0.4238571998351558,0.45998940667288191,0.57603278102235755,0.38339473021365955,0.48851485596524669,0.46445616759070285,0.35340834584212605,0.3541806862306327,0.28492200273842372,0.38532806846649387,0.34770366818359871,0.34297197225873705,1,0.21500535799696779,0.28608434640174873,0.50062649433948159,0.35587619790195779,0.27698721849824504,0.43832798037378862,0.40276465871874101,0.21140060950776041,0.46255369345601366,0.34750541026650877,0.70830832987838765,0.56423996267095367,0.66534062273399752,0.4515002920078367,0.49108308437495207,0.55491748468172419,0.47140281060454359,0.40448714389978313,0.15424797039922253,0.30972513443047767,0.38724280125148686,0.58654316454824496,0.24768851378750142,0.40693587105299489,0.39281400297774766,0.38077850331240914,0.31574725601122949,0.30817118568817559,0.41656302860943273,0.33169770400646503,0.38745817415244549,0.40860308560525155,0.35731728433743204,0.31957904824488614,0.26547747388778808,0.3086448424973427,0.35207530155573785,0.26757623558237015,0.58849890922831649,0.32756463507312261,0.33014743967467469,0.37592323251395721,0.30365635773885458,0.23766451952642181,0.28282858864832444,0.18774630007233822,0.290179094548636,0.60244758476266735,0.41392255091980618,0.18726149957066124,0.30231399193699654,0,0.39864101891664844,0.36548894132112475,0.550839750967414,0.31321782495520295,0.19580721134857712,0.30020928472527197,0.32981815287166644,0.38434519478968415,0.2592256549221475,0.43797609102784052,0.29257475934774752,0.75842176148822649,0.35308115744490665,0.29819907683850594,0.37693356152978691,0.54559470220443174,0.55295426868203357,0.27266922306453989,0.49959465983616985,0.54206060712896642,0.14980759592117482,0.42128525081351176,0.35115595831736152,0.40466558780578177,0.29107502234871085,0.40699701150710965,0.45319132139522372,0.18730022976150992,0.40149543141717181,0.4344892795907398,0.55918864970372406,0.26215145630809689,0.075684798612834572,0.2724209721218907,0.18004048025529437,0.4026422679478508,0.32557145862293241,0.30504998210588941,0.33930990308075265,0.23598632788948659,0.39547925747482449,0.57842086196607734
F51,0.32685878925821049,0.22565317072049837,0.24379830979690315,0.24243435848354597,0.097962090919766279,0.43728131633703782,0.32393065949188637,0.45872171652239002,0.32423968006059739,1,0.42480596772851059,0.35492953769401037,0.29589558772285585,0.30082642875629667,0.25840015006461214,0.22882747075134266,0.30942042616414561,0.31570175893707059,0.36097257560221863,0.22535730466405923,0.21458066005684409,0.3645525804264238,0.46264902629030441,0.21299221016923581,0.15109162466905324,0.28539889645890726,0.41934631127368416,0.25359285144017246,0.27398884503402854,0.24010742721922995,0.82031459705515442,0.35253169181374827,0.3030412751379315,0.13400414143520328,0.16667680955737549,0.35188276163168009,0.28293057905333313,0.09148240501211688,0.16142440005408226,0.23329781539037867,0.31925124019297579,0.25916000793999655,0.3471523215103457,0.27940585299170007,0.32876082175351001,0.32529768469457415,0.25371497959687855,0.34729667875919051,0.32197095387516922,0.42192160362232733,0.34072656158845049,0.61253312301997032,0.36477878034204197,0.28241965631183386,0.21832844430586607,0.50043209652598786,0.34800836653064121,0.19515193754646382,0.50072137984384091,0.17145881278890895,0.25575322583881399,0.39894845799052642,0.24296919250226776,0.19672529748974063,0.26542616095480248,0.19429194388498017,0.22053092021065313,0.73288590112674246,0.23252250641914271,0.47046950196966791,0.14740544504871408,0.50316971150214029,0.26996179819729016,0.28996641596560291,0.34817672783650078,0.27194496910009952,0.22005626269732168,0.28720135303685224,0.23682576361804397,0.34692193018315265,0.24462249673368425,0.29600627628399101,0.35198125332372698,0.35539534842110843,0.45326874584241672,0.49774806685731326,0.13408065758566351,0.36975205759593249,0.37877924311879507,0.40375445344906818,0.29521627003868967,0.54648192812904173,0.33561209476687326,0.44017718151801583,0.19653474184306755,0.22066241498992978,0.20950370001802812,0.27209806454810159,0.60162792763158446,0.14550075579229699,0.2615207038130814,0.29396239693377346,0.24297267138682252,0.1602117009339846,0.17706796396325378,0.19346347086428517,0.20082974623982244,0.23527378286486689,0.20112020089970234,0,0.11099218777549383,0.27903944201776215,0.68881923534829548,0.28482527185971068
F79,0.026884184002839703,0.024380926567185872,0.025714455710365989,0.019061092521730681,0.033083369891995722,0.07166993302359935,0.189562118785043,0.26527127964349306,0.084870239842836093,1,0.15347743713063697,0.49297526823531013,0.25427346851215116,0.78501764470381574,0.68860044595074898,0.43718855905995779,0.39793180932535815,0.27179590199672815,0.25638130516946983,0.039742177825719094,0.090651832982212327,0.1130430110748028,0.32357145194879811,0.03060940535598974,0.037369785966837078,0.02535621476420526,0.014203013810746085,0.033171489742669591,0.07807620945297189,0.09961460616765061,0.49733122470730501,0.055462453203945453,0.041143350651981721,0.059900367621240964,0.033907796703061932,0.023089238714954718,0.19768880804929215,0.046255898470885203,0.023352390780808217,0.070737761352397011,0.032295655189711364,0.011127840670982849,0.13192386557074209,0.052710251165018811,0.037945667980232446,0.16648274901625779,0.11665954388578317,0.1270448901433921,0.16115307462947978,0.1411677000152757,0.21338904963192759,0.18388993551858371,0.19458428443683878,0.060123950742748317,0.038696005480492013,0.29945212672503363,0.15994625948831076,0.1092231786415514,0.76596030375470181,0.038191384216959119,0.059292481173521462,0.036471061221016642,0.36932422086797356,0.079318761203668098,0.049018234847324586,0.06654598541653238,0.056168117499341079,0.50515712324816664,0.053288810239636539,0.27074114471885519,0.03525779686950007,0.1979480039995552,0.11167167069707731,0.20230599328769031,0.23924026814891558,0.099754176631011021,0.10281107531604473,0,0.061617482366775715,0.045627378653114871,0.053984215465762798,0.040012614060468951,0.040143806266044135,0.54788008765352925,0.056087025204422512,0.12369129280931178,0.047565636546100847,0.048021146289755533,0.026930543081259077,0.10413633559120096,0.13285937786067273,0.063281479045162264,0.058751204429575689,0.046829848154644985,0.76435457712924237,0.10443719682957567,0.085643152353787749,0.10626685084008926,0.083541916530271237,0.069419561443058456,0.19047296674412398,0.16171470448529759,0.11789047498639253,0.023382300227942257,0.024664132563921942,0.1477224388135896,0.033772999683607641,0.11943830693739942,0.099600591285362985,0.034212209539059693,0.074839987912474273,0.060174881592619127,0.40207336517720726,0.17155998901237346
F44,0.010153779035840291,0.0082855153012562199,0.0091056034573255284,0.0038668538109589397,0.0034079671025646014,0.014247890007109932,0.035223834291813028,0.15826856560327598,0.033229166652137418,0.63615670199059171,0.098207161464702167,0.032084520788915695,0.003633267631414706,0.036146042385402248,0.13662164085725936,0.0097591826328096085,0.027611618323864051,0.014890975658469934,0.0016167015270496681,0.0010519184911180048,0.0057326630990825415,0.056005790340565124,0.029600614125015322,0.0073239085077039714,0.0077428282354662196,0.0067882195054633811,0.0016566475879199547,0.0021724908763970964,0.020773584959836212,0.039506259416467494,0.52868061231747832,0.0024832718444126214,0.0098852576558003964,0.0019402339869709921,0.0084004636608943674,0.0024483985754496398,0.17029929836230961,0.016410563033216682,0.0025218267132361811,0.0099992021346968513,0.024062466494283834,0.0071045015377176777,0.075218212838731008,0.046364189617054838,0.010758014591269533,0.030772129557551271,0.028207843466496262,0.027101452599277584,0.025367128845356968,0.092817020036356737,0.027151474788914443,0.31177879122462482,0.07932273968956953,0.011320074726339963,0.0016679659157865644,0.064662150400301863,0.095133807801767237,0.075168653767429913,1,0.0063906582578837712,0.017083265099974432,0.0016479075933945415,0.024237085146982994,0.072883256175930972,0.0041251635929847996,0.027078365402647391,0.017519861111753295,0.25390846479637014,0.018628925683821081,0.0052953524438038588,0.014016806452763181,0,0.0028858856801719972,0.23125815174867764,0.26030052308943608,0.01062327403953371,0.0093606212200240523,0.0025983754844561354,0.011144934121101822,0.0012953165885185853,0.0010124426802275179,0.015781915842899983,0.0053822085715265495,0.83540021205867243,0.0076074435226736216,0.093838710884003099,0.0068031567961566392,0.00093363497587973436,0.0043241642882144602,0.0050413820134936546,0.031615070857861437,0.021457296731336048,0.0017383602175921489,0.01752274365412727,0.075779746116506175,0.0055776490784286243,0.041072154756135223,0.011602197993586612,0.032709992452985066,0.0040352161977983058,0.21970579308466495,0.019030983334060409,0.0035822592562984304,0.0033201014897593622,0.0041227662506013443,0.040901521089054101,0.0022585832085886522,0.1147475286810036,0.03102221044725334,0.02481224059784097,0.010362948068663468,0.0046160425844866361,0.41651542247541079,0.14493808394422694
F48,0.0057998444942390466,0.0025399116114549545,0.0041878576501554214,0.0015213826970525029,0.0037827256410635588,0.0080381974974612722,0.021180133023061279,0.14644152695495219,0.065499722167125823,0.87862532750694811,0.086230896901645052,0.025276452274882972,0.0043502891065131883,0.018007110478559071,0.016843057495119391,6.7047747274052543e-05,0.013190133923061408,0.0058167747286050125,0.00035870051219056193,0.0003702430496973777,0.00021354507766839165,0.030894728393775443,0.0076913135135541471,0.0031375132129027581,0.0047227552864943,0.0032585040686432696,7.6344429304546881e-05,0.00066593514044014474,0.016830595823632132,0.018919516397911302,0.13815872995894687,0.0007773849232774791,0.0041139992679910089,7.7296437014450587e-05,0.002784092833201302,0.0014887620171094736,0.12046091814182094,0.015911475388174397,0.00096310390053039221,0.0013776172492028288,0.0048672907880022405,0.0035702998381281405,0.031891287730991855,0.015829781549085369,0.0070696505328616639,0.030680109195390246,0.030509506100381261,0.012923794416044703,0.027246924205342547,0.035037848526861877,0.0095253220489607288,0.17846664421037436,0.077063820784087564,0.0039402872995421279,0.00090025326038669501,0.058484364787724188,0.032579861235006675,0.059969290406753681,1,0.0052115645525766053,0.0030820820748976192,0.00043440810613253191,0.019650060476393002,0.035678450824436256,0.020907588228281607,0.007277816390137048,0.0084676313286212446,0.20682780925924729,0.013467139228661707,0.00088716060200432726,0.026065662664457891,0,0.0004592542350666218,0.15541292017697203,0.065303896041103274,0.0054858279180128085,0.011835317008300671,9.892304774742357e-05,0.003047643304656452,0.00017807999278241887,0.0015058604132199068,0.0014607436774074394,0.0054331018581095288,0.15591896129150493,0.0093280437712357726,0.036234179633751584,0.0021917083886732044,0.00010832162731074761,0.002109824044801107,0.0013907196584934968,0.029172750140765397,0.0048183031516664159,0.0037758983640707421,0.011504754998808205,0.056365398520297198,0.0060198558316243425,0.0018405992674030681,0.0040774810968994338,0.0084847305750285415,6.1115035921335432e-05,0.127258933163475,0.001104302940200852,6.9457827889529618e-05,0.0012567615509417498,0.00078184026703170036,0.013268908945288375,0.00081171736703739364,0.04987170713670068,0.024377511398342763,0.29540142190659419,0.044808423896559965,0.022578450297612452,0.16127872818431854,0.19121459865032864
F98,0.0042624160129657706,0.0015481499925748023,0.0029669852543458852,0.0010281683285447655,0.0029752518975566205,0.0070960221058294637,0.015430060198114685,0.11389073045359067,0.047949761314987072,0.71009166632169018,0.070350869946045155,0.025074035393994203,3.861009098308037e-09,0.017163300895872428,0.016060675408684076,4.1744273942352894e-09,0.0094524822509317579,0.0046926844183487245,3.4159839345347935e-09,2.8739359860747325e-09,3.8962390058287115e-09,0.022224787729196747,0.0037014087214391907,0.0019279205529333843,0.0035813459665886603,0.0024295143676695383,3.1198980644786065e-09,2.0299700031993247e-09,0.013510509298111666,0.010822630571364124,0.10908521500047484,0.00040352509402506899,0.0023303329525688177,3.5957161452753268e-09,0.0011666570747125638,3.6606624292319722e-09,0.099183557006422216,0.011383869232000686,4.236241022572632e-09,0.0010943179358137668,0.0026182632056213737,0.0033816817951876619,0.019827148234142229,0.010175475739507143,0.0049443550421220429,0.024834162123819462,0.022391517248419285,0.011214229859425429,0.020050431438094842,0.034822005851164066,0.0061620626961128482,0.1504957635494463,0.059913500569334158,0.0022547423134222722,3.8406363023378806e-09,0.057514452056283097,0.018491780900936838,0.056833283334929798,1,0.0049179973931215435,0.00081569300005364278,3.4802068844963269e-05,0.01931491510099408,0.030333070193404962,3.8889960008790205e-09,0.0032099883704878921,0.0051639058584529683,0.20388177666525226,0.013520642469303703,0,0.0096265598730391148,4.375762642017139e-09,4.4681392666186752e-09,0.12920319553793169,0.035848013853941416,0.003815321938815619,0.012489660697056624,4.6043312914901645e-05,0.0014180997128570726,3.5504778329873073e-09,3.8208462588007382e-09,0.00067510699588723409,0.0042066290070955827,0.072472573694217224,0.0027764521754085865,0.014348791038094779,7.377133138535543e-09,6.4896112379926684e-09,0.0016619660912112458,0.00069224533499589818,0.028889660323100124,0.0040517082972274122,0.00022278419299317519,3.6014521210395251e-09,0.046072956509569642,0.0054196429066836384,0.0013711030824602641,0.002641483277175252,0.0083269395731271519,4.1589094819209655e-09,0.10353468477159819,5.3658783387190183e-09,2.6199095182154288e-09,8.7611152554853948e-05,4.4266367518116096e-09,0.0108744300426451,4.1453595597019184e-09,0.021057677989074798,0.024638014611650855,9.1004696020529196e-09,1.0103760406865418e-09,4.5553419463145141e-09,0.055458241576371012,0.012839755185193057
F186,7.2498349642521349e-09,0.00032142712882355864,6.4897440008707102e-09,6.5304839869371158e-09,4.6406055985939766e-09,0.0014701558629163355,0.00058859097066720769,7.9209658015048989e-09,7.5478677547291876e-09,1,7.6625621776401218e-09,9.2715366701936085e-09,9.2955992170142472e-09,1.3064100119713148e-08,2.1658572134478185e-08,8.8705519095894204e-09,0.052897454400949367,7.3591574553969056e-09,7.6342213893467328e-09,7.5536970519780862e-09,6.4400605186111423e-09,0.00027595816119658795,7.4699525555634537e-09,7.3252643988389149e-09,0.043557772421883571,0.04458855796517408,7.793313387539078e-09,7.6025071932192932e-09,6.8719010539764799e-09,6.6739694332049721e-09,8.1410903692626324e-09,8.095351912506551e-09,8.6529432443460707e-09,6.5354298230959588e-09,6.4566340561405864e-09,9.2926662372661479e-09,5.876715671018172e-09,4.941065141254979e-09,5.8367418291667036e-09,6.8502534167658772e-09,6.550160107112676e-09,6.61347258865139e-09,6.8488444954486305e-09,0.043295479749274668,7.6140493479988809e-09,0.086721872008116097,6.5604461048559229e-09,0.16955731520297901,6.1916881214888826e-09,7.1590317357591767e-09,8.1397260541259785e-09,7.1451358562061532e-09,0.40042837469814407,0.087247865634711777,5.6217517831695704e-09,0.0031453108903737735,0.0013495083791020019,8.4857002601948954e-09,8.6182935453811077e-09,0.21675274985841558,7.3046452526413946e-09,7.9645071508091131e-09,9.0562632034854708e-09,8.509486512322344e-09,7.0317558786966992e-09,0.10615468966809667,6.5849790790732279e-09,6.7377780797393657e-09,1.2224670628077681e-08,1.2563862547586222e-08,5.889172864929325e-09,5.7259810734315519e-09,7.0129868571797098e-09,7.5029878864091931e-09,1.0299243969931024e-08,7.2179444079643904e-09,7.849315800941412e-09,6.8347211987717709e-09,7.2915820118773557e-09,6.978463545615e-09,6.6124090194925695e-09,4.6613457664979921e-09,0.29130195460195496,7.0699096280985643e-09,7.1792348020962904e-09,7.4081605378508889e-09,4.9918580930849293e-09,6.6518857136080696e-09,7.7315114841696631e-09,7.5900713525472374e-09,7.35472616750773e-09,7.7952628438178571e-09,7.394937344838221e-09,5.8409259246503838e-09,7.1808634564717637e-09,6.1868378340092296e-09,6.9165472675209183e-09,6.8856046335239205e-09,7.4743556633667371e-09,7.1989171190361181e-09,5.7125220344954402e-09,4.4808758003041178e-09,9.48088644672142e-09,7.0857026359237088e-09,6.6731687882425429e-09,7.3689487176489876e-09,5.9206919399175021e-09,6.1767671071200281e-09,5.7636946803326599e-09,0,2.2353618492425881e-09,9.818627385285671e-08,6.0342842108850095e-09,6.335322065107335e-09
F28,0.0043422249280991084,0.00098955412350240071,0.0024278427799854637,0.00038157759871702937,0.0045509279843471513,0.014361941344523054,0.03707826716157283,0.37392774385951844,0.022556998033806421,1,0.3697933065730008,0.0075790056069577703,6.4762214465074166e-09,0.0014028572753723837,0.0037174891110490151,1.992587740836447e-08,0.0081300404493170539,0.010119148517810456,0.0025820652490300021,1.0346247152403506e-08,0.0031921106356002879,0.053986606009118934,0.0075540990048182386,0.0017465979340639541,0.001544133562405023,0.0015381745595133148,1.2804988470362525e-09,0.00060588802382218333,0.0066997138058900747,0.0071961266740117351,0.15886084935287265,0.0017994779289914216,0.0018507960248927925,0.0004704214525861786,0.0026239159101366007,0.00011535405929586875,0.1916773307783069,0.0063771448094035064,0.0054313328507962309,0.0016178944574092896,0.0024968215885337376,0.0006561794850638154,0.009145565036842539,0.0064028847998055631,0.0040543164782471221,0.015029832771204461,0.063523781935187845,0.011401026953265565,0.020163685518144278,0.044913928881834618,0.0056862867034816432,0.104343118707766,0.072881762474469286,0.00094892194963745627,2.2545170947217595e-05,0.00012968693626583353,0.0091528768398836547,0.00087169669295592846,0.00075916503762102079,0.0009304375815179307,0.00041403136928919713,0.00039944966101161856,0.0016857055597663349,0.0035677446674595671,1.258656712270426e-08,0.0018771236697848028,0.0025099362709585372,0.022625004058978427,6.2311606312427287e-05,5.1027168449996105e-08,0.0038993794674441746,1.4817877845436389e-08,0.0024771177365811138,0.015737901920320249,0.02480335741524959,0.0020508778727665548,0.0029401849629270794,0.00035430315716958387,0.00044559715695007598,0.00022520395414954197,0.0033938106347671734,0.001370010648867277,0.0014295360183329713,0.076993568598256928,0.0003471075776265741,0.00091264623014268012,0.0077044565068538828,2.7827978981986692e-08,0.00073289103573829389,0.00065999242048099039,9.3773086398935521e-09,0.0049428115045657027,0.0049578208539161842,0.0018720071357201428,0.0086077008414290959,0.0049002488520674637,0.006340662728585621,0.0022318399698346208,0.016117785515382687,0.00059298306187648565,0.018998332196157212,0.00048331408824110793,3.206927394653204e-08,0.00062680200906414655,0,0.044703460417591386,0.0030201406421912855,0.023175459438046175,0.019215344935308291,0.021217001060576852,2.8015048869752279e-08,0.0059739553452931547,0.025049667859275745,0.010439057720587508
F111,7.2751988197729411e-05,0.00093493927152879866,4.4979545421114242e-05,8.5256893224811131e-05,0.0029059575266727851,0.010393592754061895,0.037833132669756367,0.25577800802770484,0.0015146638427439773,1,0.18196076633932376,0.038350376379552409,1.0046512492112463e-09,0.0021489361069489507,0.00048408070390152373,0.038319005106768667,0.00032265349004646923,0.0012235330545973509,0.00052463807697415081,8.3554473223349867e-10,6.6211027435592687e-10,0.056861609491342953,0.0020269510406352408,0.00085263274585136025,0.00079123977568132679,0.00022930021481270556,5.9916923738412738e-10,7.1486498574806754e-10,9.1729878839704775e-05,9.5102213069318901e-05,0.10977680571175277,0.0048739790584435665,6.3927502890316355e-10,8.7309253021030595e-10,0.00050707072102244388,5.7610147132074092e-10,9.7699159379568203e-10,0.0094718477190207286,6.2785478618185102e-10,6.5253889632928787e-10,0.0001337266401685561,7.6212538275991203e-10,0.0060823097742750964,0.0019170447027313518,0.0050688423199441992,0.00085805908220790768,0.031019460366106377,0.0021039753248939239,0.028977965641494081,0.019098639354195993,0.00022390667006605162,0.028334647025278738,0.061051380911736994,0.00013279131743321941,5.975702768082734e-10,8.6898289477429157e-10,1.5894750575559064e-09,0.00011669271406554439,0.00084701018923238392,0.00041357990429999303,6.4910254543674115e-10,0.00025136101152190059,9.705001672024748e-10,8.4276270344688883e-10,7.3036422649171058e-10,0.0044291987370830245,7.7784033908245934e-05,0.0014254612266723528,0.0013770736175147973,1.5459361225408695e-09,6.0903378071958458e-10,6.6420747796887348e-10,6.2957950080035893e-10,0.0087489120313759185,0.0046398138901551445,0.0013435729955106157,7.3471543244191382e-10,9.7045346298130865e-10,6.9753362398282509e-10,5.6381908050538012e-10,8.8684606862882278e-10,8.8030674005619802e-10,0.00053225706829581026,0.00039567464000181353,5.7632928520785036e-10,6.7174128569534067e-10,5.4538335192801983e-10,9.2693584203553162e-10,5.2157762303266521e-10,0.0001112414827293958,6.8293430654471201e-10,5.1199380041238984e-10,8.023016621170702e-10,9.0944062018425343e-10,0.00066248542206259688,6.7153714232319529e-10,0.00063426526365293722,0.0015398904340593639,0.0029114583367657464,6.9033270349551924e-10,9.1335618273852326e-10,8.8770426674294939e-10,1.0320836527652199e-09,6.2972533835197744e-10,6.0925211794899241e-10,0.023809454886589875,6.6671383056999131e-10,6.7560075504464932e-10,7.2855522677867762e-10,0,1.1738986177586887e-09,6.7768088141381883e-10,7.8939582116981555e-10,1.0513493831826583e-09
F112,0.0020879333376972345,0.0025118178095971801,0.0023839287950592901,0.00064300652941996989,0.0034167314836732478,0.022428765874412063,0.032545173715244236,0.1985159720423943,0.0052444288227890328,1,0.18938803966200604,0.022426784767572015,3.5772436532223266e-09,0.008623622961144408,0.017773178542594054,0.082268499547561325,0.015243268427034945,0.017234798262798137,0.0092186894230754813,2.1148004466550019e-09,0.026872419646609906,0.10078745418901146,0.016944775656726814,0.0014502686086938965,0.0033262398006146717,0.0024988946174887582,2.0626561123065276e-09,0.0051024813422536359,0.0045030337725336994,0.0047011385699984483,0.13336625376786271,0.0021558241407600644,0.0014826886085349746,7.6291692301271271e-06,0.0033740568844642703,6.1546761743624866e-05,0.098087243513224454,0.0047352692037468912,2.9454158982423891e-09,0.00030664401440008644,0.0037115048656567425,0.0029922168524667081,0.012752940722203645,0.0054423753899833695,0.0043752999462719931,0.012393135100381359,0.0347586781152752,0.0081335065663053659,0.01677358303976155,0.057171520843822876,0.0041952845489474522,0.059536832033980261,0.065993371960055752,0.0012345914566088674,3.1617198115906972e-09,0.0045004161533448985,0.015935161713000325,0.0052999367965565116,0.061397375805977414,0.0013223483045228771,0.00066709397943626072,0.0014577026093815885,0.0092623378392723849,0.0096736706908103643,1.9952711497446182e-09,0.0016543089796117649,0.0011963878795268165,0.019759343623476408,0.0031165600462346051,1.7551971835477899e-10,0.0047766464123239292,1.4939705282413872e-09,2.5174245488469164e-09,0.016775776884342893,0.03052890881581552,0.0024515565728686285,0.0050524465916734667,1.8292960967617956e-09,0.0012081630269866316,0.00022962950757342962,2.3758211859286765e-09,0.0046998939895524566,0.0026657789933907674,0.062590167838621619,0.000873702625703202,0.0049862077550822106,3.3057931746437091e-09,4.440881320183786e-09,0.00089754696574189286,0.00075557896444476864,0.0016155182160969034,0.0011297832949444899,0.0010609082652789745,3.4955202892532807e-09,0.0065054644870140375,0.0043933752056796995,0.0009790026061426726,0.0021287073861296132,0.0098135409215800301,0.0050775141334448567,0.0098121495661096046,0.0040982289199921734,0,0.00026209059246754186,2.7854386369909411e-09,0.053658820907940004,0.0084129074111195766,0.014815150038700403,0.0013983420924635085,6.5548876559036629e-09,4.0066439281588333e-09,0.00078552891592698439,0.052151722429947707,0.010377401348224404
F187,0.0020840405274041734,0.0010000890126629076,0.0020999303973090358,0.00018929940049736393,0.0024819398445587557,0.019523128278944903,0.02502527497926085,0.16029260013980193,0.010827060452781515,1,0.15632848971484326,0.0138732501169344,1.3800053771750323e-08,0.0064706546711345179,0.013772038264226964,0.039435977141407411,0.015295792437152478,0.013341252061208293,0.0052689573253680523,4.4584937012499538e-09,0.021245309361596871,0.083099616975095103,0.013510064852348236,0.001466437144808313,0.0026218851077496187,0.0017465479275215788,3.4543356868220146e-09,0.004037707296445479,0.0037468073302999935,0.0073875753290181092,0.1397193492238808,0.0017838749149021343,0.0010856352568588208,3.3199706147550098e-09,0.0026503664968288085,0.00016587544178513547,0.082165714953865709,0.0096166218656073919,3.0897733760089817e-09,0.00034481101757051946,0.0041372669756367117,0.0028373979731236348,0.012218447006957197,0.0066767827263927194,0.0054243821477502159,0.015289153610308278,0.026892934646445644,0.0065620460765377494,0.017737872543535427,0.045225856734410888,0.0044378342556408313,0.071794673276793342,0.068358359068189614,0.0015197734670958389,1.3978712922009312e-05,0.011735435405672796,0.015596339822586481,0.012444735419293456,0.18851524294607261,0.0013072453904014122,0.0013359223227145467,0.00014197365710102278,0.0099530000957608333,0.010440553612517778,3.5484118408955579e-09,0.0028138716353907334,0.00089915245648511204,0.045889324832798367,0.0041618602014195519,9.2133747576946051e-09,0.008524369703540648,4.6798308174068656e-09,3.1354799066492351e-09,0.036732524071881462,0.027719556978248384,0.0020400833429838222,0.0022959247166805864,3.049708856596175e-09,0.0015679818835436039,0.00014957823459128467,3.7573559410871714e-09,0.003726208484360549,0.0022374833912796651,0.05055475002983937,0.00088925309133052583,0.0079917777540249157,0.00032962969375101905,3.3740154808542563e-09,0.00085718723807841899,0.00032366301790841983,0.0050154433858690126,0.0013251837058311264,0.00072081470642226223,2.28925681523689e-09,0.01587043105944223,0.003709817651881735,0.00090218789622890819,0.0017550716161552178,0.0085215044572312382,0.004016694173988292,0.020134908670567372,0.003240924622813772,5.0139591356527902e-09,0.00028502751071618086,2.3010557048960595e-09,0.044779423725893733,0.0064058466199451731,0.0085193443473278972,0.0042914922621541231,0,3.5050448503763134e-09,3.3243117281945279e-09,0.061039740940880674,0.0071848555354565502
F73,0.006230348871506885,0.0035689939223888718,0.0050908957360781505,0.0027832340840735982,0.007968848856293894,0.0078794183124435112,0.018722585085470297,0.1370883437765732,0.007994944290021672,1,0.094988462644317456,0.0061773794304606743,0.0070125276165080956,0.0051544758415373306,0.0061330350442549862,0.004448826697699344,0.013622340212196285,0.004468242134494765,0.0023066939361256361,0.0016587243923214612,0.0035967027023768284,0.026983482239980032,0.011736661253048909,0.0045509568144207419,0.0056606951100165491,0.0047350007328003617,0.0030707068730846422,0.002906783783458303,0.0099152678250079042,0.019526392925574645,0.070806688183637376,0.003986895389847811,0.0063675740423473157,0.0027785215270853263,0.0075138747527476813,0.0049730127814747085,0.11616762877432173,0.015762390448955912,0.0035675079481624623,0.0036599977894384663,0.0053545314420743373,0.0041326424799583488,0.017846763821839501,0.0066512732509932029,0.010401488883891797,0.019717336369970667,0.037806880086803198,0.0053398387988291204,0.028843754477611075,0.0074607847400278982,0.012658986075264791,0.08268561455334722,0.07417414302039857,0.0056888097598139075,0.00380236626549306,0.0074737131348803819,0.031625442428983429,0.0066755543870378542,0.0080208663131240959,0.003481240010151519,0.0061708035511202387,0.0035073197340182204,0.0017401240939387893,0.012029987553663224,0.0032482789332889052,0.010344283357677779,0.0055034719030848701,0.015708354592383372,0.0022810768763319874,0.0002259534790522741,0.0076912449876688563,0.0016663903003145458,0.0030891109505118784,0.043046306958643275,0.027726545194858954,0.0071275531611808439,0.0027764651552449771,0.0022930516818262889,0.0045621598447001359,0.003492873844387792,0.002387931872604953,0.0025688069780873545,0.0049847905946726351,0.056010792960229566,0.0049384854249942796,0.032854150324276674,0.0018093234476964223,0.0019841847700168692,0.0035562608837240851,0.0047766027393431054,0.0030018572813004935,0.0065679376381871622,0.003188548000805592,0.0032648185793053663,0.028001685243334955,0.0073306809821891018,0.0069753513752235348,0.0059886256118764662,0.0052102640446814218,0.0035371432196277608,0.032330148948182126,0.0028446554067665651,0.0014685659029869799,0.003441865856431144,0.0035864902207630913,0.016803639530631288,0.003635330904972432,0.049805833167451366,0.0020610551239011671,0.0054537564197389863,0,0.0037722544837632374,0.13121496558081586,0.017765782819691951
F69,0.0068920101088330906,0.0048171665962592177,0.0042412807814814707,0.0022005820348686995,0.0036939172955417991,0.0071860619193715213,0.020922286982241547,0.22467969027575369,0.017542300921672603,1,0.1023247113159718,0.05644691666318457,0.0042541198755697849,0.018143231808242431,0.19457247317719456,0.017878974411151497,0.016030868861942764,0.0046624905548109394,0.0030019829047699467,0.0024441344103506022,0.0070700467874120331,0.048814446778363593,0.015960431785743971,0.0059393437284084314,0.0078033448159502252,0.0057851318499119167,0.0039758321471882029,0.0050440099295133512,0.031056437901651499,0.021106666625095315,0.13298373338684855,0.0045271764939581174,0.0048652837168808166,0.0027567914948432898,0.011134750760057356,0.0057400850596275648,0.18450068235086675,0.030305340520080121,0.005686580463163865,0.0063898313057576192,0.0078904694652796245,0.0055866000465037485,0.037077407561462633,0.02414523827096279,0.01170908096421795,0.0461677475551674,0.034960276868830895,0.0068878920431715614,0.048057882199781389,0.0055348972378874367,0.023172040636284898,0.089777749331837214,0.10249536557995961,0.0095570353916393045,0.0046092515366991165,0.011785545116818901,0.036495548248764782,0.041568958167347542,0.017874211238020229,0.0053919072603591713,0.012988700388081567,0.0051521837048414364,0.0040977611070595801,0.01892807655299154,0.0030965688301218038,0.019313991132519189,0.0066749502749339244,0.030644501043721004,0.031070771319026642,0.0018372452642306087,0.010422809933467874,0,0.0027044395466668579,0.057522034567842655,0.090764353869816822,0.011801842825886108,0.031566259959801619,0.0043783331701788535,0.0082519519056001491,0.0032830536398224652,0.0021817695999169031,0.0062746824356499434,0.0080834182988895522,0.27884548977042689,0.0054479000705963503,0.038500629825277577,0.0029269558872733071,0.0023665471192214275,0.0049310935719701961,0.0055928638279103878,0.004109661722969251,0.014025010692734491,0.0019082234604394538,0.0064526801484973599,0.034233762944447035,0.0041665327169365775,0.0083159148973155281,0.0090253225782802229,0.004392952696669567,0.0043166487263765398,0.011408071166884743,0.0061605074637955228,0.0024610168271722048,0.0028852097172015522,0.0030404412028674512,0.024833125868911298,0.0049616218217538224,0.0074776584386281797,0.0026225282899820534,0.00087670613744635431,8.7238215955041305e-05,0.0040838270045674644,0.16251409858685739,0.051028362893802991
F81,0.0033568589106558961,0.0025818006638020983,0.0037605362612914586,0.0011127084338968386,0.0046850960275127531,0.015202930620212879,0.035500179907099895,0.27524221206898508,0.0084540764906078699,1,0.34114545831382076,0.031343366426906424,0.00044502459579926314,0.030614085867989294,0.27760830128481645,0.022052763547382694,0.017908219520504233,0.0068945992386233211,0.0024510793670564964,1.4632274614239199e-08,0.0066532921296233154,0.063228592389191554,0.023696023253820971,0.0019219898390139426,0.0040548517082293328,0.0026207167624686546,2.6597862229178475e-08,0.00065796154496792678,0.015435582086021691,0.018693979975633237,0.15354135367472119,0.001973425588653772,0.004931520119527558,0.00038611257098444368,0.0049323539903800596,0.00024696063560595693,0.1448451827088286,0.011414732433447596,0.0044861920256673319,0.0032863732267886382,0.0042218004841915223,0.0024274050036664678,0.017937123514144483,0.012412126135929628,0.0075373219342233988,0.028176395232056721,0.067268404136369392,0.010701367421968845,0.03102873418903232,0.035976924796722355,0.015884303974629577,0.078492907484614363,0.081344502735596874,0.0029616952962514642,0.00032847252700538959,0.031965411075540406,0.016981679353226899,0.034226923375514154,0.532652193200295,0.0028366918230285196,0.0034960844559341459,0.00067302542110939426,0.011659345539975975,0.025434354855720022,3.2595031113083949e-08,0.0069863730615571948,0.0038911078774287351,0.1196467770056706,0.013298979140892358,5.6549545352427931e-09,0.0074960175601785214,4.9877345760796675e-09,0.0020455406724253782,0.11608869647456646,0.058273112458884141,0.0065039555319453754,0.010396469764344491,0.00029659500801042081,0.0024621707751532186,0.00027042223528289032,0.0028215582586782937,0.0024225528957511886,0.0029855280178840799,0.16179932872281053,0.0031689161792737451,0.034098036353187963,0.0063661851718093722,2.3328162644335816e-08,0.0018795546683648813,0.0018838603149867214,0.014783473495835411,0.0094100947288483765,0.0041994934072379754,0.0015393171271830923,0.047009668050417792,0.006323058161467443,0.018268038932971551,0.0045861668200423856,0.007018734755064376,0.0017018623162165867,0.091222130958849929,0.00051306304679396846,3.2403264387420337e-08,0.00055159231958505162,3.5516622194298974e-08,0.052155157185096883,0.00293147418758789,0.06260136088318545,0.028143444979894201,0.017529007597714707,0,0.00609125448060848,0.16459807437305204,0.027710873229079214
F185,0.002133762494902317,1.7946986047534091e-09,0.0022478421715484862,1.9284424529489352e-09,1.4240141731320244e-09,0.041351354314319237,0.045700456538131651,0.80790777704236072,2.2096717767267975e-09,1,0.7655713902118092,0.043353713834623997,4.5053252792347474e-09,0.034187215687859311,2.8002061555198228e-09,2.3931467357987506e-09,0.00071635547617270945,1.8364191133929715e-09,1.6854532365869616e-09,1.7664475315893341e-09,1.7043865436331555e-09,0.10316590657933142,0.008986696716949804,1.9820651292096996e-09,0.00037752187623901371,0.0024283185098377884,2.1126422396560164e-09,1.8378876924831815e-09,1.6041718943127694e-09,0.00057131314543174927,0.0016947493511161795,0.017489353072643883,2.052810492620564e-09,1.6372485613733414e-09,1.6820235911821681e-09,2.4317517080086582e-09,1.4482801812884573e-09,0.001368343192198936,1.6790251006285065e-09,1.457400014373233e-09,1.5628141008887181e-09,1.4496309828659938e-09,1.4635379193500322e-09,0.00027885021782454863,0.0073046451830330655,0.012178110608178326,0.13224128322571541,0.051354131582255741,0.00157431387546658,0.12241176816184199,2.287678577069024e-09,0.2798391121458812,0.05744177532611993,0.00056331965127757793,1.8435002761918072e-09,2.0994679150334052e-09,1.3769526013364489e-09,0.053106647909012171,2.1179332583613155e-09,0.0013996814223297014,2.3637109955270541e-10,0.026171115068783536,1.3012334749758717e-09,1.6760241471087617e-09,1.479957301089569e-09,0.00068497181323307239,1.6907296089774204e-09,0.068953666850677428,1.754991854029548e-09,2.3050506334976068e-09,0.00083381639483315296,1.6890255277218452e-09,1.8671975139791807e-09,0.12856340978006481,2.2772610223049479e-09,1.4997744813982648e-09,1.932665805630953e-09,1.8737040114597766e-09,1.8710838495243084e-09,0.027549101966159693,1.0420093404203564e-09,8.3655866836599003e-10,0.0018627595456727063,1.507038637417425e-09,0.040143558868891836,0.00092576960378772252,1.2093291832436238e-09,1.5872566073820389e-09,2.4128830533917852e-09,2.0164283279534808e-09,1.8288682262875231e-09,2.297228006214929e-09,0.1271116077314241,1.3245015739296641e-09,6.6810354521419746e-10,1.5037316734510214e-09,2.0737436623551719e-09,0.015991402417889697,1.981690473628701e-09,2.0123346765619784e-09,8.9838609182550551e-10,9.040585167585719e-10,1.5062839752026131e-09,0.031419341091511566,1.8602120166346689e-09,1.8384183662065232e-09,0.20882409773169952,1.9150944794245974e-09,1.457785271049321e-09,0,1.4289027626674296e-10,1.7893957106965706e-09,0.0039541287804940595,1.4319268654426827e-09
F110,0.0025908893589753224,0.0027971050413022999,0.0031241332744365528,0.001303806502073495,0.0026466694772786037,0.022996799680722997,0.082051010906424721,0.82722072746698116,6.8643060163630828e-09,1,0.94572534518339169,0.031444102300973581,3.6911685001613624e-09,0.0040287466813931742,0.023963943283763341,0.0051342047603276011,0.010962260331073448,0.0091293162397031846,0.0082722902286213422,4.4657216913286672e-09,0.0076463120863419264,0.1260834687840873,0.015311246357890948,0.001855596783444534,0.0016742624136584479,0.0015756547954932168,1.5399570449850802e-09,0.0014109841176607493,0.016304111297425285,0.010864454423272111,0.077977220483433224,0.0048936153199250574,0.0039075500657608248,0.0014668579588892291,0.007961672590428872,0,0.26981519517756375,0.011927098524963726,0.016998064901514683,0.00069364271326008474,0.0010336805185911875,0.0017937050350769069,0.034120827624065306,0.011667663709961805,0.0042955122936838754,0.027370555464951488,0.14094477749428991,0.0088376146814715568,0.036740749139719218,0.028942282230737797,0.0089480127559498444,0.091309254822950173,0.099756984451789182,0.0036938125749287837,7.7468083631641313e-10,0.002063897921781094,0.032152720983818217,0.011901259661763813,0.0036098874999956304,0.00081211598178107514,0.0059898887032131393,0.0016403218537823223,0.0047693280402964812,0.010180549967115388,1.2986480287420048e-08,0.0096229385545298675,0.0022297904458517949,0.0031831316087846651,0.0055883770635354177,2.5797005013556978e-08,0.0011880215448826822,6.4980459283852142e-09,0.0085362152429368111,0.046455079546162667,0.05803648071816795,0.0058353796777414748,0.016750053685449431,0.0012613909619050856,0.0051861509470717115,0.00077099870421896727,0.010684281633006379,0.0013293321065765483,0.00040306746357084031,0.19200396508661413,0.00080899008617237326,0.029368622717979943,0.024208954341641303,3.3159576629413564e-08,0.00075063098372003974,0.00051783846013489152,9.2669157638154333e-09,4.5688074679082759e-09,0.015706401926548326,0.0059227452718975193,0.024794467802356196,0.0059424254035277671,0.022594610105663212,0.0056517293684591888,0.00012283840611207735,0.0014268170911493668,0.049088861263591813,0.0011765131950154852,4.282582726576567e-08,0.0023518213852396731,0.00082236411810949247,0.099424060666126121,0.0094954549027809251,0.043780731803043038,0.061499484890450928,0.066947810402639973,1.3179237694015077e-08,0.019071772450768371,0.16222326832813974,0.030119342321238776
F12,0.024517190528261578,0.029460752396899666,0.036231124824606796,0.030727745917089318,0.18243319610113309,0.14858791272389599,0.31363932367599712,0.52156896707142009,0.047073258355407994,0.79049570043827744,1,0.1621828976710008,0.24036053412150502,0.13843787377383154,0.15994873548701313,0.14085212833974747,0.1596800314971954,0.13278198076667549,0.1083698246885499,0.073063799054915973,0.058851999322593031,0.24831938247184707,0.11838595813984057,0.034395474042181157,0.036661021283597633,0.021999821344774014,0.011488727955488769,0.012345035087045405,0.15098749021318678,0.0562740374197222,0.16960333723785623,0.064724924536340975,0.037828610607091619,0.04736782999716467,0.057931903172813812,0.042204331768458843,0.62524872725742597,0.22542019815742648,0.028070596415955596,0.068612193920989523,0.078788277876428073,0.024900551761331956,0.088868041499373829,0.060310110437501466,0.074127514018203194,0.31712318030924508,0.69386857003281166,0.23254993588145448,0.37784079237842666,0.27036183187221313,0.15976116535510515,0.53891586945523584,0.39365708343323952,0.051728825899319222,0.019340105133701189,0.04967789550184195,0.058579234683087712,0.051192159967713792,0.050110495134730641,0.047704950600451546,0.058020687839637597,0.031858615762320588,0.035922450923310215,0.078350661841948555,0.11174842261172444,0.053570636311559755,0.047243585562000256,0.059347329251296675,0.068272575893480875,0.024080483852078793,0.089895582366304363,0,0.1294131006560626,0.1031145786362179,0.055296403133467037,0.060472815447865563,0.062815467483441551,0.022917898107357844,0.062719466212611014,0.053975000794135267,0.072706123109998258,0.050713431682619818,0.055754714538045966,0.27442683589303957,0.074893738534403426,0.064809017326038207,0.28278396376280512,0.078203647166337112,0.032920308336454748,0.043699263421870603,0.091836464957080741,0.038779453832401604,0.11193138260472101,0.18324180178811109,0.094640009216486631,0.18781249692002505,0.064378479537012118,0.096992415073347882,0.025609444661467928,0.078022444367845833,0.12551056233918206,0.14595842544528961,0.09928349706321557,0.04713884597193535,0.075086384692255162,0.2031862764008173,0.041921004042904664,0.053425803409041045,0.13585653990540883,0.098902377831078969,0.098861678073812104,0.19131447609512853,0.13987622778439215,0.15018453472344243
F129,0.002400341765415133,0.0041490574407882785,0.00047815726039234896,0.0022257243930112877,0.0058501902860305715,0.12320748895185409,0.0072026672934615305,0.18301630461872548,2.2930203815731815e-10,0.30795972168643942,0.14565770903125161,2.1064178040863746e-10,1.6593631951921e-10,0.0045272224782509796,0.11184010992435588,3.2121734110016561e-10,0.019796151175589933,2.7488490135547491e-10,2.7544845745853614e-10,2.6695122469922588e-10,2.3685957082816759e-10,0.01475471181909703,0.044288505947596896,0.0015744740965118616,0.0013923054079869916,0.0028716220411357128,2.5342112577081708e-10,1.9121760014841101e-10,0.0022040822679731779,0.0013186334242860083,0.021295074329592895,0.0059722155125832774,2.6341080168469758e-10,2.5340032683828879e-10,0.0021595935635881258,2.2094562777316912e-10,1,0.010509397044844061,2.9511585607161766e-10,0.0054766072410016844,0.032512236564347791,2.1873612115117456e-10,0.0040705934607389574,0.011128783946488819,0.0014112608282811441,3.4731915299172918e-05,0.017589830326290717,6.7941062855000385e-05,0.028505068828315508,0.025854519297379953,0.010481386911632922,8.9843827704988383e-11,0.17298733305593259,3.499989603599396e-05,2.4080107047209208e-10,0.0082990878774526142,0.014329061290568389,0.04295998163692813,0.05541747462992256,8.6868438723727888e-05,2.4433416669948229e-10,2.6889676646783591e-10,2.2664855007656316e-10,3.1524318763465329e-10,2.8512633245306818e-10,4.258092806445954e-05,2.6206298989474458e-10,0.014370460433366499,0.015370684753863328,2.0840091413541215e-10,2.3696947277428362e-10,1.605819840556337e-10,2.2431270355247573e-10,3.02602528554117e-10,0.018060549105055317,0.0036084571089767051,2.698842879468644e-10,0.015798772666609791,0.0041595189753407804,2.3302481766189356e-10,3.0461000772207579e-10,0.0057070178332750861,0.0075822677638630815,0.023420273635242708,0.0080639438410781972,0.0093728941563271696,3.6415303643957691e-10,1.9816058560190739e-10,0.011347699547547382,0.013543301521435864,2.7647630220671653e-10,0.024645440706956828,2.7420127798938978e-10,0.016413439181454392,0.016848731893876003,2.2069089694748779e-10,2.655186654347247e-10,0.011108852437023944,2.514320626090782e-10,3.0674510699954531e-10,0.040282762087016137,0.074318364520053817,0,0.0067097263365269479,2.5845811606603505e-10,0.033218464056083433,2.7177680532814829e-10,0.044144965620414499,0.090742998885424322,2.3371430540019971e-10,1.7097780321280815e-10,2.3946890039191782e-10,2.3290792078000031e-10,2.8271983881119142e-10
F181,0.0027841910732910842,0.0024756303301963281,0.0024520794707818742,0.0021760646260323003,0.010273895606530126,0.0142134355354657,0.075453176762352331,0.097913394494980613,0.0040442988730283597,0.15541850981291042,0.060950356526630431,0.0080036767405821645,0.0024902321110238626,0.015870923163415616,0.017231024458335964,0.1540419809594222,0.29117697383748725,0.33641970218354372,0.18643565801924925,0.0047839830271479145,0.05169827769315441,0.029403834899904249,0.13184399022233428,0.0036432947390350905,0.0048429171684629116,0.023306408683523652,0.057223341255666013,0.27504751607430133,0.98569758189102274,0.59245152603283069,0.34618112444210497,0.46256025109323345,0.29571383808483825,0.73523326666556854,0.64855956505740509,0.35504091996602433,0.45720243056124943,0.017627530520061187,0.067324380188325025,0.0075554365251916285,0.020328196251716883,1,0.13970475975471661,0.47051514754515328,0.0056987451346129795,0.015496868062039815,0.0091299858293106117,0.0073518444724388465,0.012761972949998255,0.035355407163352906,0.0090687738532646452,0.013171866898942864,0.063600261042482731,0.089305283809019795,0.45624834173594592,0.0022018230670759883,0.0038271359344523121,0.0012676358039623694,0.0089462177670032832,0.063709733640189378,0.0039478774983828045,0.0096591738930327936,0.0014635039600535528,0.022071464538755588,0.042571609091417495,0.054045940579673338,0.0046315169599409666,0.0098839300263068551,0.0019862286150338845,0,0.0069948821503658023,2.0525317068408551e-09,0.0051101669301482477,0.069713432640999703,0.053939314548490741,0.0061145898148879628,0.042290280928316777,0.046605042634952756,0.089581876382282544,0.014557767384092731,0.017750550523965486,0.037166695937434643,0.0096886368240806011,0.19654989221991184,0.014764850138487686,0.0058506555829046783,0.0045822910536359243,0.12094665771130191,0.0043134963113190469,0.0056806505426437465,2.7900821764232133e-09,0.012051583590614871,0.015209851711882789,0.029668905594520657,0.05202377069541219,0.0004631826284334004,0.065374767937282904,0.0096406329558095995,0.012120370269505798,0.14020111863408802,0.0055680711983948968,0.012355771140838046,0.072617372031681351,0.0085763080927367414,0.0067499733485253798,0.24046033267739469,0.041731132236831177,0.064329804223944312,0.02087201247466015,0.025097639483523507,2.4925234577073407e-08,0.069100567862192722,0.2624492919163034,0.003679287240000606
F180,0.0012277046116415983,0.0025639716670081188,0.0002342702754390451,9.2424339921870191e-10,0.010749281878605434,7.4787441777239182e-10,0.0094575724967125626,8.0644139782780747e-10,8.8777480894939372e-10,0.0074170611170139211,0.0048500129662726226,0.019256818178016024,7.236367830263013e-10,0.0077848101278859628,8.1633190199539518e-10,8.6519370305595356e-10,0.051014068098197266,0.023176605702865217,9.6466104650746125e-10,7.9766866596419848e-10,8.6762199257861998e-10,0.0059808151694700998,0.0088324667026258002,0.019960119877165162,0.013878825596944313,0.13834285362566473,0.11735711575358457,0.13450875412822591,1,0.34741033682856209,0.20435984479921904,0.20624062802421686,0.15668146134633931,0.082496642197401326,0.21213678678755704,0.045494413428061146,0.50766257766941048,0.060989504690117054,0.091681023601033834,0.015694909642480985,0.046128509487939451,0.1577164646491617,0.038825746886781733,0.20842887546731889,8.3862730341735122e-10,0.0039922790459900066,8.898659326767845e-10,0.0045944456382322344,7.445223982576016e-10,8.7723061793703694e-10,0.028621454738203815,8.7362887104190454e-10,0.012437077244108479,8.5841826219516718e-10,0.036265762493854152,0.032128939665221137,0.062178495391834079,0.038020271382027057,0.020655330332201797,0.0021281943203601294,0.002857001226644213,0.068098885972032688,0.012381277375513627,8.9300889100500523e-10,1.165592707426175e-09,9.1996423581527463e-10,0.010192203495537741,0.012726981399594647,0.046043187226832274,6.598981836470013e-10,0.089044775231526263,5.4680258432874164e-10,0.034930203973076002,9.2596791905455665e-10,0.072184131636043841,0.0010290561172016678,9.2608353487842244e-10,0.0258583843226869,9.0983361063532724e-10,0.020427652987087812,8.7553591158406063e-10,0.027717164027681776,0.0087526724156191289,1.3174205021346888e-09,0.031259511207317438,0.013819041636819726,9.1627165595261036e-10,8.7019700283911323e-10,0.016478249839593541,8.2083618704870893e-10,0.13258136144284521,7.8093857520752944e-10,9.2635090935932849e-10,0.0041895589818317421,0.047711279708083351,0.021256780727241527,0.01055080929608522,0.012659007916870186,0.014992296456575502,8.1683955032230793e-10,0.026988875248960011,0.087332358076187305,0,0.037096796400074628,0.0097143171608685686,0.22116315508303297,7.8349028489809422e-10,8.0539798194125634e-10,0.10511136833897512,8.8964567361422845e-10,7.3313812857586005e-10,0.11598463673324408,0.056813977039778946,0.18363602544098226
F178,0.014619202296011184,0.0007582508202188551,0.0025234484461380815,5.3364013930261599e-08,7.7071741344329882e-08,6.3379590200398305e-08,0.061205864293261719,4.7484240404907736e-08,9.1767555439298437e-08,0.18906953302190016,0.0037330716976707694,0.026918303753260389,6.0741059817253191e-08,0.0051196085082407519,0.0048822499720981155,5.4084694407809028e-08,0.14922346662030939,5.2013022186805756e-08,7.9666402349224705e-08,7.3817369712560836e-08,3.3871012269040287e-06,0.016883130887639455,0.059381236223306641,0.0013423116532884931,0.0014284181236027781,3.8076579453918814e-08,3.8385627232419694e-08,5.0569009399445876e-08,0.24906594695668507,0.8333240094925396,0.29505506788851604,3.5319848302238461e-08,3.3880068606411273e-08,7.5514684807406367e-08,0.19703412630298009,0,4.2331934315713985e-08,8.2859902656135773e-08,4.355121090331084e-08,5.7689409695272975e-08,0.0046653160413943854,3.5039994928282372e-08,0.1119335970400837,0.0047284046549281138,0.0080431165049094852,0.11498737897645762,0.16869027589916746,0.0015920144396893174,7.5447050781317984e-08,3.6965605743066705e-08,0.00503367244957842,0.023949004568749939,0.0037040574804598045,0.050149215840289883,0.21960232702464208,4.0778376694248013e-08,0.36805339625618172,0.0083985476467254069,0.016322807740225147,7.1813619190349762e-08,0.0066965894852594474,3.1469767858620581e-08,9.3142453913790039e-08,0.028471048475396599,7.0151625218416969e-08,0.014760158135097767,5.9594887963858179e-08,0.012624360141755863,3.5519067646876726e-08,1.0715857807673294e-07,1.3714585941461468e-07,8.9549261347821808e-08,5.1129706516410584e-08,0.11315398474553533,0.054642285393897816,0.068170903423478715,0.014333984161201872,8.3893759192066159e-08,0.0042886799022813444,3.984516412518465e-08,7.7971484102532835e-08,0.24129801081104932,4.3577301723382774e-08,0.042485499727294068,0.0072651140111220256,0.14410688261343413,9.6729520293016052e-08,1.1731727476050367e-07,3.0502012067036088e-08,0.0022736776556595431,4.9254429991567678e-08,3.6692449093103072e-08,8.0880108128061206e-08,9.0524234815792002e-08,1,6.7598366282895503e-08,0.94415556023430569,5.2335598576300528e-08,5.06382463815034e-08,4.4064086904468171e-08,0.011635903731500931,1.0835297030847468e-07,5.7863847601388881e-08,3.7638792409060199e-08,4.628512838636074e-08,0.70140025765107539,4.1047426774741564e-08,3.9625629423779621e-08,7.141973582985519e-08,2.2847916177118159e-07,2.0862834416831205e-07,3.9616719023231112e-08,8.0484254695837582e-08,8.5976252626592242e-08
F84,0.011975870149298453,0.012262376089741346,0.0067165715335558334,1.6345786816544275e-08,7.9896717992614207e-09,0.0076760680034467926,0.096146836295878835,1.5036286996646019e-08,0.003554887092192201,0.13907083496343989,0.01698287314781103,0.048986495024052792,1.8313615879058953e-08,0.045463347434252101,0.0024868089251339422,1.5819480072187395e-08,0.33281643132759325,0.08035180773349529,0.098830854815759664,1.5967361135914482e-08,1.5058284965942171e-08,0.040052873268619685,0.14733345671268641,0.0034662085489621255,0.014191603187809335,0.012236923935771136,0.12970015884140801,1.6373787178281433e-08,0.77366552413541256,1,0.21951537641166766,0.03238951446237584,0.12199032983526462,1.3288686375799989e-08,0.080761490213892298,1.9840360603258784e-08,1.1061792882401566e-08,8.7995012887453302e-09,1.5792741160042817e-08,0.03207677828595655,0.0027225422209080832,0.054230337014950628,0.15782704142925438,0.066607999088323211,0.025272848597010036,0.042133693297481858,0.061416710536340353,0.067317373837840713,0.058547654001559438,1.3522103449059207e-08,0.002523765065286801,0.015916665581788711,0.0021875047848265109,0.028093562084949328,0.062565654841142501,0.00029362232813085945,0.011822922359069172,0.0044393631028838481,0.3176157765857307,1.4697202928436905e-08,0.0035436242029194711,1.7813417144198736e-08,1.7829013645396941e-08,0.01438011308118296,1.3572275839609237e-08,0.0074204358911253909,1.2513056258006268e-08,0.0061901120665799206,2.8400020861792198e-08,1.9409957459756986e-08,1.0719637616039679e-08,1.5640550048663839e-08,1.4218726823777706e-08,0.10052724023130695,0.027229101038184982,0.062245219851184093,0.0044345682754925861,0.2056658900060844,0.0022987413036636237,1.6251752108437736e-08,1.384523481001494e-08,9.671959370752375e-09,0.062476793101899651,0.021776989907836244,0.0036630015109515267,0.018826021457566997,6.8744844258509209e-09,1.0678686953696142e-08,0.021265570027234577,0.00092196445539676896,1.4961335340485002e-08,1.8692719984711983e-08,0.20633645609473669,9.5837919746240409e-09,0.1230605835420234,1.3150231126483401e-08,0.15121779328643625,0.062332407355391424,1.7692145736244942e-08,1.2813994683495584e-08,0.010994421078564468,8.4145143953014407e-09,1.9113694940013273e-08,1.1483512359241697e-08,1.2249400280921241e-08,0.75348994883745957,1.6174369571762623e-08,1.7641766268346736e-08,9.1317909744899318e-09,0,5.3151742525684984e-09,1.4195788625931358e-08,9.7897790410625618e-09,6.7194810238344456e-08
F47,2.1069422306184105e-09,0.04482931231755375,1.9659889546060107e-07,3.1794914875648973e-09,2.2795582710270157e-09,3.2466536294390367e-09,0.084443408148286742,0.39019479750203373,2.1367115081100694e-09,4.6745451597332645e-06,7.6011113042115383e-08,2.0039823443448485e-09,4.4888198825964413e-10,1.7662397746340295e-09,1.1577824702487334e-09,7.2341625702501231e-10,0.26443996834774686,6.4453728281149712e-08,1.0983016356748633e-09,2.0151923911933855e-09,1.6440750284358269e-09,0.093441565046521596,0.048302123209034278,0.0051190665779825692,0.011146315217139508,3.8199552254725096e-05,1.7721401156226026e-09,6.9047282449440091e-10,0.58049576306546724,0.92761159829044815,0.15163534900454409,2.079574829423424e-09,0.050321870034055159,0.058186283170251409,0.025191058528462665,1.7823576000071515e-09,2.0630769462202298e-07,3.6523630820718038e-09,3.0238746211754474e-09,1.7056744788320163e-09,1.3864176421091726e-07,2.4498740869602194e-09,0.1132271295848376,0.10475745584177192,4.1437632122152182e-08,0.00026764395885158491,1.557902666872537e-08,1.9311061018392894e-09,2.2078536067079909e-09,1.3966003751953625e-09,0.13318195408488948,1.2591842238187996e-09,1.3799028219283745e-08,0.088666404725527712,3.0303692984633523e-09,1.4908486836431807e-09,0.19856117254109248,2.0954832249684336e-09,0.15538038938508436,0.00037255464330495264,1.9391924890015797e-09,0.00054538534451320107,1.5868061958733786e-09,2.4221827082379335e-09,8.5925291698284805e-10,2.1390862347602816e-09,1.9365211254168769e-09,1.229535765609857e-09,1.7956933317552717e-09,3.6448463316923107e-10,3.9523411680723719e-09,9.4290326434713174e-09,1.3752159201555558e-09,0.34290399436382835,4.1051492563943524e-09,0.50093540696730521,3.9443829891808342e-09,0.0017991628531100856,0.14688051487096512,0.1880455564558913,1.474726485201888e-09,1.5467125256465782e-09,1.0645011910205297e-09,1.9047035178304023e-09,0.0026337554153366229,2.3975252437822391e-09,2.0019741059847158e-09,0,2.0754346979803769e-09,0.071540005011075755,7.1779621357173622e-10,3.2574472146601011e-08,3.9957700321939457e-09,2.8257983534268163e-09,0.10055737619338181,3.0196923931175122e-09,1.8153384639272555e-09,0.063285423813576977,0.15973830608835446,1.8435954137377326e-09,1.5622561175457281e-09,4.9890588128428597e-09,1.2282441696568248e-10,2.0061662622490319e-09,1.75951777976321e-09,1,2.2041673614356601e-09,0.5496730654404488,1.4914768531373992e-09,1.974099431313266e-09,2.0322205723703631e-09,1.3478010633875238e-09,1.9852678151998874e-09,2.5430012829000302e-09
F190,0.00040172967580484695,0.00023863271773584237,0.00032491873732020624,0.0010826666429716468,2.0539306670550137e-09,4.2269009662051502e-07,2.0338761643254509e-09,1.6758404561330726e-09,1.7864840275061069e-09,2.2273144375069857e-09,1.9224940382814626e-09,1.4644812235077286e-09,2.2371737849878006e-09,1.3069218380223952e-09,1.2874219996794877e-09,2.3575436040887865e-09,0.00082982502437222295,9.5918846035651101e-07,1.5983766197712e-09,1.8566431975500526e-09,1.4988302104762548e-09,0.00060419635905088938,0.053362800582570674,0.00016397775592744856,1.9240455300969984e-09,2.0763954616099648e-09,2.0430067539376677e-09,2.0157977974216244e-09,2.1362021252851464e-08,1,9.2581825108757198e-10,0.14661404321895466,0.0010252367686967273,1.7422691476696597e-09,0.18622646697584699,1.9170137540254771e-09,3.4847300561158788e-09,2.1045969325031173e-09,2.6112509474147181e-09,4.9075752778426908e-05,2.0314793364406725e-09,2.6888214381091901e-09,1.0276692032986766e-06,2.8208456519345216e-05,1.8319806037689894e-09,0.0015719003390156899,0.0018499029647389181,2.061373043300299e-09,5.5290091646762674e-06,1.9464211226267104e-09,1.6740330842952273e-09,2.1531454351115703e-09,1.3828541996103522e-08,3.857408018301766e-09,1.8706614853879127e-09,1.6227926005417207e-09,1.8520475608316196e-09,1.4725006464283375e-09,8.2778671816137805e-09,1.7649072739753904e-09,5.0291777558049125e-08,0.00010937458522811834,0.011965311428272415,1.8646676409706491e-09,2.1847356504707128e-09,1.8560935480585885e-09,1.9013100353111884e-09,2.313479331886806e-07,1.3954457495494449e-09,0,2.0152599920051839e-09,4.9108580798337316e-09,1.5906244755172737e-09,3.7727157145411648e-09,1.8116346130496207e-09,0.0021276006325278846,1.7238447436846882e-09,2.4091853360756405e-09,1.6776558908140111e-09,1.6560936254728778e-09,1.5684429353047242e-09,1.8782177219223594e-09,1.7492590699614141e-09,2.8094693406947231e-09,1.9375519036130575e-09,1.92493878384504e-09,1.1955004009231863e-09,1.4072473793950905e-09,1.8385878524800561e-09,1.7398694344382345e-09,1.8455401000814728e-09,2.5951706665529913e-09,1.6738908316269008e-09,1.8663102208182157e-09,0.013283463734519744,1.6124889612265899e-09,2.1262257882749964e-09,1.8412155545739155e-09,2.4305343167034674e-09,3.0721595305597139e-09,1.6114493534733745e-09,1.8106161823445591e-09,2.7251502311568636e-09,1.8383649381010468e-09,1.7997309371566953e-09,4.8690269641159463e-09,2.7493483385808135e-09,1.2712940180284206e-09,1.9436784640967015e-09,2.6550063737939736e-09,2.1867173431957889e-09,1.7825796791187994e-09,1.7675494625400448e-09,2.3665004017444674e-09
F132,0.0033676819233259799,0.0063489047127104244,0.0035169421969272942,0.0022429930635674803,1.4352513149727693e-06,0.0027213504157037023,0.00156733495921476,0.0095237433444337587,1.278744260994935e-06,0.023316363167792981,0.0021087315950037724,0.018851843177472027,0,0.017942971831858542,1.2382012050489717e-06,1.0363253529144705e-06,0.0010252496072712782,0.0092509675845959313,1.4823069647893071e-06,1.3013633213877217e-06,1.6231099385109292e-06,0.0015410581508055895,0.002054435352096646,0.00218156183377048,0.0031325826011101097,0.00061997577784198672,1.3237519989653218e-06,1.1641675501919987e-06,1.3453061585491693e-06,0.0044108984703949746,2.0869727763909455e-05,0.0027265575717484551,0.0084647987746581752,0.0019281178340114532,0.0054925113215628252,2.228038141355957e-06,1.8732910793190431e-06,1.5305520442713391e-06,2.3372710316971031e-06,0.0052605796512965033,1.37307314048948e-06,1.1182654828416432e-06,0.00096409280256231256,0.0027935003402135205,0.0037581176975553065,0.28869472520617157,0.0076221129683984807,0.0027461272868914547,1.4077439503324834e-06,1.3619339730515436e-06,0.034020564804672367,0.0058038066878982287,0.0011981043796338321,4.5108199993257285e-06,1.0618998422216042e-05,0.0046949289693200089,0.076971417030626627,0.011070918670539552,0.004049558170274377,2.5242664218307036e-06,1.6300040198221411e-06,0.0034882203639508154,0.023714508622196078,0.013264521245642992,9.296111827596928e-05,0.012245762090864179,0.0013040483689444298,7.8807859974600815e-05,0.0092248556162833929,1.2512982769162331e-06,0.004103063668298013,9.9661143024577834e-07,1.3333630900632011e-06,0.019954000436738738,0.25889103927150969,0.0064431034890702456,0.0040274657146522957,4.0378901064515289e-06,0.0021782926799606894,0.002455219166371148,1.1635373175909644e-06,1.2599158184608598e-06,1.4509440710887888e-06,0.0081105109834401883,1.7523935558928178e-06,0.00081780726262489138,1.413575084800063e-06,1.2776623196965807e-06,1.2562319882672896e-06,0.0044569318807477472,1.3616165070718852e-06,9.0135916496922394e-06,0.033900201480072112,0.0085100191273899117,0.0023046218467817721,0.0057961999105651208,0.0070652000825185577,0.0034287947788088722,1.1218479858678004e-06,1.8189871067001018e-06,3.6307609147660302e-05,0.035428133465079059,2.9749120852922241e-07,0.0054793298352602453,1.3648041349786161e-06,1,0.00012466600046606333,3.6323618116680568e-06,1.8723897593255798e-06,1.3194142851364001e-06,1.8079244045417715e-06,0.1022625631796585,0.00012402200079368142,1.2270447332491505e-06
F10,0.00021322315967877589,0.00034611947753962073,0.00060471490977693262,0.00024459688283351595,0,0.0014787937745320918,0.0051264398133468543,0.01576929127438001,0.00091173214212731302,0.0045737687224149028,0.0027716373420812223,0.0051520611605585503,0.010391576243872441,0.0011188013243820781,0.011247369442290248,0.018047092530649567,0.0092998626895072749,0.17004768318044031,0.76817032432261634,1.7368046398946578e-05,0.016507630509707921,0.0069937501187557266,0.013931504976111108,0.0010571060334578848,0.00064513714012926382,0.011880107624844347,0.011946238461398339,0.076912909728770823,0.036247371660178079,0.02619747042582975,0.035371074962758958,0.77932646967982488,0.099361866446325262,1,0.30693958784541009,0.41951975116030649,0.010016340200841868,0.00083071239239150443,0.018525585749283192,0.0011969581584998065,0.004089695132798739,0.41403082197403951,0.051814630609264431,0.15686082542182517,0.00084650440350738732,0.0080955853234727839,0.0019267423736127275,0.0046698395794776311,0.0031993978348495008,0.0045781220446682817,0.0039599869683344651,0.0069484922527821222,0.0050375080293165661,0.0033159892623491429,0.031773026965642041,0.0076834378459318458,0.0057442785249539954,0.0034473189787204658,0.044312842609002596,0.0015306235183183449,0.0008045137507589089,0.012874626749788164,0.0018039395565376025,0.0073142520029762124,0.054616051725052635,0.0022118387199023468,0.00059089236009595954,0.0099315238523286255,0.0020342337212626797,0.0053993800760428826,0.012203791170580991,0.00026307512634091954,0.0043114850127362594,0.02563923067265381,0.0088874154849184796,0.0011012704652254368,0.0023542022565611683,0.046062817629176592,0.0053574588696442636,0.0030868258269111603,0.011454880766948023,0.01239793610183911,0.0092766194976899273,0.0020766381087982569,0.0077216017465024682,0.0076405371369694958,0.00021623869488782434,0.76422287758806184,0.010427151155361542,0.0017167532686638133,0.0050776322629821511,0.0084050087595063799,0.048283061621358543,0.042013590693899538,0.0024469801803151977,0.00029641605966255135,0.028850194389889828,0.0042350594040892761,0.039665612694908328,0.013053307867527748,0.012302604103626087,0.004203137375679949,0.0025683358871264003,0.0014831489341347254,0.0046171741350109251,0.070303145747770704,0.029625915584006891,0.015144070599899952,0.0055739477899408776,0.0076212751396453051,0.00021635207677390955,0.011573658064959764,0.091280355109566808,0.00016411723554628625
F195,0.00017480179392389108,0.023028734661979904,0.00017951749029616139,1.4637201209398719e-09,1.4523985107650435e-09,1.4005195652920928e-09,0.031421324573081909,1.6639801372885678e-09,1.3690994064741232e-09,0.00060653597225852483,1.8106974952528025e-08,0.12685182288751259,1.4663163123554099e-09,1.3705737262127141e-09,1.6570110827462898e-09,1.1534961141944582e-09,8.5493794319815697e-09,5.265400893038386e-08,1.2955786568439914e-09,8.6795647734436303e-09,1.3142491620335543e-09,8.3441985168315456e-06,1.3425301825541146e-09,4.4669744037791158e-09,3.4312927281996517e-09,3.4334544498915637e-08,1.3459745894369576e-09,1.4060305945313939e-09,3.9992346671550679e-08,4.0027615367494281e-09,1.701078843657367e-09,3.6136224919568644e-09,1.434202197318079e-09,1.3883939382055398e-09,1.4793313848647518e-09,1.4568887753297265e-09,1.7961772500871865e-09,3.4965550390942501e-09,1.2454378632177183e-09,1.3896824008252434e-09,1.3922122147422658e-09,1.5252306607280934e-09,5.1581728210432143e-07,0.010427106251330408,2.3516370048698608e-07,0.001530358628564602,1.797782876062461e-08,0.0011369888022710363,1.2810209229529406e-09,2.1026116142557441e-09,4.0105582269855546e-08,7.8602258971090581e-09,1.4897077521656289e-09,0.001181663974089475,1.6411865837483126e-09,2.8636543703042535e-09,2.2746280603822841e-06,2.5085496089244928e-09,1.8272913410232212e-09,1.3334302232553957e-09,9.9496198007125013e-09,1.9893099603357028e-09,1.4261014019206767e-09,1.5651907836942153e-05,1.5399130100283374e-09,0.24417177466171144,0.064838831284246667,1.2815327187018061e-09,1.4336691524894174e-09,1.0867023385898366e-09,1.4306173786298463e-09,2.5385340841186539e-10,1.2800096464364308e-09,0.48659516795216562,0.0015169746472264258,1.1811567920943535e-08,3.4662269589700018e-09,0.47167955472170664,1.8627888888463227e-09,1.4205250401147666e-09,1.0351410667947171e-08,1.433074722809666e-09,1.3889282453440683e-09,2.7576550434403869e-09,1.3664870641923737e-09,0.068926038691829936,1.9401297755836644e-09,1,1.3878525605772291e-09,1.680999722299892e-09,2.4902030536072524e-09,1.4500953194326271e-09,1.6867003989945916e-09,1.5050370706351932e-09,5.5979975264585431e-09,1.4467200282110609e-09,1.5365208740836099e-09,1.6682390788170561e-06,1.5728683254772713e-09,3.542102062086655e-09,2.7763894133875898e-09,1.9787690674860463e-09,0,1.3702590630247542e-09,1.4136529345870083e-09,1.5450265858033665e-09,1.4173873471961857e-09,2.5128055569087758e-09,1.3939082292968706e-09,1.6837303320867355e-09,1.1963906822037069e-09,1.3183515532487496e-09,1.5593242796435974e-09,1.5594233228018126e-09
F127,0.0014252877890643708,0.0017153240963091042,0.0013220186163295381,0.00053296013190429789,0.000616262584164034,0.002192549011888601,0.0050859933770018677,0.0025276691615929675,5.3674926539171184e-07,0.0076307728387054715,0.0014522561523825797,0.0062149526591127142,0.00030673076809023243,0.00042690872928637683,0.0061250008531467965,0.18148664137105849,0.003954285177829712,0.0049891219249939937,0.010710326186577211,0.0012516571775769731,0.30260807902540166,0.0097685061408140806,0.010060199878352777,0.0022799949339925144,0.0014994593375556955,0.12643972802169717,0.057564637546583683,0.091119096781686143,0.011974407142245963,0.025687976385732853,0.053242139900467958,0.043698292180659189,0.010469307405755359,0.04197216387855196,0.014629184590150685,0.03738194583643787,0.016038286417948491,0.02404365056399493,0.40310516164253934,0.27825712669480807,0.017932459957471253,0.011528825824782806,0.032765345722491374,0.064030727035971569,0.00098089385938386034,0.0024655113490564323,0.0017416230900006884,0.0027955875114137382,0.00031515439732144977,0.067592105413067149,0.0017082071768593648,0.016621587369302495,0.0010874685445568324,0.019872916426990978,0.015134183267037948,0.0037420621917172536,0.0078746603864929769,0.0016655282604920022,0.0052100596689135378,0.0086886270675792902,0.045067237779906719,0.25700144997184649,0.00017610834149792248,0.11652145993203454,0.28716482761780959,0.016800591236577164,0.056546219283762751,0.011055750797383182,0.0018635200476138421,4.6522275623173802e-07,0.034482031226268278,0.17838215256629342,0.053348304109787928,0.13699118641554728,0.049363416166521679,0.38407261907547285,0.056888113494407359,0.74726750444607393,0.090842613516338808,0.65978309620681463,0.31455606521595303,0.35177882909447056,0.85342692640561257,0.022855981016816497,0.52013430247483472,0.51161641294812465,0.075752441055583514,1,0.53037772472265465,0.81084580953820995,0.099844405276002024,0.7153488803969773,0.76979271211318157,0.44810972770063318,0.0086310484815608022,0.020592097138894538,0.29887889394152806,0.13153109183541831,0.40156208196972532,0.24776481764774974,0.17128399809802961,0.067507825597896184,0,0.011478307465162998,0.0053617962484421413,0.013602303832356933,0.38852147572911316,0.38736775290301584,0.0030256756286460408,2.9176473893820225e-06,2.2626969543949483e-06,0.0062602141190071965,0.016783516256421768,0.012426285330965009
F22,0.00085193984855372513,0.00045640301460455116,0.00077168936234454119,0.00020089465511974146,0.00054976600026017039,0.0014590438762112498,0.0054029655532617741,0.011031701880077148,1.4155025498692283e-06,0.031194846581932886,0.0022304890189305624,0.0040880793799775725,0.00026321300690737402,0.00066001501810972012,0.0059231034939832396,0.13469770574766149,0.0039081111607615626,0.0034003831488659537,0.0050132153380942658,0.0003278781273448483,0.2737249488211369,0.0081832286251899717,0.0089269164459473017,0.0017510400834898825,0.0011489246147887793,0.093993295753369344,0.042884200671969921,0.075147496057380497,0.01041372048826401,0.023803102895148687,0.046790435849687825,0.025019174381725483,0.0088826216097153184,0.029172777518221695,0.012482168700882999,0.025195957939811105,0.018254588328961967,0.020250917139755659,0.38350025761788553,0.2315475195429004,0.01534651849916536,0.0094599972830942021,0.026402113612694875,0.055019115865334749,0.00056773560533236007,0.0025633508115565323,0.0013339591503727227,0.0023319829786880579,0.0011605362549453257,0.050892410386096314,0.0020858528557624414,0.018262070642692588,0.0035581519473638656,0.02031723186876138,0.012975361060756594,0.0013551828851648127,0.0084210615994341348,0.0014852184411829211,0.0049120269831673764,0.0074383980002365371,0.038336456340567114,0.2572348985101684,0.00039261104707537795,0.093886132780077833,0.3435531708018269,0.01547130230686599,0.051113896882204635,0.0094212438609297903,0.0018603584168060351,1.7623091474392551e-06,0.025150383543735139,0.14483878691655189,0.044495910002049978,0.12150170031809983,0.046622808281709019,0.32510248854020152,0.047353048896300647,0.72698021503211163,0.076210869081643887,0.5460908819762057,0.2583772900913674,0.28836211875034745,0.77700469378768644,0.025066207228654793,0.43927923820509535,0.4302662485406108,0.062406679770589855,1,0.44236516081641597,0.70882996926722364,0.084281808147172302,0.64168463632309836,0.63696111929478783,0.36984651487750203,0.0057131870391798805,0.017254115252722149,0.23270919147230998,0.11076836467685894,0.35173039630559361,0.21946091577955396,0.090366390755079601,0.053139460648706942,2.829089250567382e-06,0.0094893756127391159,0.0045259959910997427,0.0088526391891020646,0.37630472696091183,0.38086382588005624,0.0024848428706497421,0,2.2763822190652605e-07,0.0051415764954999086,0.021484952248467758,0.011145134409749329
F126,0.00073024808440660201,0.00068052406517736172,0.00036277680440344054,0.00035288423109375788,0.00048294554010606543,0.00059130101685679972,0.0015326502861417678,0.0052233059122914214,0.00015852609780476578,0.0013424108130218135,0.00025488085640882225,0.00025046153773443939,3.7963425298772314e-10,8.5077124737454251e-06,0.001167421441503718,0.077229572559939119,0.0011492197891866543,0.00022622466399558808,0.0065993613049982617,3.7392790107992981e-10,0.16873407273348856,0.0024248527839148002,0.0035441863868194744,0.0007579425404437458,0.00067037134569807033,0.0046805546781891159,3.6824127746131206e-10,0.0013409901062945795,0.0022276696809358505,0.0037374802025761868,0.00079639944346328469,0.0071145476438093918,0.0017457570755223732,0.004211730909412824,0.0036635683359842034,0.038702907176231434,5.2815349154320843e-10,0.00054445694351144629,0.23600494152471901,0.010263352358570722,0.00019741769869186188,0.0043816169096061721,0.0029919396830849804,0.022178378057519352,0.00031150562509112102,0.00076490849011812839,0.0008390216664302554,0.00092950693945049383,1.86386113592641e-09,0.023391073401976655,0.0012139089496929069,0.0029673461808128214,0.00057068324588647665,0.022794127332708823,0.0081729165886463701,4.4791589319099152e-10,1.8267222693939816e-05,4.7091064719609331e-05,0.0014470530295556119,0.0038501754543929321,0.0076075248471192446,0.22580016833276112,0.001147710545499169,0.0053664743738228151,0.49474083901052524,0.0091683973321135172,0.019432707844580645,0.003570553443979487,0,9.330504800776646e-11,0.0074824526115117229,1.3746786081432557e-09,0.020352305571827923,0.055884016606489284,0.024466561724446317,0.041987581085178687,0.0042440784818896099,0.54042335689391452,0.0085209783239211072,0.023565463996389834,0.015419498053163623,0.018269468421377041,0.38289907347407437,0.0019545854947502933,0.13963114238272542,0.040846885773371817,4.5207894066883424e-10,1,0.03802759548076752,0.19333461638816613,0.0096742008836436244,0.28681518773556397,0.40792531402918542,0.19370533975371002,0.003285451624107507,0.0034717904510640257,0.14188060741243774,0.015609092342652606,0.1239692264101554,0.096430019829996785,0.020618724089395583,0.01731485940390174,5.8050617454064718e-10,0.0013625700548112016,6.4164966607720206e-10,0.0032980069061086274,0.2800291018905427,0.30684207096710248,4.9870815996207553e-10,8.5648114818606227e-10,6.0479730486799481e-10,5.147469379146168e-10,0.0048971894526288551,7.319006392674721e-10
F125,0.0010647274117673981,0.0010741403006380764,0.0016564480874832288,0.0025489752419195913,8.9538076486545851e-10,0.0046651735917336299,0.0011553963805844359,1.1718293848665997e-09,1.1538337880017691e-09,0.0089639830613676957,0.0032152222740746126,0.0076940990409645879,1.2635818154161325e-09,1.7045267026989099e-09,1.776175081368325e-09,0.47219178290297675,0.0020866439978159961,0.0062258694716173209,0.061562782622475609,0.0082854779086302642,0.14306431493751093,0.012676269939243161,0.0081499369917789888,0.0046636176550189489,0.003400030984240107,0.13532795688310426,0.05384575757172054,9.3267016131565717e-10,0.0012088276891513165,0.0060597216881990703,1.2290244071027744e-09,0.147599781151633,0.010631935654813711,0.074545569195408765,0.0051956842708398478,0.16257505332635291,1.1427101425128027e-09,0.0048696598424656911,1.0867141314421868e-09,9.4029814763210676e-10,9.7988447901139244e-10,0.011655674560641467,0.031099386722779902,0.030164727152201243,0.0058340211688205608,0.0016066623675625694,0.0075377119377104248,9.1933940316001168e-10,1.0775262907213581e-09,0.14175598775391812,9.9670583114916873e-10,1.1574717968846363e-09,8.3432306031351061e-10,0.012877555482205419,0.014774282103615097,0.021597015049087353,9.2899490826284851e-10,1.3930655160353019e-09,9.0192181902399322e-10,0.0061831292147173211,0.006354139001135667,0.038175629505573509,1.1114918385799337e-09,0.041362991293061389,1.4453894060190225e-09,0.0069142402447079756,8.2611522078349994e-10,8.28277495069053e-10,1.8652234286412678e-09,1.307765471120034e-09,0.060541689984435119,1.2620299734470865e-09,0.043050364800837362,0.037345220712486325,0.014930365497916067,0.011128124065900361,1.1785082470099242e-09,0.076021956607612837,0.0099989131164360465,0.034018060340897244,0.048854266102523553,0.061244480301615854,0.10929618071784307,1.0690013104687777e-09,0.23025387409753231,0.024713611719144674,7.4115580719816577e-10,0.48793743839909903,0.038324355930421813,0.013004912689252794,9.8186649073859507e-10,0.11805940016224459,1,0.48314110480974864,0.0056682722785554506,0.0044531691282615046,0.51285328494951921,0.01167884446732452,0.0631682094670903,0.068229200506853341,0.070287904843312529,0.069219030796042455,1.7135375464862944e-09,0.0035886133910834378,1.014689511241776e-09,0.035758517865049889,0.053004860170038616,0.19785772939067767,9.9511678542516383e-10,0,2.2732454781668205e-10,1.1366231253455565e-09,0.015251478319190031,7.6974097322712372e-10
F173,0.045238460349728407,0.05348515665124233,0.051626919860833613,0.052847014318734287,0.094322401189166266,1,0.060881452245026307,0.21295556922004935,0.051117951658828403,0.17292390431985788,0.14157936726204914,0.38806016053434955,0.29444863342608885,0.12218663969884551,0.078863963713204213,0.26052111203345613,0.10264963328622881,0.096368972748704665,0.036181332682768561,0.028313366909536709,0.14245376814205102,0.16886509151494219,0.087482327664305817,0.072426336221437793,0.080060953774668778,0.038192449630540935,1.0180761577676762e-09,0.066893822806789432,0.049778790175340502,0.093928570824739224,0.14810073674478841,0.013878857599613978,0.0095261067089226718,0.012154142166189314,0.044125566745012397,0.030953814199194945,0.07731001409239921,0.13290111795988888,0.15679136118989634,0.12352354458734215,0.69103542792111972,0.027510710018663568,0.13505653157535366,0.061847404750028798,0.052366033488771405,0.13235773744874263,0.096937582011698137,0.057899642666751197,0.28451637694500659,0.11609789582479416,0.053713685046508995,0.090497073433645617,0.070108383561504423,0.083329403899315049,0.03280034209509837,0.034171102182972271,0.18459991677856369,0.16705926529801604,0.078543736359370731,0.046627757073391611,0.11435116796018395,0.054359731322603314,0.020448603844457319,0.041010479512016029,0.099644979183783997,0.059544157109266291,0.065261022777153052,0.043194095475877874,0.059178209583088649,1.6650047861692298e-09,0.082420373327345392,5.6038049884277291e-10,0.16937329402654097,0.097892195909727434,0.14841590403360105,0.074511626299112135,0.10914013950935758,0.06691970255491432,0.064271515064940762,0.078576400067295507,0.19481558646262845,0.09744359401255781,0.039803378908606198,0.24164939569767091,0.53734737176398129,0.12311271591988088,0.37668674272712915,0.087406723854541443,0.036944853324635332,0.11924996748696326,0.049028778561744805,0.050191444094382406,0.17013635918688372,0.074836146229161807,0.10597421102856201,0.19932769021103972,0.073701164178944026,0.099761551874674753,0.054262444083339807,0.029345947584283789,0.14121405508656115,0.12537223892990626,0,0.10979211306886072,0.090526836502570596,0.16305477454657766,0.10777605329868468,0.12768043713944532,0.44947087722499818,0.22093238891718817,2.2598167522706542e-09,0.22742129441289446,0.082110103781921795,0.28482027235639729
F15,0.056002852606734578,0.026388276112928415,0.040167597089822642,0.032065900661490988,4.7464209727674536e-05,0.55996614771766562,0.045490453460990538,0.059346503060145245,0.036008546100762748,0.13726491444426434,0.10387715900055856,0.089742982667897223,0.10453401876552251,0.08218097250548223,0.062636384391622155,0.078589810723175224,0.038650079768658363,0.05787305508124696,0.021190602228334032,0.045792795198734151,0.072021791988100964,0.056985181489323293,0.28196376758228353,0.089376847391168607,0.045419195084745831,0.20627115841669405,0.38711291462171338,0.090016135942933798,0.074798527564232664,0.0632309744710879,0.27283307054939121,0.024308926365450373,0.10473624840732658,0.011091596859190997,0.049544802683025753,0.023137516850907855,0.11309788221355514,0.015537726865498529,0.060044770324834427,0.15512015385478631,0.80626386567286124,0.15892325732382276,0.077006628284629203,0.29015270712872404,0.089845631354649763,0.048841094635723351,0.095141395196197631,0.0083702265731569834,0.74892830543144162,0.1316236887500459,0.066374007299836252,0.16956876950513664,0.32011919390525462,0.050000472221702098,0.034539150017218155,0.052717856634609803,0.050160275064523849,0.099110710162290616,0.054012203544593705,0.038796828743550942,0.099851192460659224,0.096767644593197713,0.078030595125030924,0.038677686728596332,0.093420993519824025,0.0184230604029232,0.095950369281465789,0.040495615593008003,0.17986408456751724,0.30943687526124097,0.041786305025573643,0.00086809566805269155,0.064769934482420771,0.069750822493091988,0.28660906657698915,0.10683466467243466,0.028832406066109678,0.028186266879083502,0.054638793958232762,0.12794854228090585,0.07089914813973365,0.34813201620727369,0.066717733849730676,0.1643227789068521,0.54270647928403215,0.12604654116944641,0.4160812438100347,0.01944377715531892,0.14605190980640223,0.061970189505094281,0.09740208919342766,0.088620933046209702,0.095155079267517109,0.23973078123829461,0.15360815274671971,0.13023194711499655,0.10508645913802217,0.064642414697453479,0.10838844949391152,0.082817509865975081,0.1003375493304927,0.31410100268488855,0.12799899336077153,0.095668312949267392,0.10664950997920648,0.094276935520412816,0.059616835264330668,0.077426655785973797,1,0,0.28069091474970453,0.09733475692014773,0.41266669658379046,0.33094191849128918
F188,0.0036197268986505127,0.015947583281334495,0.015558045939253652,1.4257245243994493e-08,0.032974895020545278,0.0007029681564588436,0.0028312368639260197,0.11659403811188737,0.010707593271147562,0.00091869169412018528,0.00079694384061537585,0.0053432537490545129,0.037215190491002477,1.2242541683639329e-08,9.8599486232908257e-09,1.1471050620650025e-08,0.0073564118119289453,0.0077429752796476046,0.18810839262020274,6.9496748119734831e-09,1.1086193085924492e-08,0.00044028248630416259,0.0016870367452611909,0.018583791127212913,0.020595149781038758,0.0031223528495057658,8.4049262244607724e-09,6.3661865546096381e-09,0.038490835823005387,0.019058787044750641,0.058088944041288462,9.4031664710351906e-09,7.5417954471923794e-09,9.610300720796551e-09,1.0956008325702141e-08,1.057339386857272e-08,1.6521922647652537e-08,1.7176996784830508e-08,0.39759788880062313,1.082485439266324e-08,1.1400733377974338e-08,1.4164785044124033e-08,0.0031791957098495924,0.0073571083579761203,0.014331098958557427,0.052518049576013623,0.00026746331954643772,0.0020377260361148391,1.1128657455161988e-08,0.0073328337948646823,0.0051046068604853031,0.030857126451977669,1.3824338963510096e-08,0.010321970673786887,1.05483523627327e-08,0.071383602953837916,1.1940188331599443e-08,1.3225423619700566e-08,1.1847053717807512e-08,0.0084095362919291584,0.0012528235189473783,0.048134152753988912,4.6541665228086071e-09,1.471021431025583e-08,1.4848113049035548e-08,0.0028138353771084337,0.0037769603895180695,0.0039037854558981429,1.5343150725113078e-08,0,0.0057268042884294715,1.3155550226299755e-08,1.1553958257753142e-08,0.0092309293248968721,0.011605626995272235,0.00078640567524392176,0.013840675863182767,1.2923179503098081e-08,1.0578349943090569e-08,0.0032857050159165826,1.3019796492153421e-08,0.008907943504447265,0.16379578938808936,0.005118837796021322,0.51501733670039396,0.15560047981936045,2.0838289694585404e-08,1.3663825757464788e-08,7.8594982111435847e-09,0.029039319856495736,7.7316605181176182e-09,8.3267697814672915e-09,1.4053173409096451e-08,1.3906048955985258e-08,0.094592036750309319,1.2524831809268708e-08,0.013353569157006608,0.022994503876722291,0.0031746511947929306,1.4998722883240309e-08,0.019056526110261682,1.5763665936905612e-08,1.1576405349474363e-08,1.362757192934903e-08,1.2792299993365473e-08,1.3206234484189205e-08,0.030354400718770578,1.0806634876562206e-08,1,2.9277427558288712e-08,1.5974986788198305e-08,1.1972578237867597e-08,0.029938335123268156,1.3543801926349953e-08
F168,0.013948100694687935,0.048742292246314621,0.018570038805050721,1.9969547793315806e-09,0.03938401802974914,0.02975894045243167,0.036273298745861389,1.8346500551409309e-09,0.20500066834852629,0.065264657281164734,0.0070130833161729999,0.38062600647370692,1.8505293294548674e-09,0.15076263029994902,0.371482266732165,1.6927671783411126e-09,0.42139603900220746,0.48606052428782731,0.11485721639439254,2.1020882691561472e-09,0.045954442152287715,0.068754275448975874,0.85988613136865188,0.020181497768586958,0.034555492951187324,0.019682788450925671,2.0866844218559182e-09,2.055090960389808e-09,0.067464195794036022,0.03096117148729461,0.13941895214827241,0.020789723822403267,0.00095022229824974524,2.0462405951342783e-09,0.026838859121758058,1.8220088812694284e-09,2.2540767852136994e-09,2.0817180632182493e-09,1.7360097494106078e-09,0.060274430721260167,0.11622717821160004,1.7802733974425688e-09,0.013996656026000259,0.099461531116778343,0.028916847622750638,0.069393295117846338,0.077914578331940293,0.15216533272307703,1.9954454635568454e-09,2.0705006843046963e-09,0.3355460840240323,0.030929267205717721,0.050485344607728619,0.006415013332063158,0.032579444634950952,2.2331442431966898e-09,0.001576337637783851,0.0044515018105379736,0.5484548981744447,2.0994551525021641e-09,0.060470725788595824,0.17203878488868848,1.8942192172839069e-09,1.9083036723126594e-09,2.0048658663199917e-09,0.079397511089793912,1.9942832512320604e-09,0.18761226402274694,2.1992853484315679e-09,2.1105184564309473e-09,0.034149715791620558,0,0.25531230933052784,0.12365404125880274,0.12075622110126119,0.11443136198730075,0.00075985504891310396,0.11683266761918447,0.020480461729953658,0.2334210549382072,1.9804588227577413e-09,0.30177603302092043,0.15085996399182405,0.09818880276316104,0.1618871961949615,0.37208227965616014,2.1617250818491384e-09,1.9312316867522652e-09,0.22687281409009213,0.35991543616907168,1.9587725281833056e-09,0.14785320523788487,0.36232059991080606,0.20642102748662028,0.20664149899149925,0.016787569462276771,0.061322368176188642,0.012184297995568421,2.0277580076843754e-09,0.38569414716033601,0.12103302661481562,2.0225072628870238e-09,1.5055634088030953e-09,0.032364353132925322,2.0317882499223608e-09,0.072971670325144664,1.8753446311064608e-09,0.2034855437737777,1,2.0620517787700449e-09,2.030757030305972e-09,2.2914187845052771e-09,0.23663124187563347,1.9724036820684679e-09
F66,0.0091408802991745589,0.034817588343677819,0.040705945760227825,2.481705365435417e-06,5.427745219933545e-06,3.9367592998796892e-09,0.1328119265644338,0.0030370611217174787,1.7513866598085405e-09,0.1125365851267362,0.00038801014671483309,0.2412628575989926,2.7592774154785664e-07,0.0001529706693644174,2.3092056721072621e-09,2.5833101153908057e-09,0.04208423034071293,2.0031348951727661e-09,1.396869606422926e-09,6.8409087072027817e-06,1.5458574063394316e-09,0.031360714135554815,0.00078173256959430124,0.012119023158647591,0.018653752275730909,0.012876743130983975,1.2251245992059594e-09,1.6874057673603792e-09,0.00044020816010859726,6.1774194737201305e-09,3.5816619193672797e-09,1.1238841717826538e-08,6.1960865096668397e-05,1.8368275054234142e-09,0.047295078426266075,1.2416427518749942e-09,8.6877602874721423e-09,1.1824492140993364e-07,1,1.373915913788588e-09,1.3580945913293247e-09,2.5982310194776863e-09,0.11822749262392815,0.0004110262321122573,7.1587539679068488e-09,0.098190293731233058,0.0010524781736887532,0.043318871961871008,1.8002502547354383e-09,1.2551257996496903e-09,1.9388880167389988e-09,1.4583546493343802e-09,0.12964403895826332,5.9401410656920208e-09,1.9071487312762627e-09,7.4976582589517366e-07,0.092693500758420852,1.6394146119800358e-09,9.1054659945148795e-08,2.7847083680541353e-09,1.5567597034648274e-09,1.8364020049184945e-09,4.3309959951748814e-09,1.56771652197635e-09,1.7138977462429227e-09,0.00058016875008064413,1.5931778598946867e-09,0.0020233909122803271,9.1396032455047337e-10,6.9329863769213726e-10,1.6560290096042797e-09,0,3.1474042893660211e-09,3.0759965235539074e-09,1.8245054582145174e-09,0.023874715245243094,1.4320063567781262e-09,2.0750487690274137e-09,1.6958639596633911e-09,1.8406299294677887e-09,1.6564587621449758e-09,1.505277620460144e-09,2.0502752298477745e-09,1.6859876444188717e-08,0.0093740929830125608,0.082709658252673929,2.8793708102440223e-09,3.1976003264935341e-08,1.7060837051771565e-09,2.438032906209916e-09,2.5271162033244048e-09,1.2180122814162784e-09,4.7249446281402806e-09,2.1812201035411996e-09,4.355234598400198e-07,9.8144442438358712e-09,0.2853187666552216,7.4724191596843532e-05,2.4493241638415445e-09,1.5248467544206864e-09,8.0621289133319195e-08,1.6638497997399738e-09,1.649678527205463e-10,1.5331513043730514e-09,1.3570196086619426e-09,2.7127897267694332e-09,2.2325213808879304e-09,3.0628376462766705e-08,8.1849398593380326e-10,1.2796672167522916e-09,1.1452154188177219e-09,1.1779269280401464e-09,2.0391741211302607e-09,0.03505629511369146
F167,0.020122610154468406,0.026279731152739089,0.011897337691126166,0.0083286945334471504,0.01840341869265311,0.052010179853039074,0.026934778525980363,0.18653428975785305,0.05934674330152425,0.027220995727534652,0.062518855406222845,0.21176468684744659,0.059465800195595324,0.06607871746202125,0.1661244153260302,1.2936649371880908e-09,0.13408551917263442,0.18391755078161157,1.6517173714743792e-09,0.06792597571818805,0.27176999643093364,0.036385646124167191,0.46840078773682309,0.015200903128122506,0.035789355723257692,0.02497801676675818,1.5684847498421394e-09,1.5893201944292344e-09,0.018956082987625161,0.016530244529918452,0.12020902832334385,0.0099865131930656978,0.013608390854597729,0.010187238376719244,0.032124963742485441,0.052614210026622463,1.6263476047100429e-09,0.026907388764875147,1,1.6225624806375822e-09,0.019606482339799593,0.0057202852042640964,0.025932217579002506,0.057869135899508067,0.017406961928074446,0.10468440424615269,0.050194516859454981,0.031651148360517661,1.6020626505683748e-09,1.6703203024495578e-09,0.16872418178850063,0.049109596869756592,0.017069205538205713,0.0032078186997711844,0.014800759497051064,0.012382186042694738,0.00080291035430434541,0.021836226011417523,0.19778295962962372,1.6290334649426033e-09,0.012080542183455055,0.11393639671296282,0.036984278725962688,0.058232999183502034,0.25263075322966599,0.034654183940085369,0.026489715221383693,0.13146010399738664,1.6387537506436128e-09,1.6178430970520648e-09,0.074859959590873507,0,1.5420300711340973e-09,0.07316988011434708,0.053328410362552342,0.066093461901993986,0.00030485167728132122,0.021843587962393135,0.0251701275572177,0.09128057653835607,0.098777195862772463,0.025104766929321683,0.048723070032194053,1.5255981575044698e-09,0.15849494498083444,0.041191997415810672,1.7547626955873919e-09,1.5610738990647622e-09,0.16084399185032314,0.12348201523130492,1.5709857971678158e-09,1.5100927905464307e-09,1.6533986428469442e-09,0.094932384389836727,0.083092745779225652,0.041774751885693018,0.030620539540996829,0.035139346153848658,1.5691377554827592e-09,1.5749177191538227e-09,0.089634460182572762,0.067119603622853102,1.238077629736022e-09,0.0089756273179203809,1.6074687656475687e-09,0.10120421118318577,0.3254384302694307,0.61508183579502362,2.0061235549318485e-09,1.6470652068590558e-09,1.5616403673406205e-09,1.7359434218794634e-09,0.029316580141404418,1.5757479710104393e-09
F40,0.034118202786887146,0.0478881700134033,0.05297016462806603,0.040347194961383982,0.032969286272569454,0.043180114014320613,0.2174892886258305,0.18951366518807336,0.075679534251141739,0.12433738493583503,0.079400665651855357,0.082672454145212987,1.834999493829281e-06,0.082271767821614869,0.23155570512124826,0.32426361505502166,0.10233537497077275,0.10118176786241298,0.13243785557324686,0.40848436227825041,0.70475106714371694,0.10301181102084096,0.078252204855295229,0.02870767204563654,0.034883734100260147,0.03718053528347233,0.080562671266658961,0.015169341375517439,0.32002146152474609,0.12647013376647415,0.14814592615003344,0.10705819274570492,0.068765848710395094,0.052928611927064419,0.1047219750642791,0.13148164982787636,0.36097329676999196,0.011787654625091307,0.97463952800231779,0.0054306724062139671,0.043822833211345634,0.057720390672557763,0.081486503570446456,0.076419179254962472,0.05824940726293408,0.13676132350908307,0.26049664869748446,0.16129394280478213,0.13980182892420645,0.14318562763105538,0.094729682238528956,0.26164118001217795,0.047854060334471288,0.01140134172067645,0.0068669273346511021,0.050992799720139946,0.164988132545554,0.031277519462625983,0.14332120576064691,0.020795451680098793,0.0098091196232747823,0.060592398393007972,0.038282318174580707,0.08225540875467692,0.33388963812448486,0.039765125713906668,0.022066524473154405,0.13357066661476114,0.02175986226475092,0,0.10505409734483971,7.521000796918575e-07,0.081347993574646768,0.047857864733900336,0.043244571940373233,0.027682416979094189,0.025005121423140108,0.09436408012419073,0.022437217970891325,0.088859739698914642,0.032021620473186851,0.0091256684757451429,0.15259405523371664,0.067899372314362286,0.13000140257278811,0.089571748764714701,0.025865990836293696,0.0078847769579211795,0.034208010433335129,0.065944293287678632,0.026074558412767544,0.032664631332658955,0.15050854375867476,0.063877757905519764,0.052278574223853402,0.070897494832321079,0.13968666912128447,0.11815773267218943,0.050665374193258339,0.13751732314590845,0.16555384540477477,0.042198995499642289,8.8172614600399889e-07,0.055547859322435209,0.043309291392134783,0.17316039452582024,0.76338516735735285,1,7.6886832656035829e-07,8.7342788331539653e-07,7.1007011957101902e-07,0.11947158523485221,0.12839102427080681,0.043028423378006782
F77,0.0054721078376622559,0.0058829374567772475,0.0055437635428068057,0.007169451221088979,0.004849481993025772,0.0057494838006729252,0.0076049337449763795,0.04366372433350766,0.0070815109105187447,0.0080521036909398363,0.010247443670817844,0.012556544331410575,0.0025043110851122145,0.0065188655692045572,0.018243422238992519,0.017990479201779003,0.0088167287924998308,0.0064204101309658897,0.0056434662185657208,0.017428560928954461,0.27805898742932761,0.014542195050355568,0.011270655645732687,0.0040685082039835004,0.0049827225716501406,0.0035744962039288516,0.0028813092932011876,0.0014351326228412013,0.0085978382334418995,0.0067075281758452584,0.0049310775511831892,0.0078104626599809239,0.004312985093664662,0.0031165157288475793,0.0041224987814814243,0.15359421116954419,0.007433365066958829,0.004214963725592079,0.5931909066120038,0.0037151762034834473,0.0048382100156172496,0.010125405910948565,0.013094343646200709,0.0064538276700497783,0.0080826316485439718,0.013858956476166581,0.023196707991524925,0.011133384794259078,0.012870266626833177,0.016322315776449013,0.011645749900926995,0.020917196587747759,0.022135486449838988,0.0029394379394689666,0.016749049537865251,0.015435926856091754,0.010565776879324539,0.0057617662917484385,0.013118257633252403,0.0041565300859895873,0.0037783505320058081,0.007086853500497866,0.013522720270596054,0.006942577596044411,0.084376502930421329,0.0044308302684546034,0.0029332959285568094,0.020737971105147687,0.0023226697698923008,0.00022355060106981606,0.014037688615502333,0,0.0082442555850600202,0.017998388448910833,0.0090939208123207629,0.0097040086116428302,0.0039236746833258536,0.020840154587017504,0.0042709399755300678,0.0075661528990793028,0.0063621146889830983,0.006517573442310476,0.008598956304430961,0.014400624133875229,0.008167072277002637,0.0090948397275756529,0.0042815789930672078,0.012516306722534405,0.0067084735054396064,0.0063887551471939448,0.0093286117266015833,0.0075536364271078793,0.013902225861883508,0.015007303425251492,0.011616757274130038,0.0098201687705104027,0.018839619543239837,0.0086916637998197196,0.007779944859383145,0.010128007110005102,0.020957702163053104,0.0027679063883934694,0.00021525526725297311,0.0064930554131096005,0.0020051349748239438,0.0099787671471816275,0.59127752723098903,1,0.0055726984848926591,0.0074809143799195897,0.00022084716551175879,0.014758074304427536,0.012650120419688111,0.010167887718934312
F37,0.001522542910061821,0.0014425742205767518,0.00073651423811826433,0.00029154972940410265,0.00026336367990259469,7.4140366910456948e-07,0.0039696599666216893,0.006610541452972277,0.0023498029305167871,0.0012121667361737749,0.0004955653113830836,0.0025465771226022608,3.3508932927601502e-07,2.2732638947014852e-06,9.2692379213645064e-07,0.0078664453501898768,0.0058257096618598127,0.0019867266104934512,1.0011799074374791e-06,0.00032177557562552918,0.34726609888391435,0.0037747223772701278,0.008110500064553449,0.0015660713155241676,0.0011963504119916913,0.0022249024502568114,0.0015150771095246815,0.00067511723263981381,0.0028896673953563131,0.023906966380951838,0.0011463620317874947,0.002296370192034256,0.0042028911290929137,0.0032911385240788136,0.0009974493079183684,0.0054967171123850179,4.3096627819446447e-07,0.0014184174677082915,0.79367480584367112,0.015245827255905293,0.0011803850105014328,0.00027713471787218754,0.0034266665067169766,0.0014529210677691915,0.0001679312999559853,0.0040332692837202703,0.00011522180462644409,0.00061436448094344398,0.0016720103953297154,0.032074459730369625,0.00025157255474638049,0.00073173129985804259,0.00050262753850969404,0.0019825145457766113,0.0041740829994168886,0.0028075144576780943,9.2619367465973152e-06,0.0012535347333985231,0.030295583803126767,0.0010748566043073165,0.00016858655496200127,0.0030014862645012441,2.28949739534754e-07,0.0008225916375282792,0.044799175223408649,0.016839625797813194,0.001965107668342602,0.011921989243322264,0.0032483453160955006,5.6558347176824406e-07,0.00074034660590141846,1.2118119305295515e-06,0.011901080233688003,0.011907887539294506,0.0021292679213254285,0.010722983854203364,0.0049993937740372349,0.37612567465144242,0.024615688531011797,0.0029570172832978411,0.030329628291618917,0.0090144760455046838,0.011957876415255465,0.0016667229863057866,0.0029563042729318549,0.00023172581337960611,1.7918280972441918e-07,7.2937537380321411e-07,0.0021713541739772683,0.0034155502173962766,4.8070575215264478e-07,8.7758728747586927e-07,0.0045405666117306238,0.004229972309212876,0.013223240674268649,0.0016727022431610727,0.22575821566867879,0.011600473430749525,0.004202760050189617,0.25385924277890204,4.7794466364253064e-07,0.0028807094935495029,1.2121554873401937e-07,0.013858127851968343,0.0026041587879461858,0.011809417079415007,0.96205239442324286,1,0.0054986814213250426,0.0061800496268395169,0,0.011059956744040395,0.0017900469588393317,2.8429621814858738e-07
F55,0.032250030909532039,0.03565956709001001,0.040110515026714047,0.023744888517128054,0.048079477403129116,0.022703047917961822,0.033484291481311247,1.3613158526214128e-09,0.005346012157895594,0.016007999619754815,0.011787134351946851,0.047226487671012347,4.3965549152686258e-09,0.013038466486668477,0.094512788418118415,1.8718718460523668e-09,0.027551609677801646,0.0083079755598636888,0.042570230901400705,7.9758276803438238e-10,0.090539021688767346,0.032641412554056511,0.036016407069558644,0.049749402849067259,0.042712062608970522,0.04794138819361303,0.069190921904415739,9.916242016199005e-10,0.017518742013571016,0.02883886540624897,1.6950966566495718e-09,0.012168869791997142,0.0037180830800484762,7.7220039060672825e-10,0.0043816461859537597,1.7830109368184922e-09,1.2481200121005311e-09,0.054947450994182662,0.70696891521079264,8.393896773841184e-10,0.02724402843307858,0.011600616966368471,0.066765764943254022,0.015386363690757058,0.02332825116783575,0.030686635875362734,0.036302377948360727,0.010632524742607972,0.014531325800763077,0.02670673045200048,0.019745853606879946,0.046562448935765673,0.015693299615678225,0.010509892731337829,0.025558024224754387,0.013211274904435133,0.036108037267616876,0.028052357292898157,0.027866635560120666,1.4569303745756311e-09,0.009244793704902169,0.10713024729704339,0,0.0042979736882687676,2.889981323902644e-09,0.0058309145505340268,0.01003777548084947,0.030001075615350981,3.3903923143830961e-09,1.7072491529321359e-10,0.064610594946447025,3.8044089915707874e-09,1.0877780729627515e-09,0.018117836156646392,0.026596446534395003,0.0061874737647957092,0.00096546984913802004,1.7767649693397144e-09,0.017473723818359838,0.055469876755969545,1.5490777010256174e-09,0.03714031257569729,0.1156655841615177,1.361130641361817e-09,0.17839053783524722,0.16282703047090821,9.7266256375936038e-10,9.9089166056523343e-10,0.055746206491341488,0.048367539227280758,2.722158938928818e-10,0.019852441949244015,0.023438509370924274,0.047753984592270211,0.018009818258851323,0.013469608145323133,0.049030946161586569,0.020019675878073039,1.4675492032956256e-09,0.083850365465559129,0.0033065001355507889,1.0707047695819251e-09,3.37494585390666e-09,0.035606612218283484,1.5487818703542988e-09,1.8146937159439733e-09,0.12637282759612412,1,0.17608953623859566,3.7552736618798174e-10,6.4243456518558137e-10,1.4282410175674744e-09,0.028756573180044084,1.1870434438394325e-09
F189,0.021723304624350272,0.02280285626235495,0.018814362062594233,0.0095351770262077258,0.037966588069486863,0.012494308115439379,0.02725275785860105,0.0030337751735810296,2.6908445663666039e-08,0.015070638768470767,0.0061841200849677234,0.01822410455459474,3.2302996923240522e-08,0.0051857094078480584,0.037749026066511801,3.1948123981114146e-08,0.015936767638149801,0.010120892726922718,0.0217989307017224,2.3283225859159726e-08,0.19480113453321227,0.028870214165036823,0.092118893960605922,0.029043870322693836,0.025772375640391226,0.026770981883943081,0.027534196089254226,1.764983122672856e-08,0.0087760898244272478,0.020861143715620079,0.19908382062703667,0.0048449144213777015,0.0031697814073236553,3.6049042636333893e-08,0.0019442669236448178,2.1146127187716835e-08,5.8017800475404752e-08,0.021999093799169849,0.56767318136799005,4.0155720693498368e-08,0.013985104140901696,0.018812843668619579,0.036850941583082102,0.012329232229378059,0.0095981983428470672,0.056621019175539737,0.016208750259263636,0.013058171604225137,0.0057870355974173138,0.046622850201266886,0.0090184035355666756,0.061802719057751844,0.0079125616994159386,0.034391499318008091,0.010163780346492865,0.061757606719224964,0.068467780757144714,0.012857474801348164,0.011109207408124371,0.031034472082681955,0.014279665377209413,0.043613868250565326,2.0805912377362571e-08,0.16014766464960711,4.9184087183649128e-08,0.0038282934010311354,0.0063529693026673053,0.029045305960804044,2.8684206032327486e-08,0,0.025713013927156178,1.8722777618020778e-08,3.8649519366205365e-08,0.018995722570627118,0.026576974284998393,0.015145801402610298,4.2544359725408233e-08,5.1935545365148168e-08,0.034262157583727221,0.022065754338764707,4.6443394034275255e-08,0.014801470906879595,0.066862485467064969,0.051145534968459638,0.28190409128873306,0.28293232643542204,1.0005155690529794e-07,5.8177154433107078e-08,0.022177496266711911,0.060406133970234019,2.4840148384917269e-08,0.0078870519632499251,0.0093247168286409339,0.018979867874190631,0.027046628586272877,0.0053743709816325494,0.028012572087472248,0.016672232194824655,0.01633572465741848,0.033389573882321187,0.014562180233048163,0.28507226036368399,4.6529827209268107e-08,0.014171938009944107,4.5360160291732813e-08,4.2537991400463222e-08,0.050424283303298276,1,0.095715904106620731,1.8518098018587799e-07,8.6364270808877599e-08,4.0355200874675362e-08,0.0092461305280572437,0.0057873711784704827
F67,0.013083102235896824,0.026459547812200297,0.015860860228570899,1.2634706974316811e-08,0.052090575774878252,0.00051451609937143482,0.018962402263422697,0.093645139105292236,0.071252377082939911,0.10444051217860184,0.013626991541544413,0.0072729473636091117,1.9517646074874509e-08,2.1784538033694492e-08,3.8985132378839758e-08,1.7859122715417048e-08,0.010589249958516168,0.00071284035249664717,0.1511636564560401,2.1254841103162518e-08,0.27579561466452407,0.030960799067232255,0.13288846138052507,0.019759598107006986,0.030333365028300169,0.012616407929115402,1.8922571555935635e-08,2.1167673862136451e-08,0.037777407966599084,0.026730023244616284,0.15103707659125135,0.00020662596575946439,2.0383236774499743e-08,1.6353589987870859e-08,0.00043949736779612375,2.0594753910664191e-08,1.1094994705823938e-08,0.0071851699192275031,0.79835179812325041,1.5940577665057085e-08,0.0033467634934507585,0.024678985586533121,0.01529365848818779,0.0083923243653242687,0.0096019034200145511,0.033166837032393752,0.0037156880321953839,0.0011182204051803791,0.010015968566869133,1.5981776469860646e-08,0.0029260805251529612,0.18018368313279162,0.017140997937711438,0.057777690117739464,1.6554215802916506e-08,0.15238790667603505,0.089724591393177774,0.0026532316451739414,1.4668800778251918e-08,0.053945464330476763,0.018040481352582363,0.030720393699380989,2.502670289928338e-08,0.27529550568562128,1.9660714153491034e-08,0.002609681430367538,0.0023163184681626241,0.0028847118465272687,2.4590689269003432e-08,2.99931876123448e-08,0.0016949643859723064,1.9576973110969186e-08,1.6626204937329437e-08,0.013658949347669279,0.013689529168217064,0.021765704329116436,0.0048720398496629493,1.5593896566893751e-08,0.047087486821027459,1.8282152423233763e-08,1.4582381040448002e-08,9.1594175243049406e-09,0.16069079221256155,0.043377522814070132,0.75597676776698342,0.52273152808309153,1.6267757548585391e-08,1.3573609723949092e-08,2.1547794876083748e-08,0.071171598272980932,1.9276819015550016e-08,2.1651189035834513e-08,2.2129123170078222e-08,1.3402280486089806e-08,0.079405775574806492,1.4593149588286792e-08,0.0096270817976893842,0.030447891581248023,3.3708324079529429e-08,1.484957935040801e-08,0.023783635591358564,0.49482611617607342,1.6840132427084312e-08,1.5183949655838274e-08,1.3905870245444294e-08,1.6653863155408603e-08,1.8208902587097471e-08,1,0.8034322245169867,0,6.6671710323756086e-09,1.6549002975366018e-08,0.11526081853769976,0.010772114068182428
F96,0.0064690878478277144,0.0045438767001170699,0.013253154994941728,0.0018105522156402914,0.017568532986789311,2.4494783972408053e-08,0.031384085984877165,1,0.24889180761850394,0.0041153173727728129,0.012430548828273156,0.049676545540913844,0.067059180655216266,5.0582088639370595e-08,0.0026872141055774203,2.422435783831505e-08,0.0011590088994020184,0.014078812787713396,0.030871976653033699,3.6282052809927362e-08,3.1530286791963891e-08,0.0077975814546397196,0.0031412209946413724,0.028649256908373843,0.0061151730861419276,0.0056330559207958663,2.495764850373294e-08,2.6635004336495142e-08,0.037792394814687796,0.012716470470499045,0.059559930274198335,2.7627467513267095e-08,2.8972389388127061e-08,3.0117486123488212e-08,0.00093860650596574102,1.3252193541807552e-08,2.221910758474342e-06,1.2362719218105018e-08,0.065469780374581968,2.104443236673269e-08,3.4838104239852054e-08,0,0.072914069075725577,0.020672684845154516,0.0076839938071932238,0.13393644004272043,1.5127405681595095e-08,2.8205645481749761e-08,1.7048912682132766e-08,1.6683156397750745e-08,0.02923875027560913,0.4544384469654944,0.0017996302093447858,0.0069056468004143699,3.1385929260336464e-08,0.011700813729214709,0.0036651512403654109,2.8518317711384742e-07,2.9702919290187501e-08,0.015163405838643885,0.0029720307307885847,0.024121175975974504,3.9046677354298554e-08,0.0086688891153522338,1.8652776386253833e-08,0.005069537331836676,0.012819635024193018,0.016844003061145744,6.168574612362821e-08,8.6024680540697667e-08,0.01033187196506335,2.3782884259267135e-08,2.2831613023887859e-08,0.042800191601269695,0.021767367555733053,0.0064442007798604165,0.051423807152440659,2.2258043860187399e-08,2.7837973208634633e-08,0.0059206676993522221,4.419566386705171e-09,0.016175994901114717,0.027393208152660501,2.6026207639008088e-08,0.090231459928898597,0.079853383783390797,2.2020964328899457e-08,1.7684341504978409e-08,2.5610162812402575e-08,0.053038582332583697,3.6953069275561251e-08,9.3882060088477577e-09,1.3872543961622859e-08,3.233445965839478e-08,0.033662351362155604,2.58021032896112e-08,0.040201759519637788,0.0061352021833929208,1.9990306065191375e-08,2.0584945431376993e-08,0.064481868878315446,3.6925056828469955e-08,9.4682375249631182e-08,2.2423751954167332e-08,2.4157181997169051e-08,2.2154903292140222e-08,0.055073484843069044,3.8635944500036164e-08,0.16397898800627236,4.5434868914201555e-08,6.9017689564523173e-08,2.5402998753445933e-08,0.21206905876924811,1.2175031297812289e-08
F43,0.62362089531786769,0.42796195389509356,0.45259457601347902,0.47641067941203513,0.4068933600708729,0.51195765541142879,0.49784401019361207,0.96921246649771864,0.71034649018088492,0.61189254281849925,0.44278622193811573,0.42263731582138292,0.30327543379648597,0.43584181262049071,0.31621936987308397,0.23371134393826498,0.43567905858479516,0.2186276128379957,0.28728343014222685,1,0.56541316407834075,0.45037664636731634,0.28837687329328743,0.44674736730747527,0.38726528449069547,0.41391846205875693,0.37595703260911262,0.88625933581749738,0.41952460653679641,0.69479272144659321,0.7377512210062287,0.66063447362548577,0.73545044378936275,0.45130749123606539,0.43694830988046185,0.53208855470335736,0.66943524620628492,0.31690981696962039,0.75374646305025628,0.44944675949511476,0.43514344455862597,0.36598414046693106,0.34107403260043972,0.51772944527706644,0.52182587379162393,0.49494281537374013,0.42809134105521518,0.45649685948154473,0.50737050911911674,0.44609157517058418,0.56238267543703546,0.47983516094564355,0.46623833379475488,0.63955019247769385,0.83243167174305699,0.42855308725188512,0.42681358016765958,0.86349655904622324,0.33058183981096423,0.52409879462716535,0.61160130450360339,0.5120019711839946,0.58906084040557627,0.33233133470961901,0.41046640820737013,0.58232327887894175,0.54232662216100058,0.42054784765333703,0.28781986884838406,0.5611562917852696,0.2595478075047522,0.53963742451992724,0.27799972313741184,0.36572647086363347,0.44852956826249751,0.50261251645394944,0.55973501149724914,0.58238853524244327,0.61806778271549323,0.46324460086723945,0.27439266583942168,0.38609411959887052,0.53587609280147641,0.48189860581784261,0.44780388997206932,0.43809609303827346,0.24126320463439166,0.47058472079839581,0.64125749522698183,0.47640200962266771,0.46814678880481181,0.43203530392071193,0.2712075866755283,0.39844291519818659,0.51500579337305297,0.28232833988594608,0.4686779143889086,0.36120309738310308,0.51026774340245029,0.46136902803894481,0.5100340518868195,0.25742534496715358,0.30357999798394764,0.43128247442262413,0.21588919769528561,0.42749961934392333,0.69482713425142106,0.83736382077727711,0.46414291905931943,0.041490331087691124,0,0.45404689521133507,0.87813099010483997,0.32376690839987216
