matched_pair,CD4_cl1,CD4_cl2,CD4_cl3,CD4_cl4,CD4_cl5,CD4_cl7,CD4_cl9,CD4_cl10,CD4_cl12,CD4_cl13,CD4_cl14,CD4_cl15,CD4_cl16,CD4_cl17,CD4_cl18,CD4_cl20,CD4_cl21,CD4_cl22,CD4_cl23,CD4_cl25,CD4_cl28,CD4_miniverse,CD4_prolif,CD8_cl1,CD8_cl2,CD8_cl4,CD8_cl5,CD8_cl6,CD8_cl7,CD8_cl10,CD8_cl11,CD8_cl12,CD8_cl13,CD8_cl14,CD8_cl15,CD8_cl18,CD8_cl20,CD8_cl22,CD8_cl25,CD8_cl26,CD8_cl27,CD8_cl28,CD8_miniverse,CD8_prolif,Treg_cl1,Treg_cl2,Treg_cl3,Treg_cl4,Treg_cl6,Treg_cl7,Treg_cl8,Treg_miniverse,Treg_prolif,gdT_cl2,gdT_cl4,gdT_cl5,gdT_cl7,gdT_cl9,gdT_cl10,gdT_cl11,gdT_cl12,gdT_cl23,gdT_cl26,gdT_cl28,gdT_cl33,gdT_cl35,gdT_cl42,gdT_cl43,gdT_cl46,gdT_cl50,gdT_52,gdT_53,gdT_54,gdT_miniverse,gdT_prolif,CD8aa_cl1,CD8aa_cl16,CD8aa_cl20,CD8aa_cl40,CD8aa_cl56,CD8aa_miniverse,CD8aa_prolif,DN_cl3,DN_cl15,DN_cl18,DN_cl29,DN_cl31,DN_cl34,DN_cl39,DN_cl41,DN_cl57,DN_cl58,DN_miniverse,DN_prolif,nonconv_cl8,nonconv_cl13,nonconv_cl17,nonconv_cl21,nonconv_cl24,nonconv_cl55,nonconv_miniverse,nonconv_prolif,DP_cl14,DP_cl51,DP_cl59,DP_cl60,DP_cl61,DP_cl62,DP_cl63,DP_cl64,DP_cl65,DP_miniverse,DP_prolif,thymocyte
F16->seed0:GP31,0.0037312863772864238,0.0049681618362489369,0.0085419006507028092,0.63319251563800139,0.011784591553643156,0.010905584878844169,0.060974082051433932,0.013244014238612486,0.0091158033413626539,0.0054273732240574211,0.003089085099985029,0.0046012430538786789,0,0.0025970081657343538,0,2.0601083714334455e-36,0.019189313097196951,0.018076450711010453,0.0025566723209450226,0.0034880761549720227,0.0082094686293692019,0.014673412996542979,0.0043327287446911422,0.060234090462233617,0.010396711382458646,0.0055705397831424322,1,0.12274601738876768,0.15897115444945084,0.019331944030604835,0.0012791003311848671,0.006773283068262464,0.0045878275887069305,0.00057049713424213227,0.023706741111288676,0.0047204446972801172,1.0015372007547293e-07,0.026007053310654588,0.0041311481717381552,0.0063955015489275974,0.020357456418730113,1.7975452208879209e-43,0.037554629325204092,0.0028362276236649055,0.041441750247526256,0.006335912924855162,0.0010382407202369952,0.062112334763865469,3.7067901157952953e-35,0.031353014855684078,0.0048550669247485086,0.01094595795849879,0.0051424944055684868,0.00062069082401955248,0.0062904566441080445,0.0031511808716536446,0.0012169092254215007,0.011366157693163995,0.0056291769922086681,0.00074406634602454467,0.0044364772770168689,0.047734737792506615,0.018460812957801599,0,0.077347037675435049,0.00098705476409829702,0.016031024004162089,1.5681564093743182e-38,4.5280592101124066e-39,0,0.057723625967132826,0,0.030491299495942641,0.011772419390582524,0.0016792581856143482,0.0034780747417590898,0.00094228747815447563,0.008550229276892923,0.0011308445577906082,0.034881767319070008,0.0034293826656208947,0,0.00189935047843378,0.0054359051440522783,0.083147256017261223,0.0021406125041183045,0,3.4284890288539392e-25,0.0015053747886065421,0.010475193490763484,0.92091744739334103,0.5803955309944302,0.015993244953455988,0.0056166269166646908,0.010555294031747557,0.027185902725925967,0.012477760727728477,0.021452270594924983,0.029234081388910121,3.2337823544230181e-32,0.024451354959628416,0,0,0.057463339279213467,0.033039365855149182,0.043842564484152878,0.0056240071237573077,0.010321228606750946,0.026418947958412334,0,0,0.048497106679772202,0.01711947508426849,0.046520320521144305
F9->seed5:GP37,0.098528269293201992,0.10040896283685602,0.13468055230397719,0.0032675580551628919,0.069535885729851685,0.10206966216783106,0.078426544164401202,0.050416979825099462,0.075336927651850377,0.018003791483765973,0.072379438990648554,1.2537419466353637e-06,3.6743702175679852e-38,0.067368611447425314,1.5307845541269662e-05,2.1406115919665269e-23,0.0093241473274257112,0.036915749040840322,0.016947969873936583,1.1214410769658667e-06,0.27844005661159443,0.022201396047955228,0.0057361387790726788,0.34477932250677334,0.1382596489906423,0.10181800985705225,1.0866213668776335e-11,0.01534830062823803,0.034654094682772606,0.01931691828163196,0.018822331230697466,0.24487373661880563,0.19497581317334262,0.16901701655036525,0.11762276117838749,3.3632333572968431e-09,1.6870845681215955e-10,0.011336986449715685,0.35053189802629203,0.077170609848736041,0.081561134094814372,0.067005650211073839,0.02532950204589909,0.10759132346591886,0.023016422955707706,0.0033513291295743275,0.016038723145216656,0.0029995604767386508,0.014540327762502685,0.04642288309673976,0.020072340377977525,4.362141299694336e-35,3.0509565615666405e-13,0.0021408868612780517,0.017654863167752152,0.019857685624123315,4.0142571917901266e-17,0.018916665924484252,2.2475023103618513e-19,3.1200240569210986e-06,0.03531727674155561,0.025859661379888609,0.020349589472907343,0,1.4164062551852313e-22,7.0450266280867944e-08,0.062312278667731702,0.00538349624190026,0.032411819794782117,7.2571229798905621e-29,0.089789686871443578,0,0.1102369962408508,1.0974597450186463e-32,0.014332600832382629,0.06179638625426738,3.9292747054987091e-19,0.011272990943880741,0.0054828559833507585,0.032169313345878768,0,0.013455246201950046,0.02151540960725919,0.024016769502894539,1.1741966319743188e-16,0.029623026832418596,7.8709153990900147e-42,0.037583683430704826,0.079369691138472462,0.021649125823517568,0,2.0686348360986104e-12,0.021245976118593222,5.9580177568985953e-22,0.013387837129742919,0.05119835608770066,0.31414254304369632,0.0025923387430962144,0.031411575356768029,0.035481993019022766,1.1054605659763953e-31,0,0,0.24865025855460723,1,0.080518159804372436,0.2241199479855874,0.091997386458996258,1.5390934044224957e-33,0,0,0.12042823906321413,8.1554397725779126e-30,2.4372098078583334e-13
F61->seed2:GP34,0.12412466471760102,0.13192728537814696,0.22460678925108823,0.051451727558088065,0.07449161207534287,0.02076240096909663,0.061008862206529978,0.076319713765392955,0.091044434645446815,0.031984913352450031,0.1124760327078768,0.013096728225493286,0.028538455265931115,0.02684912798443102,0.0070105915737969258,2.447592458996129e-23,0.058538965125436694,0.0028188011255343356,0.039302723411519296,0.0034988899086079001,0.082961551399464789,0.40246011106800239,4.0040167233917821e-18,0.097638437243393078,0.083023253921633289,0.026053515165333847,2.0794804315229252e-12,0.027228691984437253,0.020840732355614972,0.01691164160737494,0.010331218671557164,0.056959428600711799,0.03778074084923376,0.0034633325317545522,0.00070981268333084903,0.049625517282332839,0.016973253237780987,0.036011069577903849,0.10851516014003218,0.033188009091253773,0.0058048327063532999,3.0297254151199916e-44,0.2233025141007749,0.002732886336301945,0.06982983417360604,0.0063016007684076163,0.040249006206782047,0.028028316592801961,0.0022173052808460241,0.3706471718552013,0.024668582665019187,0.14817421821398205,1.7477628940352671e-14,0.074838182365578446,0.0308404514567872,0.012170046888030523,0.013478252890661018,0.00027000774397816104,0.0056513217133841668,0.0030135668074363657,0.022954777366254502,0.025730417889160872,0.0218925231743697,0.22133451267559207,0.053824690738614157,0.19252623872054869,0.044523299540641686,0.0042539950392141684,1.2157189599004589e-21,0.11163074797341666,0.10875454740143914,1.9868440233299244e-36,0.061677812593650974,0.088301187081043078,0.0079219260535783563,0.055645932264688586,0.17478297211215663,0.017223178316999651,0.071602781876563437,0.031047513712104412,0.10623186384725612,1.7329650225991548e-23,0.017997508180691436,0.024285506347620996,0.0035654211205794358,0.046701302054794398,8.0912033047898565e-33,0.044393462822066306,0.014430515065439471,0.011980536697678935,0,3.8531550088892141e-14,0.15171511457296191,0.011360047201390696,0.0068364091971383463,0.065522014763938513,0.11579694070446482,0.047111875294424385,0.047083002011218296,0.18290831479574199,0.15319890095412111,5.5925316229754298e-16,1.2623669928901868e-37,0.26333201237305232,0.37656829407934522,0.067928629537468269,0.067506528192633752,0.061494276156182165,0,8.2686798586105067e-24,0,1,0.022368264942043081,0.062727257539298559
F54->seed4:GP23,0.30729606826078348,0.21825066071480237,0.28302779656485022,0.41113598626975034,0.17344296431831957,0.097885573880302612,0.056503174993714329,0.04526938975176565,0.14118439481845987,0.024839966041660791,0.29419621000416135,0.0033996669869254354,0,0.0067633420193475039,1.0429167835006514e-33,1.5966344956442674e-38,0.035881205884245773,0.0026568636985182465,0.013966610462565454,6.3300746326855824e-12,0.010437195865205326,0.30889584671457393,7.7780259444290704e-15,0.13326758662810609,0.027053479895216087,0.020291845342234573,0.031509166429529896,0.0070205915791464327,0.0076259569657261628,0.040644517133286401,0.0048785925710603303,0.003288139968820783,0.009119287297662277,0.004461809580526852,1.3519329364018158e-05,0.0060014793416770379,0.029119423601143692,0.038672681595108227,0.031513069442991738,0.049286577375915575,0.0097740190301697141,4.87027716088663e-08,0.09258156059569192,0.0009016216563868403,0.041924232975623754,4.1089533308714365e-09,0.0065984988742515908,0.0067949546327737307,4.9177558260250118e-31,0.14180401248882687,1.1843492751409424e-22,0.006958158871338614,1.3065206973367729e-08,0.00085782898018510587,0.12708280391605614,2.0138032984871169e-10,9.5706493387669179e-10,7.1502271268985006e-37,0,5.8632403508255726e-08,0.005055422260635681,0.005607619087107025,5.8623066311684516e-28,0.085333520947865837,2.3045113636498124e-23,0.017466266826797409,0.19928152557712381,2.2208685282321441e-36,0,8.1618851146926466e-45,0.11177960396329714,0,0.05288156619066417,0.023334331667914279,3.2831047386558265e-18,0.02768389982053239,0.0071884309522679485,0.010868022603361399,0.0017905418687770471,0.0026614066853919358,0.026159888146261634,2.0159856233290836e-42,0.0024147776969796492,0.018987613645578216,0.0068072435750966684,0.0067629763668943651,0,2.3022168128875189e-26,0.0078764928853051509,0.0038520835435868943,0,0.0089987623725506331,0.012193800860532032,4.5225993008610827e-31,0.0027480114689177257,0.092112595000771916,0.15615283505323979,0.01017432113418535,2.0102000710655336e-07,0.040804882668208392,0.06815746218914899,1.8181807051974846e-38,0,0.43013157407708569,0.48301007711226629,0.042041241760627984,0.042737358331609472,0.052469759093390862,3.9628614638757212e-29,0,0.28144432555751897,1,9.2118863328539997e-34,1.7948359181547384e-25
F74->seed7:GP70,0.17595069349199977,0.17854933936725761,0.19930335949329006,0.080609893683933398,0.14324398713986478,0.081572366795320303,0.46427026621980233,0.14741657123470703,0.16432781235836266,0.06367567937221924,0.065303566591487811,0.016231101380064557,9.5200127427634258e-36,0.088739961052281949,2.2554241014609802e-15,1.0815820588616406e-20,0.066359173265934546,0.2009671210998224,0.094158707222238444,0.0065879852489822317,0.21502954140197722,0.072733113393215046,0.0082431759648395435,0.49603707655915968,0.20565525198847007,1,0.63289419408043512,0.39628957145789134,0.085932086988033174,0.1407259495092654,0.30462018942290819,0.13207685946010744,0.59163549617842393,0.35722782006189829,0.66260470200210286,0.40945148643882684,0.15730243846406858,0.48334305638624314,0.35498013368908093,0.080404387927419926,0.12229415332363912,0.21453810756382921,0.17128358767799673,0.05239848732630973,0.54917600056842886,0.019308432671624146,0.086041969476377017,0.23992723917651226,0.012439928791200478,0.38288921871194465,0.029087103545784667,0.05566042135995615,0.013483948636736909,0.010784618440162564,0.043021463278910918,0.085571601130164446,1.3930422280662034e-16,0.072436175641582043,0.049831054108001309,0.073023754130950247,0.046048960050983988,0.69542092304523595,0.16259761280930646,0.042537921320953465,0.15275647135388143,0.027637717674392326,0.080977982034190932,0.018501192673832545,0.04249265961374165,0,0.40904526033302391,0,0.273185884051038,0.030278960949056188,0.0076152432357015952,0.06849495628587085,0.031939727634344446,0.026665054555663221,0.019720955791324882,0.39206188242884965,0.008447506386538196,0.057514432812437982,0.47148672498127264,0.066149306483749865,0.019965191012520228,0.29373553818815595,2.6003874563159823e-25,0.020726816055978921,0.43991825037105098,0.12076608872904838,0.093966595755877305,0.10632758553652701,0.056397435506735427,0.010608213132984285,0.067032044363958349,0.27049845755493335,0.79303889768144598,0.19002076074556323,0.32709108755896782,0.053834416664921989,0.030110323845158774,0.025339993887288949,0,0.79080264131845079,0.4529132176908422,0.43368512812644922,0.4956558283390361,0.26043395398394448,0.20085526220596117,1.9156320581220043e-24,9.7330526864443563e-33,0.68126350594291807,0.042952349711739841,0.11715157041787357
F41->seed0:GP74,0.1808987119395514,0.8272223962927141,0.16849243827156021,0.10031154431314603,0.031589143382846331,0.016252712625334377,0.3397477689589577,0.1022929890428342,0.22638784825007949,0.091897058060544268,0.037551343146271489,0.051535644483838169,0.035572983135709384,0.05695560323251319,0.011646295829853937,8.9027211324056808e-06,0.052177433449920312,0.059066980070844932,0.05828635845465209,0.015665277613127384,0.046330566095596291,0.22700448048750305,0.027537044165178052,0.067802648119415526,0.53724234950527106,0.11622186181095985,7.8186572102429217e-24,0.054895409398821073,0.013073914275967076,0.0067708748602564994,0.004331277892541922,0.078099791279657729,0.13193950936082188,0.013349070932163427,0.024369908619271897,0.012872304656918656,3.0411801670168533e-23,0.017558448797140698,5.9791117342222821e-27,0.043312746317394638,0.011286883661234799,0.0123933942229015,0.065463218003339652,0.0082519200329500483,0.18018709614961548,0.056636377918019662,0.047277971960577043,0.34627461289927075,6.4998915964338132e-30,0.26366541442190611,0.13463035253477393,0.055616696004227167,0.11619290588512526,0.10133536382294742,0.090108290525035578,0.28739930279695697,0.032697691583738427,0.018226984314235854,0.068653159601642991,0.010031581234125328,0.021900777549215659,0.087498286267152184,1,0.0075689449579443438,4.8898167602927598e-19,0.049600490830478565,0.016195542062757553,0.03055495089811195,0.061316738119302473,0.93499481604871337,0.082257339776485777,0,0.10329009895738379,0.034610885544094604,0.027039284119080451,0.059523412706579092,0.041567772808153811,0.0096487717209298024,0.1124772939455449,0.086265456565966334,0.00028282452013306399,2.9929536232732603e-30,0.1860842718888974,0.020487119685362997,0.0060440621366922602,0.12057885185551254,0.054076324806069213,0.037305725012615684,0.11995688639451191,0.023576647408125807,1.9205967065605316e-25,0.0079890892100481416,5.1770760659708167e-14,0.009512986109561224,0.10230848872385526,0.087669688536844606,0.032735297331562163,0.014459253157398792,0.062598929123487607,0.054345886649868946,0.015127763312697044,0.022715447015438237,9.6888585771133421e-40,0.18840659366140583,0.1292218986217965,0.050663341421089601,0.019043961703976528,0.011649683441297297,0,0.13672128051857485,0,0.12316534935078149,4.8996705430120138e-09,7.9802705509538806e-41
F11->seed7:GP41,0.060007772921530096,1,0.16083478159246328,0.15847597602177316,0.060648477088503107,0.10894580273474561,0.25776971090575246,0.056775655858313866,0.10159934040933535,0.05075394288748785,0.053468014476063037,0.07525327812771801,0,0.86822718795219644,0.038350522480952172,0.30871389131201848,0.15619783738765625,0.026177156150962274,0.033367497051844199,0.0072698921454965055,0.030771685600253514,0.10646198347876927,0.014100060391843859,0.012085396025696553,0.18403025820804139,0.04277151206600787,0.030990581954557464,0.086450194066188313,0.027321311096977229,0.03617461815242054,0.023980105045207197,0.010005232515020104,0.023723188477454516,0.0021398604951617496,0.028450003676164872,1.2039841279575069e-43,6.0851765795228315e-40,0.02360225067976944,1.0023729724505957e-38,0.028787136890426848,0.0056738270545828619,0,0.014070617361322701,0.012411247106023485,0.34314205824778898,0.027524423219363662,0.029843612093651346,0.12060697495295633,0.026066900903116523,0.14062956008988464,0.10036712686685766,0.054739122324466337,0.011428990300382802,0.001550428233074632,8.3041955796766201e-13,0.011219027508308294,0.0045641224288116289,0.075806878056313712,0,8.2791992638680505e-23,0.0067347830051379632,0.096515589668082449,0.063473882694702694,0.0097767845533010215,0,0.001244396096009226,0.022489955561748494,0.033889403302255559,0.033498490524965979,0.25892131369758298,0.17065138591415624,0,0.072779696750109729,0.022206093829212122,9.6115232839293178e-22,0.035639001733416088,1.5731366579776471e-14,0,4.2613677773393491e-08,0.11642256824904429,1.4480777831537898e-18,0,0.018988093078568153,0.061181617313484399,0.053559001161924955,0.1450107780659135,0.059897650914594501,6.4429003303411389e-28,0.041562118036035406,0.069709396759003145,0,1.0111380571677347e-18,0.014117075095540155,0.010478422356989963,0.029452826938679323,0.19140276672341983,0.13892495936152241,0.023035166128940601,0.093020134788431103,4.8421693996036161e-24,0.016756912233409822,0.025161632461210042,0,0.082144931435511881,0.057142327619171158,0.085991227290050057,0.042189551087293983,2.1851976412185095e-25,0,0,0,0.022584779746354255,0.021404164147664322,0
F86->seed9:GP116,1.0802291412439121e-28,0.0048208654506815751,0.00051192873682545073,0.002835601657344053,1.3734692733906124e-09,0.011817794678214099,0.060617817684570738,0.021769728036992959,0,0.1622512591573006,0.026137502326118948,0.18548300127180045,0.054113252926970432,0.05602593208367912,0.05866925018728366,0.3156606318150238,0.052761133350643905,0.24232378285564529,0.051594208297445404,0,0.078713329125678175,0.039872307087981736,0.002492572177150325,0.0095300539245953865,0.023107862584883336,0.072625151354693759,0.16635436309004323,0.13323244825994976,0.18070835744806912,0.22509662842138919,0.13245299220763079,0.044096683130426494,0.06103352019268217,0.085326610244299245,0.42569518025199737,0.099569499952997492,0.04827751230571705,0.031659728401884017,0.047531908393533377,0.073573173780573223,0.15373889489024978,0.090290970334947832,0.20998011762295291,0.084295859481191879,0.011505388101527958,0.2464578852933195,0.017916700049356318,0.19599773600117121,0.025226974795580986,0.12089131313557092,0.07681168903146833,0.042107380544589811,0.026305053061610798,0.0035707529918481565,0.020355846586404748,0.1165457794735336,0.070007198350199973,0.85102061900394987,1,0,0.029350851912287673,0.16442449071967791,0.061952087883494468,0.071498864135005558,0.1483224539824855,0.0037855978680907494,0.04289370107917638,0.22257045955246629,0.40368283166886049,0,0.057163360545211254,0,0.015946586252096585,0.066320545420048449,0.04186242957073201,0.04001764674221963,0.016262569105860804,0.024588745371091007,0.015179736422593284,0.37693352251203016,0.055187109831864013,0.058400205816284689,0.054188870566641345,0.031272050118008529,0.2464060446641429,0.70365786297636568,4.2225922126732822e-42,2.9596454125585852e-23,0.063675434869137307,0.35252431732994688,0.071574212168934614,0.33932646379544512,0.29941884327958568,0.093660252988179551,0.068015274802607967,6.7388004420647792e-26,0.17945709134749738,0.020926560085320491,0.10932161360045983,0.030776911171088061,0.13441707619245388,0,0,0.0066115814944785476,0.043851807252231957,0.21654420492675808,0.032354176163395559,0,0,0,0,0.069749372778861105,0.065657410087962373,0
F144->seed1:GP220,0,0,0,0,0,0,0,1.5568928654980895e-33,0,0.54503103160780941,0,5.0603384618643127e-11,0,0.18255035866983602,0,0,0,0,0,0,0,6.5799981515337936e-12,0.36548749926590862,0,0,0,0,0,0,0,0.35966185223053065,0,0,0,0,0,0,2.3254532232148103e-11,0,0,0,0,0,0.066458389292759504,0,0,0,0,0,0.98480238259592046,0,0,1,0,0,0,0,0,0,0,4.2119998190043508e-42,0,0,0,0,0,0,0,0,0,0,0,0,0,0,0,0,0,0,0,0,0,0,0,0,0,0,0,0,0,0,0,0,0,0,0,0,0,0,0,0,0,0,0,0,0,0,0,0,0,0,0,0,0
F33->seed4:GP183,0,0,0.005691709015971093,0,0,0,0.01375172251829746,0,0,0.074378882722866066,0.011622687849781214,0,0,0,0,0,0.042025840272104861,0,0,0,0,0.2987645494546311,0.0554189724245161,0.0042265297857952957,0,0,0,0,0,0,0,0,0,0,0.015199594519637564,0,0,0,0,0,0,0,0.19241328286224138,0.12092524602467618,0,0,0,0.047944352240741582,0,0,0,0,0.032492200168909094,0,0,0,0,0,0,0,0,0,0,0,0,0,0,0,0,0,0,0,0,0.65838909007650182,0.03579836781426405,0,0,0,0,0,0,0,0,0,0,0,0,0,0,0,0,0,0.10228486432461202,0.53880769230242853,0,0,0,0,0,0,1,0,0,0,0,0,0,0,0,0,0,0,0,0
F97->seed4:GP108,0.00016321545093516023,0,7.00563878250111e-05,0,0.0019189359151283929,0.0055431938650024829,0.0045701026342505743,0,0,0.00061032826505929769,0.00074393785062569625,0.14148284495800764,0.06663979542821051,0.0020443032469121152,0.0026759427691134658,0,0.0073558276863641336,0.0068164899923166319,0.015260709296929681,0.0027457308387283004,0.0043081993595238972,0.02340260358582797,0.032741963946587148,0.00010404446502686079,0.00015004061343776195,0.00019873831180298936,0,0,0.00093285667206180229,0.0064737600806730102,0.0020137549004804007,0.00069622068294317152,0.0018057145448394255,0,0.0018708418224009237,0,0,0.0013328816499156031,0,0.0020137549004804007,0.00079382937855140172,0,0.0094728173637792287,0.006325755347615653,0,0.0031740816259012866,0.00054479512264112744,1.3041239332782029e-36,0.00043250329640963733,0.011027862266979771,0.0028664310784065408,0.0028721328951192252,0,0.0029315581201372109,0,0.0035376393077974368,0,0.021147828735878706,0.048746602941133865,0,0.00069824404407556914,0.010416044662855237,0.041174118819792035,0.039129320665040247,0,0.0020719629688999105,0.0052791522784593412,0.011155668426436314,0.0035425991670320366,0,0.0009807894228121318,0,0.18223282876990574,0.041146592308532494,0.018506272796839762,0.0052376696356420437,0,0.056092278447211666,0.0017803480418326159,0.0021976594531406502,0.0053990574313427389,0.0031964059112142749,0.0029902473171379545,0,0.039946407107213477,8.1661225375639781e-30,0,0,0.0015842990437329406,0.0076976664943754014,0.23504734842933636,0.0074289126709680868,0.020109348017373591,0,0.36054049596031901,0.40489801765321781,0.01473328847157164,0.14626397474534819,0.1610554426824288,0.033690118425482883,1,0.47525248553902205,0,0.0018093511909827455,0,0.0032868408351456936,0,0,0,0,0,0.0095439429310955545,1.2372821655900317e-16,0
F30->seed5:GP112,0.00010413864622852486,9.3587753989815656e-17,0.00017903246566797692,0,0,0.0088620369465560785,0.016973299348207061,0.0038062077239679947,0,0.0085784499803484918,0.0058131492477110193,0.0018531300137711222,0,0.0026121485490385827,2.6040573798190856e-19,0.055190012643259061,0.039213987051959616,0.039227919604886315,0.025715657107237822,0.0070168228096963506,0.076912504945163038,0.021865501466437249,0.052817122166943543,0.00079768546998097711,0.00019171733512643476,0.051595581876187326,0.03867757192602423,0.10259705111156933,0.01531289590899953,0.058928439670302375,0.05829297922450373,0.011873020266666439,0.010402117627509873,0.0092254176429641798,0.023126337454051418,0.0031653095575203713,0.016881663916603565,0.0059611769724797108,0.055303117508266331,0.064329057067719561,0.023329611098172734,0.047630691134694834,0.033485288920208849,0.086868841146511569,0.0014629543038953896,0.032684321454753966,0.040378974910212195,0.0098919244572804634,0.0088274205900445851,0.042273203738134299,3.6729659398263522e-06,0.01100924072859955,0.0040881489571356067,0.036109772072646436,0.033933702313884297,0.021094677218069745,0.0012240037245310651,0.0020807141009144734,0.090792022478052958,0.011854790211009408,0.020991222470132076,0.16253045122702464,0.015473835083171293,0.054995068827629376,0.25932700151572746,0.026939668365205508,0.073862612501113881,0.010181695729230207,0,0,0.030077392070605953,0,0.57416935251618928,0.14322787526523079,0.049586194783676291,0.11210644788992745,0.041443393541993744,0.71105620072863396,0.040121860870770562,0.20456045841177076,0.1655655523063724,0.2081928921379764,0.41592647710244224,0.0072901285720865941,0.27241090204509127,0.019532268291937455,0,0.24404985499210713,0.15224050862320204,0.16367863306438249,0.80092854987371809,0.3209882405206767,0.29043516143293713,0.090561421830693975,0.23806580951942272,0.52379683483736605,0.059597098895081614,0.82564467921981144,0.59040631913273356,0.17219262179522224,1,0.69034992597860423,0,0.0069358017750498603,4.7353030184973853e-41,0.0083996505346372353,0.090513573746102527,0.041525602707215788,0,0,0,0.012194960173949203,0.022959044794675108,0.031194290774295228
F38->seed7:GP213,0,0,0,0,0,0,0,0,0,0.10135046737533709,0,0,0,0.2970404993355778,0,0,0,0,0,0,0,0,0.11327284417330168,0,0,0,0,0,0,0,0,0,0,0,0,0,0,0,0,0,0,0,0,0.030895436403233032,0,0,0,0,0,0,0,0,0.066411984300026525,0,0,1.5559063646488493e-12,0,0,1.4617856866626451e-12,0,0,0,0,0,0,0,0,8.6667736157310791e-17,0.29414013301871478,0,0,0,0,0,0.51218703237465668,0,0,0,0,0,0,0,0,0,0,0,0,0,0,0,0,0,0,0,1,0.50716066877758192,0,0,0,0,0.1459954591870202,0.43844401139553008,0,0,0,0,0,0,0,0,0,0,0,0
F105->seed4:GP7,5.73376599146879e-30,5.3439559369451272e-05,0.0002671829623339877,0.0002096263613851249,0.0006911660018438481,0.00024961407513180421,0.00092636984898829538,7.2080444926186922e-08,0,0.0023662131674052071,0.0024464347568095421,0.0071648806094709722,0.0040004066294802732,0.0064940489939378709,0.0028914785277246134,0.070007136948040061,0.009129314181339639,0.00059250837057888274,0.0010873271392414742,4.8284205611814457e-19,0.10666042342979408,0.0084598908434649414,3.1591881607842814e-33,0.00078760781187288908,0.0008108147242100167,0.015934586167134911,0.006013199804512058,0.079650426059962365,0.0073079581248083111,0.036274261937460237,0.01557097859552653,0.0050445727068618267,0.002133941457368066,0.0022171445109115582,0.0024020653646878516,8.9654719877974758e-28,0,0.010439762320154278,0.010541678702644457,0.26063402527691854,0.0056087157770964213,4.132666053264094e-08,0.013472564796334872,0.0039456377885108054,0.0010825233052023635,0.013046005375008305,0.0049078485496305479,0.0038123546923021613,0.0018649789905068215,0.027900710691497639,0.00051621830942974499,0.00620694182413548,0,0.024444334626575259,0.021060842436536949,0.0012741936804973476,0.021219921204162037,0.011425205385201344,0.0171361890226422,0.0088737309892982195,0.10435788854821081,0.17949992218706232,0,0.29067935700120767,0.26315865921482651,0.055547862237426839,0.22648872531486935,0.0086101462610200866,0.0090877593423305102,0.058715666065095304,0.022195679061221035,0,0.021219781959957735,0.04984352045752187,0.0084932684983195141,0.29079410150629464,0.086145121583852777,0.38146228256744469,0.034004978207826976,0.31826960408231242,0.092705108988167889,0.022450108255543149,0.14202635810879069,0.0015412240748678772,0.34176195793732916,0.30450523257877538,0.054333834794487383,0.15976799913359163,0.075346575184134526,1,0,0.23600744091904816,0.1132836968699177,0.021033148311459252,0.0023603330575752033,0.0029642131473831645,0.085880768737218879,0.04645955501920751,0.13402291067711816,0.1682430930779249,0.062647332654404073,0,0,0,0.0043234815783558082,0.012430623713925056,0.05979586071575161,0.020515895226472052,0,0,0,1.5856350218285767e-09,4.157669397855275e-13,0
F137->seed7:GP45,0.00017113692364828601,0.0009220289304203679,5.2234657487759219e-20,0.00027122138391529293,9.4200610090251269e-45,0.018820278659534739,0.0034717990456065192,3.8153293594805969e-28,0,0.0012807017333147758,0.0014000091139090263,0.092914503290780562,0,0.039287047392562433,0.001870544340580422,0.090577513325265063,0.0059719793220240789,0.020702718888658884,0.018288649273937023,0.001919327775026335,0.093359012419643936,0.0062876556930020954,4.7796419293509553e-18,0.001963655285113454,0.012116140638684846,0.03309958511696301,0.04925653345993896,0.15551531619494535,0.027714533058173355,0.030340857842565818,0.0084458326474351423,0.005674733535911745,0.0091476945460437272,0.00062774019565937727,0.052548644606296796,0,0,0.007919914644827197,2.5156954701517128e-07,0.059351226268216928,0.071268884572930943,0.0049258389211957734,0.023285092023398488,0.016555495816668656,0.0043384269958224387,0.072349918999250404,0.0072349570456993065,0.028889501977859559,0.025413195668561747,0.019271810443880339,0.0060334054203502055,0.018087419108169855,0.0011182408412868086,0.001138458482376361,0.0021727768714894084,0.0057412544742346024,0.0096099192771421978,0.07625628877385425,0.014872636065127476,0.00081885093153805815,0.017097018856842627,0.22562946613923746,0.0050791132048766709,0.0053370924086789846,0.14186839138563681,0,0.028589078569667355,0.0044560364575201173,0.10843631226277638,4.079399810232871e-35,0.037086992143904617,0,0.0061010756061161634,0.080822230025172762,0.01924368214170739,0.028669583588558114,5.5492882319652339e-23,0.01097746085552523,0.0024890069065532303,0.44643929936412236,0.10189971073347658,0.033505230606626024,0.055596293394394168,0.013958600244874485,0.69534246278546019,0.73421863066696147,0.017574740294805519,0.024154004338409099,0.10162546214230557,1,0,0.2802856021197021,0.30951120009928745,0.033208336188789329,0.013753496785521933,0.0029072903500659522,0.0731527766689581,0.032430761962829853,0.088772497755081697,0.023546657679928466,0.03705497806656545,0,0,1.9909908891524934e-31,0.0027969303318192943,0.034463637033745248,0.030802579777907933,0,0.029074262344460075,0,0,0.0066714313335250316,0.0062800405156824002,0
F103->seed1:GP99,0,0,0.0030652285079225865,0,0.0011660865757315011,0.010107150073732045,0.0061384209365842983,0,0,0.018915237321374064,0.0041683682462705591,0.0026438993411714708,0,0.0055902107428296276,0.0097565976515069167,0,0.0084874287016342646,0,0,0,0.007853936234832111,0.30724920202948913,0.064663384500486115,0.0011380512629645258,0,0.0025361282108447834,0.01185671416103619,0,0.0042515423540084012,0.0032562943090898933,0,0.00042307490573906161,0,0,0,0,0,0.0012149906675682797,0,0.0036711166919400828,0,0.0025027619575811958,0.30397474378037492,0.065422225743508297,0.0010436326037515208,0.0036400113500058041,0.004965749760624201,0.003227418985341418,0,0.040208040447293411,0.012192979579202221,0.64932802806546885,0.0029163238019080046,5.0197992498432309e-27,0.0011283810334524224,0.015048108547328234,0.0017463117087470588,3.1546297029897564e-09,0.0040393147495413626,0,0.0025465807800426608,0.004219703069599243,0.0044153690625128592,0.26255257208451332,0.14799461120395432,0.0037804132556766919,0.0053499844920104683,0.008715862922884449,0,0,0.0017879993342312613,0,0,1,0.11777310183743574,0.0017360690041045503,0.0054088756062702636,0.0040890664067466205,0.0021637407236120045,0.0020031892410789136,0.57434370495389675,0.066154448520537798,0,0.0052004893154558455,0.0051224169984762247,0.0084992602228359908,0,0,0,0.0015592227088557682,0,0,0.67965195772245679,0.20956198067428125,0.0019960279893108494,4.7995376469497174e-29,0,0.002088093180599597,0,0,0.96763233842670981,0.096266118328723921,0,0,0.050987444363168252,0,0,0,0,0,0,0.24358325456503008,0.14740267277896416,0.44505645215278539
F88->seed1:GP145,0,0,0.0066772180203278891,0,0,0.0039811169495887356,0.014584061231874749,0,0,0.036813790787030364,0.010012339329977721,0.01249690181356653,0,0,1.0391083168477505e-34,0,0.032773077529921903,0,0,0,0,0.30265132299070757,0.0058777693638285044,0.0013448048895157499,0,0,0,0,0,0,0,0,0,0,0,0,0,0,0,0,0,0,0.17414372583318058,0.10960376975893092,0,0,0,0,0,0,0,0.321696681821936,0.020671659588353219,0,0,0,0,0,0,0,0,0,0,0.40460350921196814,0,0.0044634533895998654,0,0,0,0,0,0,0,0.77277584702075797,0.63832577601989626,0,0.012783048567840842,0,1.9097941417720942e-37,0,0.23261461562500862,0.16525789867350391,0,0,0,0.01004334949885715,0,0,0,0,0,0,0.13018072959826563,0.22858506451912103,0.0094346125100571859,0,0,0,0,0,1,0.091004081225043928,0,0,0,0,0,0,0,0,0,0.24671646234414177,0.077414137437869721,0.21036451463584463
F92->seed4:GP239,0,0,0,0,0,0,0.0068109537515168052,0,0,0.06278855227591644,0.057564849997756393,4.0669567491350602e-43,0,0,1.3556522497116869e-43,0,0.02081455992206626,0,0,0,0,0.030353255863229872,0.027447910079044013,0.0041866315606960075,0,0.0066647890883008163,0,0,0.018768548542450147,5.5139799604773141e-39,0,0,0,0,0,0,0,0,0,0,0.031942796084279815,0,0,0.11978371788442875,0,0,0,0,0,0,0,0,0,0.013106954319806227,0,0.094900402262692057,0.077091402006067081,0,0.08915832025467825,0,0.070262894862525335,0,0,0,0,8.6728605062303727e-17,0,0.064127353768164211,0,0,0,0,0,1,0.39006475001840296,3.9862283354908535e-17,0,0,0,0,0.43450392549443684,0.38585929983543737,0,0,1.0849445328103769e-13,9.7576737712334111e-17,0,0,0,0,0,0,0,0.1779071250777636,0,0,0,0,0,0,0.14150859422521964,0,0,0,0,1.3556522497116869e-43,0,0,0,0,0,0,0,0
F2->seed8:GP13,0.00062272599901281288,0.0010067186568085062,0.010679674742405857,0.0053292392489151224,2.1239798295045554e-09,0.010222582419842462,0.0089120400839109055,0.0047710857001830413,0,0.010246257686691483,0.011130279651605207,0.0011064355603315303,0,0.0015599766571375688,0.022461317174999485,0,0.012636105855253685,0.0016736978898875018,0.0030714453550788725,0,0.023012275569175081,0.90036235423564992,0.027587042140550772,0.0040309496020401866,0.0013739251485922299,0.0073123069329329741,0.0049629339510108388,0,0.017431614925035477,0.0062129316372909939,0.0061473767558562816,0.0024792448018427491,0.00034447270324743437,0.0013707276905990991,0.0011420701108528885,0.0018902940223762415,0.01008156890771857,0.0035599603068506677,0.0099258679020216775,0.018439689036052895,0.0012114984935113011,0.0010475956594615716,0.92651170742241329,0.043130959113999542,0.0072078496801925018,0.0063987372231248587,0.0083143592024350621,0.010357055045965902,0.0062580496884190612,0.15147101680274766,0.010936471680069103,1,0.0030517723094009011,0.0036892131810048741,0.00047238020072805056,0.0151906934475454,0.00073096386997922793,0.002482666382164819,0.0016907595171009604,0.0017877606791024824,0.002398382812660675,0.003536189406248072,0.0036963335252863869,0.40706237274540857,0.1858409446146885,0.0055192056742693783,0.0089306835242580675,0.0036482495423976304,0.0027032595171009605,0.082929025358369504,0.023346153055138517,0,0.0066601029862410795,0.8858189539929664,0.043733708841494773,0.0045656795652263332,0.005660061339283878,0.0034231688192830553,0.0031699134154618189,0.0042015036608189539,0.86963345536063186,0.029269070193118484,0.0015211833905764763,0.017434794233181828,0.0064323601999053941,0.0093527677230940097,0,0.006591794521111409,0.00060446738169179202,0.0019579588106451678,0.014946510653394484,0.0028343991012483804,0.98783852292125118,0.15519263003105527,0.00083548906895913465,0.0051788878205787387,0.0093688038582563811,0.010223077812969172,0.0059854698393764262,0.0064269995681056295,0.84313485901733742,0.12088400551179485,0,0.002761331828558501,0.045712908500092547,0.010032389507023426,0.0033781862493058841,0,0,0.14551697242045947,0,0.96968379162124929,0.13025386134134051,0.26100531127244309
F163->seed7:GP148,0,0,0.006357759580534624,0,0,0.012578634216150677,0.010752676106635179,0,0,0.012923990143199591,0.0060586347950272474,0.0043872101298507802,0,0,0.0161898160731806,0,0.021907084399490465,0.0033175420289358794,0,0,0,0.33946098641994299,0.084602362244447143,0.0022031909755588735,0,0.0012023936953819002,0,0,0.0070548864673231826,0.0027017012346683064,0.012183489808358223,0.0049142674627850142,0,0.005434011587111395,0.0011318845928026278,0,0,0,0,0,0.012006938569475736,0.004153010835896748,0.49195014038266394,0.14633240417528995,0,0.001207951725770678,0.0049441246525084468,0.0053554857574452134,0.0052210493177358708,0.050040047455648939,0,0.84277447386693327,0.0096785268080491153,0,0,0.010701598402545264,0,0.014763141135101538,0.0067027221161118375,0,0,0,0,0.33143052120599154,0.24557804035809225,0.0094017426834536802,0,0.0096419006352253134,0,0,0,0,0,0.72562881231751508,0.077309230869734527,0,0.0134629976083633,0,0.0035904488015777243,1.8772806131688918e-20,0.35783293887175527,0.087024094412322589,0,0,1.1193027920908747e-08,0.0052887855200140976,0,0,0,0.002587329084909269,0.059252842584606433,0.011236482391298345,0.95973672938203192,0.28122440343864913,0.0033121511389651299,0,0,0.004619895274298319,0,0,1,0.19168944209649524,0,0,0.048415626039213393,0,0,0,0,0,0,0.45173730744328261,0.21741842655844937,0.73851366714332267
F141->seed0:GP237,1.2772865243258407e-30,1.0548475143166753e-07,0,0,0,0.010082177222000175,0.055405370881172443,0.032501870053511336,0,0.026637402827336377,0.006243671326842345,1.7919780374534159e-30,0,0.078069570291496762,3.4863307717640723e-25,0,0.0037626917625048031,0.023932042205772459,0,0,0,0.030864495714876549,0.022328172418180171,1.239079352502909e-36,0.0016371076843879747,0.0021684529940283639,2.6283124686371559e-41,2.7091217183267304e-31,0.0050892448093677618,0.0024363449370816918,0.021970533345620845,1.1358994877437378e-21,4.7867499379773401e-29,2.2897564149847337e-40,0.016330348660904204,0,0,2.6049554093004837e-25,0,0,0.18189252981030163,0.10485627597089771,0.031009141123727463,0.25578228191705948,0,5.2025107405161948e-26,2.1924647421072236e-38,0.032194442041795168,0,0,7.2625971248761248e-40,0.18802872043419577,0.069818830605334906,3.5142191888351343e-41,0,0,0.19858499743803862,0.035499388742742867,0.012088002371142203,0,0.0038104711748192816,0.025182023504318352,1.1027884483792263e-43,0.085388185393589056,0,0,0,4.1526240097557081e-25,0.038653643078181053,0,0,0,0,0.011789485625281234,1,0.0025976691022239675,0,0,6.3961730005995126e-41,0.023908960843547881,0.058909639242241706,0.10462889202072639,1.2986263997923522e-25,3.7166440956504298e-25,0.12263424400010484,0.025397699517129373,0,0,3.6137028375518727e-20,0.037165624893052494,0,0.040528795148113132,0.082420666226114936,0.096485071350596405,0,0,0.053272971349886941,4.9743162408353227e-26,0,0,0.076742412181371789,0,0,0,0,0.035863039115134311,0,0,0,0,0,0,0,0
F142->seed1:GP231,9.0408782794785014e-43,1.9243854779420266e-33,0.00053714035418493092,0,2.5831080798510005e-44,0.0070847731900658944,0.0064889168002327273,8.5500877443068119e-42,0,0.0058658569242782278,0.0087748894410368521,0.13343649233761026,0.11354321758090224,0,0.041034283707874972,0,0.010576214435993979,0.025225664842294927,0,5.6069809322452568e-32,0.033032073187304556,0.024986289508089173,0.099370429400130245,0.00039886779273130439,3.4495220513866474e-13,4.569301212177712e-13,0,0,0.011783308591032592,0.046221696852480225,0.046319932452756958,0.0017793678013459698,5.4227510808822035e-20,6.4526194821162777e-09,0.011475380151495674,0,0,2.1143661803164943e-17,8.7083118967651571e-28,0.015439977053734306,0.024345976020026115,0.010526112471677189,0.050843820041782804,0.059913040183113442,1.8161627294029227e-17,0.01224657094339731,3.1621315425574932e-16,0.0090492490995220665,0.053295579658881466,1.8984552832864926e-35,1.2124920759930767e-16,0.044042765110775428,0.098123762029308309,0.0024974457581529415,0.0094914865019816441,0.027123990970177425,0.10282489216234122,0.22450962469945215,0.10193126850522484,0.017938696284170615,0.0053552567915529682,0,1.8142295054848816e-13,0.18000752872680956,0,0.019705849600650201,0.018000751322816106,0.048876217538306788,0,0,0.0075199649069268718,0,0,0.14912106002076356,1,6.1436193110370301e-12,7.2937344931178647e-37,6.7184290528571861e-31,0.0045501280924550181,0.0084250084848642662,0.04139596275189146,0.098030666814110476,1.3345873806439395e-28,0,0.064630939853800737,0.0044682719805126201,0,9.9900937805137729e-37,7.3876891083738605e-42,0.052462206997727613,0,0,0.01930574036617572,0.067798114501586848,0.041974457555698334,0,5.4864711909959673e-32,0.0058547327693323492,0.017644180633338322,4.311259047432917e-39,0.32356259786589298,0.24292550628853787,0,1.7077808355750193e-23,0,1.1107364743359302e-42,0,0,0,0,0,0,0.13776576339768398,0
F138->seed3:GP244,5.4855947293182413e-32,6.3343701050357981e-32,0,0,0,0,0,1.8689800028858444e-29,0,0,0.0025266216137818393,0,0,0,0.1299684937232892,0,0.0075789018024624887,0,2.7613534906068758e-26,0,2.7809178769113138e-13,0.0016653215261652338,0.048189463099128742,3.3579544423403898e-15,9.618826115996055e-26,0,0,0,0.0041189214678533335,0.0019716992414990325,0.044457516359314359,0,0,0,0,1.5990036400311196e-13,0,0,0,0,0,0.030308648458081625,0.0013942717483305988,0.098578430249595755,2.1892918822992147e-30,0.005289374738749299,0.0024054793848094528,0.0052112402137904669,0.0076206372062649587,0,0.0084375980852276038,0,0.021190148858975941,0.0056880256810368807,0.0054659138679681724,0.010413359970368035,0.11381765928297188,0,0.034241496057252761,1.3828069147203337e-21,1.3741446819398227e-22,0,0,0.12093889597127248,0,0.0023077589040932872,0,0.0070366531944359738,0.015641939644208156,0,0,0,0,0.11927104174507286,1,1.8735742963523824e-22,0.026200766979993961,0.029711356093816709,0.0078609222503038326,0,0.023838917838235052,0.28226726188439666,6.260420648957898e-30,0,0,0,0,0,0,0.011329387115152615,0,0,0.022235403058697176,0.039043268322506465,0,0,0.01035334869475059,0.0016857983747045357,0,0,0,0,0,0,0,0,2.7776826077319795e-29,0,0,0,0,0,0.039667958354592879,0
F52->seed2:GP215,0,1.5155004477458564e-39,6.3116315748909987e-34,0,0,2.0805191711074246e-33,1.5156006859319717e-23,0.067602203190984408,0,5.4973549658196197e-33,0.0064933616477536853,2.4101572248565009e-37,3.3343178237104673e-32,0,0.060730211101161204,0,0.015658294216738353,3.6466518304976093e-11,0,0,0,0.0042798394782170412,8.4105266763555938e-43,4.1181983306174977e-32,0,0,0,0,2.1003946983709877e-33,0.010170913370963559,0.00052624436035956677,0,0,0,1.2222463323986945e-05,0,0,0,0,0,3.1192632562133909e-16,0.031157021627592887,0,0.042224062853242122,1.2889674228188904e-33,0.0090884724709699195,0.024745772716373796,7.5815561125872855e-11,1.7633374132033648e-25,0,0.021715651103216431,1.2933629169786207e-32,0,0.007392375077682682,0.028094559245584929,0.026762104735829944,0.021771506940060775,0,0,0.053079051763580402,4.2202281882930365e-25,0,0,0.17762517769149086,0,5.6969321762895322e-16,5.9964845527679509e-26,0,1.5952835448504333e-32,0,0,0,0,0.12260958304584624,1,1.3809027369994667e-31,0.033667695350538519,0.25452506979207956,0.026936527590197545,0,0,0.072542061808501784,1.4990551920169116e-25,0,0.063769251695562176,0,0,0,0,0.019410849487661298,0,0,0,0.20068067156985081,0,0,1.105768642620512e-32,4.8298729368213471e-20,0,0.19114833355353622,0,0,0,0,0,2.9818182763497212e-27,1.9935803214472711e-32,0,0,0,0,0,0,0
F143->seed1:GP63,6.3322055564523456e-05,0,8.1538510301937917e-05,0.00075265591782238208,0.00024816066932043874,0.0010754701666308313,0.0030865141891410573,0.0011556695459069672,0,0.001420719812253578,0.0016495058977916532,0.0019721778728738182,0,0.0043621627697694801,0.0020763499502336048,0.10037401063556556,0.036922686614179405,0.0037618545644901246,0.0054656128259404808,0,0.031759209070489215,0.0025974637764034744,0.0058221035990612688,6.2539520007528674e-05,0,0.0018510709741338914,0.010093144654540179,0.036779409064084612,0.0077263853389441155,0.036651273830195619,0.0015625317534436189,0.0018007356146362216,0.0024519408240635389,0.0010459736535461579,0.0025990161742418549,0.00096107520248028128,0,0.00077570458824598122,0.0050193170730432135,0.010231484646266475,0,0.00094961762547307485,0.00073448664149700451,0.0017323556071990377,0.00011105031601497632,0.0096116697132109363,0.003345503215699909,0.001373685961301808,0.0065124337564511688,0.010696090380740699,0.0018534632901763162,0.0022285854514821758,6.4722350568474058e-27,0.0051950914584135265,0.0079844728846667871,0,0.00037164125846567879,0.0012622523688869515,0.0025790341986303296,0,0.0018908975531141084,0.031028383510364025,2.2851432115434513e-30,9.229775139545233e-12,0.078737626205029707,0.0016991645911607301,0.011482710507277396,0.0012368950997582587,0.0013744082439030448,0,0.00038095270460589137,0,0.48353633535034829,0.0016778679723347203,0.0017101829952507893,0.011740944836091125,0.00057554817210611522,0.23311506265076146,0.0016116673604988797,0.015757269390105147,0.0041893020875744778,2.3640198438191318e-22,0.026490284279504808,0,0.02071274496797371,0.00044874691288234028,0,0.026701492469034062,0.0033410563285013418,0.064240572650114472,0.89672705076433734,0.064101143091293722,0.011519071672105134,9.8253215863291742e-34,0.0097599614155222791,0.17586252057806137,0.043855363105161652,1,0.30651212398269712,0.062170856563641838,0.12590045805996672,0.071323799185569511,0,1.7491254773227968e-14,0,0.0089262788133704623,0.015943132335478442,0.014709703434110013,0,0,0,0,0,0
F140->seed4:GP162,0.0014534269000234716,0.0069224235352521096,0.0023398752777417414,0.006909073184339528,0.02278041548589713,0.013369131241080955,0.020344599980652751,2.2095936852982663e-38,1.3834319318077002e-10,0.044780907415920085,0.017194830535356347,0.48421991971642037,0.37906695272597474,0.18428945732469554,0.10724096247308819,0,0.016058123481934694,0.080165775168482278,0.040316844928808875,0.116120404372478,1.6611921954102028e-10,0.031481749471137729,0.051622844150419601,0.0038787388743951171,0.015798844864318051,0.015925079657418729,0,0.0081157287875799674,0.0051910102037985096,0.013418448725668773,0.022411635944786852,0.0067153082474018071,0.0020096340295592953,0.025989383010266789,0.024152495307542501,9.55185549855533e-11,0,0.002966936903225516,1.227650366735332e-40,0.0089646545278934068,0.0039729123532177548,0.14667843749226672,0.046389543337460246,0.034786302898412697,0.01465382299367915,0.053329432638207212,0.020614791045973708,0.032838213514127614,0.0038431853068900948,0.012273213135431485,0.065929361548319743,0.076715429730120896,0.023145207094290837,0.0014500499803902893,0.0027554411884909368,0.0026247578781918271,1,0.21363537036856506,0.01972754575661612,0.023466759103517525,0.010882971647283173,0.0077282034130644909,0,0.060966934953502867,0,0.0057648626982811698,0.0026128686944282176,0.053209081508155461,0.031541252756795347,0,0.026739531301672333,0,0.048568221170538488,0.031265597218795627,0.20792230805167963,0.0042394848082860214,0.019812241708616948,0,0.0039627973420780895,0.019566689138470053,0.036052565272589973,0.014229474857201562,0.0044372388027803045,0.019048940288243998,0.012508645895121418,0.049354730289616296,0.055962187378845354,0.05768410218646397,0.0070528412333345581,0.020941423582495389,1.6885802494595141e-34,8.1661036217598051e-24,0.044836670983552589,3.8091888928799878e-27,0.085298258822682466,0.030213269662390525,0.010931390009771108,0.034843186056783416,0.040977808406754135,0.037494666383706916,0.22700319379568257,0.023507627539982437,0,0.0040273541588709003,0.0089060968577219894,0.0073160324943776743,3.8165020775794637e-35,0,0,0,5.1104765347129372e-05,0.042486873492245725,0.039994414794495475,0
F85->seed1:GP89,0,0.00027213800216504012,0,0,0,0.0080055726943619211,0.0024275464359171527,0,0,0.015862835324974681,0.0057838166632395542,0.029317450016084809,0.064148609139528148,0.0059036439912450766,0.52548976455954932,0.12473334315010175,0.022872897220721087,1.4690111911646362e-23,0,0,0.049765757214582935,0.0043618045399683794,0.072885121481049725,0.00089970585206363503,0.00086658812279016297,0,0,2.9049479480205521e-37,0.026918415698112094,0.083702165083895191,0.30822050252027772,0.0046912927453254451,0.0026073175398166524,0.0051875262050071064,0.007563797976354431,0,0,0.0019246696800935053,0,0.011630849812540098,0.10774572701804762,0.063440652794668081,0.058082865881490593,0.55654969875217586,0,0.13794087104507186,0.0047202548390271326,0.010205965822371071,0.10582270089264975,0.015923413250487201,0.08277002935739132,0.0165906645451161,0.025407750275421647,0.0065845940073055633,0.057199322672167173,0.003405392207869536,0.93225539573227423,0.032884809173551174,0.51189504833542288,0.020297368303406053,0.012102256090884011,0.013368869256649292,2.9187616686618837e-44,0.033901702820151307,0.11721933662092918,0.0074299552412762718,0.0033902127013513816,0.14727274558132319,0.071616667549592075,0,0.0028323741066339416,0,0.025205195026060407,0.078008381029547449,1,0.0082503303186903451,0.0042841073962247671,0.045342502331239265,0.011996554109973979,0.0063465139259227038,0.015591675555512097,0.20307639425718077,4.1835583917486998e-43,0,0.14606146921803406,0.0084148122679250023,0.072606010031881149,9.729205562206278e-44,0,0.11608851105843396,1.1547594081782632e-40,0.042907192670327859,0,0.089375916703990324,0.02529530206337478,0,0,0.0099232604046678198,2.9187616686618837e-44,0.024323013905515695,0,0,0,0,0,0.03796763122497071,0,0,0,0.3671398417145818,0,0.02756148894399835,0.23350093349295067,0
F149->seed3:GP180,0,0,1.2026501716514235e-42,0,0,0,0.00049124013081313907,0,0,0.0017713123543558866,0.02158970210746354,0,0,0.008899554559887236,0.13979157779195969,0,0.022068130034447613,5.6514780423944923e-41,3.9661877348651119e-10,0.00796873950431062,0.012503380864740673,0.0043784578759066438,0.10690276221367025,0.00015098042877509688,0.0013063566514816601,0,0,0,0.012174670173190424,0.016212613101670968,0.2640075549897124,0.0013470612754173513,0,0,0.0021718444341692271,7.4537357589842127e-12,0,0.0019342518973273102,0.018875759686247145,0.011688755504446724,0.0023038745966355322,0.011953110723112481,0.0073316292204098927,0.196539643016274,0.0016884438909429002,0.026654713171356235,0.011067809621064486,0.006850687461237754,0.0050090384538103621,0,0.030503142876893697,0,0.064998581752785375,0.057672844540452205,0.091615230557326663,0.04791284951531731,0.6839098020193376,0.0094424376917212581,0.032132616527757313,0.15640531970303731,0.016210339799517238,0.0033588607402478023,0,0.22712296843786398,0,0.027256849801606722,0.0034068444287915231,0.013875558755669688,0.04112573335994156,0,0.002846475447896746,0,0,0.2320151733385559,1,0.013106455171019299,0.030138048595475704,0.22731192140182466,0.04998109981478209,0,0.1253544078057667,0.35245661830611508,0.0028747009629903476,0,0.024464497522491756,0,0,0,0.0022846197762816461,0.037202933918870786,0,0.021560405353729238,0.029230623619091161,0.051326215143555856,0,0,3.8006182990752403e-06,0.0011080738599291923,0.019952609716650731,0.048888218359813961,0.020348782238480051,0,0,0,0,0.0095391645961691376,0,4.944825245641297e-29,0,0.553451532660312,0,0.16619225213648847,0.182516008691543,0
F53->seed9:GP34,0,0,0,0,0,1.0592865490622916e-15,0,0,0,0.0040259381310999171,0.0019020411249343534,0.0039985203316463451,0.0081657715276883761,0,7.4991275251195301e-25,0.023816832848377375,0.0036129577706553065,1.909414759120581e-12,0,0,0.0422074422581021,0.00031195852544407235,0.090455189827609819,2.8685673670801751e-05,8.273416703774484e-05,0,0,0,0.014097957388895299,0.0088376364466930205,0.10587728357040538,0.00076780860280852763,0,0.00049525803911340289,0.00061896254906452077,0,0,0,0.010758955616079844,0.037750764773972996,0.001750907817869081,0.089298273088631683,0.0010451430931254777,0.1062041481615237,0,0.0083670842619575879,0.0012016545534494665,4.0232305144954561e-16,0.0038067885660741122,0.0030404466833600756,0.0079029198231531598,0.0015837280137351866,0.018962894599126916,0.21118125835158072,0.21167063567035482,0.0025957200523206276,1,0.00089701255609596429,0.001221777671516598,0.48143959005477099,0.018292563036379779,0.0006381700190025456,0,0.0086304958811717642,0,0.021993218233155237,0.009709345020576958,0.003515067073654417,0.0078137237800074057,0,4.7472423644747329e-30,0,0,0.051137130238495046,0.47485546528928407,0.018800809145446479,0.017996337704717643,0.13234038576895291,0.26472426059774146,0.0012118153886623408,0.032738058946346092,0.26263934936948297,0.0021984769354721559,0,0.0356374881268922,0.0038562624339048964,0,0.042870300241707029,0.0013104017248493072,0.03253816346127588,0,0.0081927806302959909,0.0041652758898770067,0.12927242115541199,0.0018112248588741929,0.00074847419534557463,0.0094781270092326488,0.0010526478632678694,0.011420516358741459,0.16719416425489086,0.0038783151583988225,0.029727051811428023,0.30961882888661879,0,0,0.0072496114128965785,0.014646883138524268,0.005973353337186231,0,0,0,0,0.059446813957294529,0
F150->seed4:GP34,0.041959305149438311,0.36438184523657163,0.093847142119136209,0.07716704723655711,0.016637643456261814,0.10909497698939261,0.016431125658998402,0.036701299610547154,0.063678366302451397,0.016454589408142449,0.0064345349453464934,0.18866651658796299,0.030409664588856074,0.23084027885490227,0.025723070108477755,9.2768821559788174e-10,0.016495427511455725,0.0090080660154431644,0.029485532602061704,0.089488222857373984,0.017721008301972006,0.030501755445783794,0.0065367263665360095,0.034301485331789935,0.19880414853696093,0.016078871478252633,0.0088984661301560568,0.0049815798453986416,0.0051053869353213837,0.0088628323541089949,0.0027805904697624849,0.0078661261988481942,0.0018540746114384418,0.021425074775307414,0.0056818925524112062,0.013565087782435875,0,0.00091238964268769646,0.017791661979589757,0.0055131679303671716,0.0097806374212438488,0.0018794353295691897,0.0087441248961060113,0.0010188044833775846,0.12908648882570886,0.0088370067332944162,0.011719175072619136,0.0064531813249145368,0.011803404093089937,0.015055497988488769,0.030064527846817516,0.02359197419310443,0.0032849983513942031,0.00022189377554802828,0.00084735067964575338,0.0016143290017593894,1,0.020037959211892175,2.1481916969026367e-15,0.0016036612838960986,0.0014343416971078764,0.0095039760479185536,0.0099470818063148083,0.0054915328906887878,0,0.005653273364576823,0.0029070161886217191,0.010908546216561541,0.0048497684042081634,0.14877837826170398,0.055046783830444826,0,0.017923977987780348,0.0014792030534882068,0.29047013606751459,0.0013032470731308987,0.0081235227059992792,0.0030706588432031297,0.0016228048510565723,1.979888346794526e-06,0,0,1.2452750459748632e-43,3.223167078506797e-07,0.0038466470070021817,0.0064906728668449997,0,0.023651948484170501,0.0021667315362723025,0.0070253312466213268,0,0,0,0,0.0044952245316232297,0.031425464039062531,0.020169666418949177,0.0031397866899191807,0.0031503618423373869,0.01153032449976725,4.6121297999069006e-45,0,0,0.052013353776137458,0.01095517807732946,0.017155982275954149,0.060606175909305608,0.074097393514801269,0,0,0,0.026131046657827062,3.447846981709262e-36,0.033420891850306687
F200->seed1:GP25,0,0.00061980824122410071,3.291263812427964e-05,0,0,0,7.9520137726213271e-05,0,0,0.0014336674241798328,0.0011429647824436747,0.051782299009724843,0.017393064180326753,0.0067229257102121185,0.074182248234500495,0.040583816948352038,0.031121586402876079,0,5.3697180234002872e-12,0,0.0060720037948465673,0.00053157645992223535,0.00032046342838493316,0.000293281858525157,0.0026785971033430928,4.3652843713289656e-35,0,7.9131572724587773e-21,0.031606779442111974,0.13146847710097526,0.15209053691001104,0.001199324569225719,0.0002120821134142508,0.00042195925573144331,0.0031644544306606379,0.0023276013359835213,7.5214283159244581e-34,0.00031310955197828692,0,0.0037842651251764389,0.013782410753204867,0.0012899504941562591,0.010299176548683913,0.013609060370285602,0.00013447483413373952,0.017329547666824627,0.0010237972460455311,0.00027724095534660895,0.014593627266168852,6.136508430934773e-20,0.014366433461505953,0.001349334065838752,9.1267144156369956e-11,0.026481313356258154,0.16680238909459608,0.0011079935840882349,1,0.0068782822273102959,0.0080575326976300553,0.012227875978032434,0.0050861235173808592,0.001634869632079052,0,0.0091912215841553433,4.7031412580036663e-16,0.0041370033627506743,0.033365605989957012,0.034452987175457209,0.026629126555347365,0,0.0009215538611487546,0,0.0020502187228258373,0.02991121299921716,0.1729110474415966,0.0065990781637728906,0.00069694799433115513,0.035861635614324816,0.018955730272131776,0.0041298601687041652,0.015218904844253962,0.0075083910489990415,0,0,0.023590908385857517,0.003559245570067435,0,0.0081167635479472908,0,0.046689243281383692,0,0.0034901187741392032,0.0070862966722918261,3.9839931421791747e-13,0.001028774041071585,0,0.0034606230854432431,0.0017937112478834422,0.0032433785657012089,0.059353467419178282,0.0033012632711210215,0,0,0.00085003698930776329,0.0018797730372795876,0.029339287393151232,0.0041597077069129964,0.0050892887385047452,0,0.21009844505623737,0,0.0044837644320819643,0.016882868141743911,0
F107->seed2:GP23,7.5680798648864524e-05,0.00021811787080499656,9.7457701017003952e-05,7.4116172981308345e-10,1.0380268828020195e-17,0.0014996101460383942,1.3877143575828142e-11,0.0013827633872329295,0,0.0056523595865723393,0.0030437498127354398,0.0058919549645252579,0.036962168762774805,0.0018986333147300281,0.1022955331102957,0.060083281529329798,0.029600985188892495,0.0033745831401065093,0.00093319308109509171,0.0025463165596047123,0.030351277540309564,0.00078703875860100861,0.00060300464678553103,0.0002174381727015558,0.00034785827299443992,0,0,4.1553595843540653e-43,0.046457177910345898,0.048236509133027336,0.22546543698433122,0.0010607681660214248,0,0.00083293376791104487,0.0031198642840813769,0.0011486319947003856,0,3.8129201502040637e-23,0.0030157629972852379,0.0055850055817726809,0.0022088576207279585,1.0341584929754271e-25,0.0028269954778752564,0.012348311800811931,0.00079460660570327161,0.060920669280335779,0.0084450052374714576,0.0024625993423846647,0.013265673039998899,0.0051073602759558676,0.065792537830253059,0.0035395079560607903,0.0033379372426352266,0.2493436484563292,0.27208440053954691,0.0021651093389144708,1,0.00075430483536699652,0.028095203162247392,0.24219949181514447,0.012317516837095251,4.3282364463339839e-21,0,4.7457268297227681e-38,0,0.039040910827326782,0.0079696766227311863,0.019237129406364396,0.011498587630769243,0,4.8288429257518166e-30,0,0,0.044944072452974687,0.13901347139458273,0.01131555966273102,0.040641763107199191,0.15581922961070499,0.26428482184301944,5.8344586911485879e-13,0.039432248845926984,0.016303431480323108,0.0004621820568011411,0,0.011726010773253994,0.00027022404917796211,0,0.040057638274198552,0.00036730901131591898,0.0079631249016421709,0,0.0051670287401227805,3.4261345935966162e-30,0.00205008570507251,0.00050769102383279934,0,0.001138604455913931,0.001239251639109707,0.0021341055137028917,0.070707489335800761,3.0543178607009119e-16,0,0,0.00083897169284694213,2.4227772505122883e-37,0.036578043261167446,0.006158338820959521,0.012557598204659707,0,0,0,0.0088507945344336696,0.0083315479867329678,0.01132003839052363
F8->seed8:GP45,0,6.0429795369915581e-30,1.9578074382440424e-05,0,0,1.9467878468890025e-26,6.2416816527518552e-05,0,0,1.3303599817241259e-13,0.00031652075398404505,0,0,0.0015076989983837477,0.088591774865201645,0.03185497502186619,0.044009564408971046,0,0,0,0.019071021614139556,6.954074008147019e-05,0.0015092255907013434,0.00013422981125452607,0.00060849272824372083,2.4847190755201417e-09,0,0,0.058827080907889594,0.1145414465403906,0.086142916049485693,0.00068463908595881322,1.0663458536886741e-36,0.00033120340907146926,0.000827839035897319,3.8967529885796411e-14,0,0.00024576537416550354,6.9174541792160496e-24,0.0089125374040275283,1.0138329663262782e-11,0.00050625263664221844,0.0038920348145043116,0.012984319891755063,9.7671657249512735e-32,0.00078811421658600566,0.00045646849577720441,0,5.0517968623931207e-32,6.9544255915014132e-35,0.0074955103861636275,0,0.00029495346322213869,0.091466310431976311,0.39392390416841577,0.0026090528638868155,1,2.3091215766915791e-06,0.0048712537163012794,0.068025993513995256,0.0086060766051926276,0.00085355133290281157,0,0.0057716328461493724,0,0.0051419438283349921,0.0189359117338435,0.048776989970171693,0.0078381165627526648,0,0.00036167093927406339,0,0,0.011296399265908863,0.1300313519176319,0.0044838158168853514,0.001094094277983392,0.028122300269999866,0.083397112168867651,0,0.0039818718156160726,0.0070722175690227391,0,1.6333858236100347e-35,0.0062169519256226541,1.0289267006226614e-19,0,0.0031854975021866189,0.0002921100359493359,0.0041001453256750775,0,0,0,0.001630372766686317,2.2189816921105554e-38,1.4102130094462994e-24,0.0099605663861242703,0.00056317826780546379,0.00084859562265306469,0.13273702808677668,0,0,0,0,0,0.031562609236979268,0.0049108169066570924,0.0039946751644984596,0,0,0,0.0035193881386187073,0.0033129172730703067,0.018004986097984194
F93->seed7:GP3,0.0038812378460127148,0.0090156798275261071,0.0053452014912722815,0.0035122944801327487,0.0024539142173581,0.00078121866029970833,0.0010143369409489659,0.025410414782162827,0.0033592261665277789,0.0049748833921506308,0.018954189212577861,0.0016085486356205673,0.003558340677063003,0.0064614648073309184,0.0049841560010562671,0.082771291243818684,0.028672852183714615,0.0010540672335383749,0.029416909753158395,0.0013159823789345082,0.062623404206058775,0.0028966343402243772,0.00065561755248263933,0.0020365551785153694,0.0073897283740181081,9.7960459945493154e-05,0,0.03208661547993992,0.088527795241004126,0.058744305607522487,0.0038765298177551549,0.084615260073268375,0.0026033620169187226,0.0067742782245719287,0.0014385136755276598,0.017002589342684518,0.0063492334052892016,0.00064060933824509176,0.0072323036892749919,0.077495806262184344,0.0003816557383658079,0,0.0019813739917179242,0.0021813535593383339,0.0023419499581557169,0.011234743917683738,0.033315705683714864,0.0013603941959737203,1.4996016333598911e-19,0.0052996646466890234,0.014474237796955575,0.0013802621756015692,4.9380949088889108e-43,0.24148759056749397,0.22772513624689569,0.011964034964302431,1,0.0015630413062734368,0.0021195108015564226,0.028150474599492169,0.06947794622527978,0.0044484259701049354,0.008330339444644036,0.0037854245571621722,0.058518442003532435,0.047415137219943233,0.12582554018305922,0.056647109652097447,0.015264719934732955,0.10445467970302136,0.0084678694354753704,0,0.0041920225967223036,0.015492762776672959,0.12227097642003015,0.098159782503633553,0.046087547403687312,0.060973167363693612,0.25811401041144694,0.0037235534660488164,0.013007850275667122,0.0030721964047107156,0.0033011669608745834,0.0027418247410212078,0.012134763362444349,0.0030853879181169958,1.4872109008526067e-30,0.13451491960376727,0.0011522410612791673,0.037078715337609452,5.3029177988530986e-34,4.2278812609983917e-28,1.4738540826954421e-06,0.0021247343345415209,5.9736409350906035e-26,1.4640355309690598e-08,0.010748028607274284,0.0059636831452782669,0.0023249818545250192,0.16544683849402028,0.0016900288206647452,0,0,0.00086952079917480384,0.017300147608561588,0.024512499127738153,0.036177385111983845,0.048359989061715014,0,0.030548063772986227,5.3363805966222461e-42,8.6476274234915056e-15,0,0.011731780655976527
F131->seed5:GP39,0.00073884456606725178,0.0067235373079601712,0.0024500015949171674,0.00088077678186281678,0.00047425717513516891,0.00068756759195259495,0.0049710108505075018,0.004417175177133849,0.0026601837009856788,0.0092740104413244467,0.0060794100889738963,0.019704351066422571,0.0054899179628064322,0.048389007516143945,0.047519956260551964,0.25619616327125833,0.047672216520459269,0.0024393649836672738,0.013925486319220186,0.044731648879322773,0.14529346438415078,0.00042901403369738995,1.2674092327893888e-25,0.003201899003050626,0.024408160210715908,0.0094928520608540453,4.5074017770199885e-37,0.23106579159460919,0.11112790069158955,0.20588227433039893,0.143360996799,0.0092026683101599071,0.020092421765441165,0.0013319180493840811,0.0062899561409019526,0.033083413018825489,6.2465024540617007e-19,0.0037324528824374693,0.086799963440551825,0.076363035320458572,0.0029598602687698956,5.5542494525887077e-34,0.0030412767310677652,0.0038758590414954982,0.0044470801862653425,0.053146204545516433,0.015369574780595228,0.012650651416877202,0.0025593344781599634,0.0080041940950995785,0.050654119618587741,0,3.2624236740961495e-39,0.063282229123177491,0.24071209292174764,0.013114908448881982,1,0.060353256792130237,0.022502385319148419,0.058791979012938367,0.043261754733113403,0.012538858089765835,0.037711143240372606,0.0029011760596963131,0,0.013701714819468242,0.11995637046011574,0.089460859795989986,0.12923455191582775,0.080578120379252077,0.0065373126812251171,0,0.0032356380581657425,0.0032045038262649862,0.067912379821992261,0.067923705357525344,0.024662480181874013,0.028264969671469794,0.075475317164328704,0.0095906068696042426,0.0080029271538507064,0.0071098085107727596,0.008129481395634703,0,0.031250339872227278,0.020590551740674111,2.9725173415705824e-17,0.025619617825873364,0.014552091680784661,0.11810434565094814,8.021446677547741e-40,0.016867603165724485,2.0410468481751511e-38,0.0032780930795657339,0.033479766795882854,0.0026291743647127684,0.040509659590221944,0.010828400226640602,0.013649797455511366,0.12524278773336092,0.0077716619164279891,0,0,0.004024563023295508,0.0029666421013619447,0.056050899664422928,0.13786131274746977,0.24482545548748552,0.030838426597852839,0,0,0,0.0066610999852698095,0
F197->seed9:GP90,0.040614175897383406,0.083275602548634309,0.043061636744097853,0.039630617172908764,0.023872070236790749,0.012257055646077456,0.14504689332753845,0.12878772064363589,0.021380989282244304,0.16517570105063206,0.038899663885006056,0.16574326721225924,0.3105653343446429,0.0684345297326686,0.039443173408823563,0.085952836505142405,0.16100000167805789,0.034855700782142784,0.13877212477367196,0.0047128128109651009,0.077244326905812288,0.054428545778258085,1.6455478607279079e-18,0.029673580824496958,0.052396102207149534,0.020565358508676398,0.012957975725214666,0.029057279163387462,0.034976065189192634,0.043500408607094497,0.038048398545459425,0.12559557126963536,0.043587953558070033,0.03462598271264769,0.027173818269687396,0.043052115443670116,0.20899553133185778,0.048683003119509606,0.077746958939601665,0.029834294468953412,0.0033913331666462505,6.7889684474776275e-24,0.040451451268360049,0.007310474605111029,0.059519209567614827,0.11629429107927648,0.099449690985640868,0.11985535141049154,0.017193391136833876,0.041286761633555789,0.16822011420861951,0.078296234270304924,0.0015935972023418976,0.141495384501793,0.076878141114599619,0.20041970241321502,1,0.25846262377774459,0.15921653491115523,0.041878068958110644,0.066481297205865819,0.06922004876436208,0.2261091710897476,0.56922508965024232,0.56608155025699458,0.13741903958035129,0.05180948673243535,0.062414040645918038,0.043876761415408264,0.21652359433286295,0.092030030523872888,0,0.085001874390655235,0.1246348495705011,0.087683464585427418,0.10365126601076978,0.038423153171445498,0.16036719933817398,0.12594072763945921,0.036656420668974558,0.051028810575792005,4.1839272259857328e-28,0.093499505811953473,0.033436920965151773,0.0055972939638579888,0.100183814460496,0.050091278965376629,0.11953433222525579,0.062147484507330597,0.079495166354268218,1.5291191035143564e-28,0.022201386411422875,0.040083909606377963,2.2731021752664338e-32,0.10514714721769612,0.044027849048625084,0.037003906183139881,0.025497409582046125,0.090025785037429085,0.064798305832761402,0.027892503612019594,0,0,0.013915901108692843,0.040515788007591536,0.073424906070710005,0.10604602912772873,0.16199631162877332,6.0249419811486981e-34,1.4980902023234389e-29,5.9140176565250438e-33,0.019014820271610448,0,4.8596556289612656e-42
F196->seed9:GP218,0.0017283805608903613,0.014540294130634455,0.004239239732984219,0.0093914519265461561,0.0058059125808360189,0.014023886896380873,0.042478747385279188,0.042189075684901621,4.5356062562237424e-25,0.14222695990763451,0.019911365841719011,0.26905711158193041,0.24643016172076043,0.021648279883410455,0.24288913975149926,0,0.050957891043238494,0.016590571017964132,0.023773586205780219,4.6449706253039366e-18,0.026069685482463315,0.073603634194365095,0.0082553127918199281,0.0037775506654335288,0.014526765652882993,0.0078169072415723347,0.039356166370267426,2.49400759380611e-12,0.019757090025251122,0.041779374420845179,0.030658621177384479,0.0098302306515756048,0.006832748709830503,0.01089998891382429,0.029614237373247483,8.2728542490816191e-09,0.079947044857341637,0.024195517327888345,1.728771369989963e-19,0.085292954537587229,0.0072054117906758782,0.0083111796355555302,0.046510727108382478,0.013509937254039494,0.0095263996133742104,0.094236489289078504,0.049449776667991385,0.071418793192101412,0.031331703718508831,8.5885504309480687e-14,0.063599390133939684,0.13034843250894021,0.016940345162107493,0.038435598921163022,0.029963619077371679,0.17125511614369399,1,0.22640722976855499,0.13407757085621769,0.081517625490392029,0.070798030550466753,0.035016308787871639,0.16121599079117582,0.31964888870568231,0.36843061014209344,0.021941184881816025,0.05505346643594048,0.014465346241572375,0.095439547295872174,0,0.050455221248305017,0,1.1382681982795349e-12,0.38903027602375784,0.25882321366094102,0.05480402442448825,0.035907520704218023,0.11536963915211591,0.039501751424129157,0.06648348483964453,0.2123593245236767,2.8404196992086908e-23,0.045236306177584881,0.069048244476146811,0.085048846652421406,0.063476370890842113,0.22820703104916121,0.026136531778610337,0.021570472788494485,0.10843879165006697,0.11852613106208214,0.044953683107681344,0.34282220681275055,0.040130895972978274,0.052314573518000729,0.020534342456656581,0.022318369687141924,0.0034844596402656262,0.020887800440356437,0.025483118127381424,0.19152239042575198,0,0,1.512584623829015e-19,5.4152339547993087e-20,0.059667788413140146,0.039565749726994261,0.015631901210635665,1.7367254666172989e-40,6.0259562478917819e-30,0,0.028876054639230198,0.054363984998638794,5.1577831089820004e-42
F75->seed4:GP98,0.005038967062997184,0.029113092690071379,0.01184141755828569,0.030088391026588876,0.02520612222449204,0.031037918192246647,0.029152643069094264,0.0033479549197623342,0.004032520294418398,0.017831181412798609,0.015139465920314978,0.26710506939681034,0.2246170911784858,0.2248869766035558,0.051978562142089423,0.09709069380906879,0.015898050520355381,0.031941260966047824,0.040698934146630998,0.38984719619240987,0.0096842376498782346,0.074383047219441736,0.024599290668022751,0.013089346937855923,0.052450580485589295,0.031413508584363377,0.051169420835912124,3.7256176835821996e-15,0.003669632976647858,0.0080728215437294842,4.4765743048249372e-09,0.0070522559146181342,0.0010162856306032465,0.033313475471097267,0.0080075242276837124,0.011136873657080984,0,0.0014981304920169386,0,0.011330615609506555,0.013674768656788475,0.049375950302459108,0.050766624175410571,0.017182113307954699,0.034139324871811524,0.046273163430155716,0.012858550691601517,0.031538714216988638,0.01551855999512294,0.018591836112619942,0.0623576721203528,0.029338752877531463,0.0089898011519024233,0.001746925208889047,0.003478403391525465,0.014578896379710901,1,0.1848582064953877,0.0074709711766909864,0.0095588033104178419,0.0063522906939605306,0.0052030736835488789,0.016333015327333816,0.01319350889107288,0,0.0081506988716687698,0.0046177280740101372,0.019767699741246994,0.01995055539978163,0,0.036384038913483498,0,0.044143615018238797,0.011656119204728777,0.082249513477326508,0.0029419427320356742,0.008336717424564136,1.1236775756166707e-39,0.0026679845077624957,0.011115079107384485,0.0060681682684033738,0.0035927908879258884,0.0085907834553323997,0.0064124250667992461,8.7043163303306734e-26,0.036680509614869426,7.1027861149959928e-41,0.0097090693809068797,0.0098591328716661191,0.01922520485638517,0,0.0041747929852887361,0.0056542198777667987,4.562973991602597e-08,0.075992431469833324,0.023230000505502689,0.013799332850044992,0.02689500481931497,0.054311886829496586,7.6587709165937591e-10,0.010370712575146194,0.011870021816132958,0,0.002033585977393238,0.008994149989653288,0.025859210117021029,0.00036751315963604562,0.024350719659756929,0.025927585130344908,0,1.3232266747900508e-09,0.010726733765364583,0.030304784043381598,0.027438674666609614
F139->seed8:GP81,1.9872635605180346e-39,0.00021016844844603698,0.0002393041834765393,0.00044178808071500828,0.0007283170384498385,0.0021029071089985582,0.002317572811027558,0.0033917300988817543,0,0.069720033864612896,0.0081949915817973486,0.0016513327382347515,0,0.0011638488736026723,0.0060937978426845261,0.081381747556726489,0.0039172154449947467,0,0,0.015631808645756889,0.044105320940859297,0.0033029379124468565,0.0046600868250621149,0.00053323949086464854,0.00085420098808869393,0.0029417529041744234,0.014810987662892891,0,0.0074352266393437902,0.0048303313077732481,0.036685667880519447,0.00021254507449792873,0.00051400854901181544,0,0.0038343441953529378,0,0.045052394632451184,0.01305487348528934,1.6947688993348682e-39,0.33014713921125527,0.013558124342357886,0,0.012126451415903709,0.021331919622563776,0.00065183445467347379,0.0086387188987786401,0.041311022379107977,0.0026877182470344489,0.01965184201168383,0.018834923821883183,3.8360458652987837e-44,0.0098108587717518174,0.0063751952067839703,0.014093713833280076,0.01409544120473322,0.0026853663673144343,0.067624348303758061,0.003703871068964049,0.0025228845070163195,0.14780543268487537,0.23736419918131108,0.0091700315821656095,0,0.22933217126717254,0.13865148410860459,0.0058993387040532815,0.1496883404536738,0.0018145912443787544,0.0040336969776945441,0,0.012284722065050898,0,0.03004862188134266,0.6991037462440316,0.47048935669894443,0.16059487097651534,0.018619279352751653,0.0082347007941765745,0.037864657396989701,0.028778863847607708,1,0.61609934745023776,0.0046223658352548729,0.035697260794728965,0.20147231276356031,0.026540285578270487,0.43078741362663231,0.0098360151769318616,0.0036078494704914091,0.05156437402828163,0.022302592284714394,0.1000265531094796,0.11757313709145632,0.42143655314400402,0.0062334318302043343,0.015455459479655721,0.027959517824378916,0.0043764058628590584,0.0026202498723555739,0.14383683609074704,0.0080084465893908007,0,0,5.7159166365856733e-36,0,0.018712419697174867,0.013382157246424902,0.043170933052943956,0.047358590882256024,0,0,0,0,0.05372826448462148
F49->seed5:GP2,0.00099551332511147394,0.0092091054505675386,0.059064174665473465,0.010636776836199496,0.049838596526826429,0.0030690962181337059,0.03573714486536133,0.17406034099728787,0.062125984228472597,0.048529461132020522,0.041789758324483346,0.01123983171546916,0,0.010758215120482664,4.4236000807464961e-11,0,0.026465285944350565,0.0064152431093189985,0.015835792630106746,0.012159656949733963,0.023850246431980627,0.19771656905571061,0.0083072836860745725,0.024660066873973697,0.026570071755764826,0.017797004472090684,0.0072007236002075651,0.024220612796081679,0.01602321006711269,0.020314728566743722,0.034888719183320503,0.035986271752840526,0.021207139977602249,0.005966187703078483,0.0092167209402878765,0.67646533555301647,0.080887836223666007,0.077256649724623414,2.4543799453871993e-36,0.022284453330405053,6.0690260946058893e-05,0,0.20880248335759807,0.02087669739967039,0.063815733720375425,0.02286484674726794,0.10315848678201341,0.033911794001543913,0.0038216953392322638,0.097674409149598546,0.012625707613535214,0.30691757038984807,0.002656677221998258,0.0043241237020806393,0.011652241237468403,0.012859006352594824,0.015911507763271323,0.020386912532685771,0.0036796235798866625,0.023675042051736841,0.015153198274424098,0.030678131440734131,0.0053631246178640728,1,0.044939453555695535,0.46335169127505166,0.0075130235803044206,0.007910693360555188,0.0078443210684796538,0,0.032576201894886921,0,0.033821334650660992,0.042122774212087565,0.022443289834863565,0.01847308330764624,0.44889790432107146,0.020419792261286828,0.0098526167564198085,0.022915727334658419,0.10804454500125177,0.0070777511772546729,0.038654535395820457,0.025266733114925898,0.015554523430061031,0.033641191783671004,0.02783563283798272,0,0.02114282066370278,0.024985637731709771,0,0.0082248620580688461,0.081636617491672447,3.5887755656208516e-20,0.013334298402168279,0.050980479847840897,0.012940756958118948,0.035512527642843864,0.015286781356929055,0.0093249372096028058,0.073976535921597725,0,0,0.012501082811708778,0.1318430604115684,0.010916985604385733,0.019605649524398361,0.0059967440303243975,3.821017229798381e-14,0,0,0.14793107991128029,0.0099465994415780003,9.3897761090035917e-21
F121->seed5:GP13,0,0,0.0011066345461397359,0,6.7409538705173448e-44,0.00048654289187346789,0.0022371375681803133,0,0,0.0083554495751460602,0.0016571794245368305,0,0,0,0.0028180068049574536,0,0.0069907878124405498,0,0,0.0014457499385686229,0,0.4368828168899353,0.0071833781062758924,0.00038768978357351584,0,0,0,0,0.0017191674623948791,0.00058782398532146647,0.0031809958176993464,0.00048878839230449866,0,0,0,0,0,0,0,0,0,0,0.51571454714165466,0.028598608553589266,4.5297175306168796e-37,0.0004205132619042939,0.00086057660274515755,0.00031072609581478297,0,0.0029033309607540956,0,0.57576637017586296,0,0,0,0,0,0,0,0,0,0,0,0.43008846756902253,0.021372712235562134,0.0054227763065547397,0,0.00083913682156645428,0,0,0.0005164294430389753,0,0,1,0.12942632140967394,0.00012535758986347863,0.042961885369582731,0,0,0,0.96364319747993332,0.023561334981342812,0,0.0030041240091418686,0,0.0015292701796308099,0,0,0,0,0,0,0.78089710884745933,0.051215977607544642,0,0,0,0,0,0,0.66105848870226769,0.02780462884982084,0,0.0019054084872582842,0.0021068115139181894,0,0,0,0,0,0,0.32161997397140313,0.02838296366533619,0.1306483516842202
F146->seed0:GP111,0.00094257924590015097,0.006612169766915677,0.0082204913940493746,0.0076201280969431561,0.013290886404666802,0.014238617097223018,0.015992805080636739,0.011603559237337651,3.9172791516297589e-22,0.034041321412076997,0.0051937082795539893,0.16391436290552883,0.1482803179881694,0.022042423609153233,0.03968560049646478,1.6516201381230269e-26,0.045662112630840739,0.064856019415651264,0.016078265962484579,0.0015971852525941584,0.0035813070445309073,0.10762874912870392,0.014085382689596675,0.0047628146443444222,0.010232127364422911,0.020524706132823822,0,0.015156081619379445,0.015910982154887145,0.032923161018093353,0.035728557280430936,0.012743011336504134,0.0045031645597094321,0.014932602732421495,0.06663575850950558,0.028829555819563316,0.043943821108003801,0.050827063693609828,0.016219587814252964,0.015065892514836714,0.013178369379578374,0.040760956794216284,0.11166562573699067,0.057969752201418534,0.0082568790767197902,0.042902682321883052,0.059994816682720067,0.02006262213513408,0.017062698563018543,0.01375081311399436,0.018862472740884574,0.12163053360358204,0.0079788694963206369,0.01425842141327285,0.012134501426238424,0.033335468310391761,0.010915945486446121,0.036191347864974868,0.031318595531620912,0.052534029662588952,0.018485678789536903,0.027811280985394881,0.0080534349937153547,1,0,0.15769199607369597,0.0063428783984748249,0.010601008831271456,0.015127989540834209,0,0.0032612310412146817,0,0.01813848503017473,0.092936419533690209,0.081391812548752884,0.013167597500794175,0.18441964504134681,0.063392603265092204,0.014647271870396454,0.02266981840437789,0.11220281098342356,0.034338726423544963,0.081420227254351635,0.011858399042223338,0.0023357648360204592,0.015740237387977769,0,6.5759179124752576e-28,0.012313626374851243,0.034895910626480967,0.016282561702493998,0.012350968775946517,0.071197237349021669,0.011025913981858333,0.011836055158359894,0.0090268557055824261,0.012219419275224486,0.040796154509568652,0.021764350175483071,0.028005820617733906,0.1507345128582144,0.035117016580257975,0,2.5780364967933479e-13,0.023858503055841113,0.037539032762413209,0.0073602679686535335,5.4503331754458521e-22,1.8134903925892343e-11,0,0,0.090877493214679764,0.014936437569438681,0
F175->seed7:GP254,0,2.6371582728563327e-34,0,0,0,0,4.4918483315735204e-31,1.1136408966058219e-36,0,2.1525000664046274e-43,0,6.4575001992138819e-43,0,0,0,0,9.1515865023264438e-31,8.7311186461050115e-30,0,0,0,0.012048698764202356,0.04358169897949541,0,1.1408250351944525e-41,0,0,0,7.3179104407575381e-15,1.7515433317851118e-15,4.4439530525959515e-27,0,0,0,0,0,2.152500066404627e-42,2.2672971999461191e-21,0,0,0,0,0.22192803047147971,0.19019223676743052,0,0,9.7005816442629443e-12,2.1525000664046274e-43,0,0,2.5356138669736881e-30,8.6100002656185098e-43,0.051103989301558066,0,0,0.075341269199278152,0,0,0,0,0,0,0,1,0,0.033095017853481304,0,0.10182119586618389,5.8117501792924941e-42,0,0,0,0,0.34517321017359354,0.11260791182395409,5.2536988238266093e-28,0.18956408128305191,0,0,0,0,1.1440030508674942e-27,2.1996273333585033e-27,0,0,0,0,0,0,9.4371263986353492e-27,0,0,0,0.28248033271451828,2.1525000664046274e-43,0,0,0,0,0,0,0,0,0,0,0,0,0,0,0,0,0,0,0
F89->seed5:GP66,0.0011825586904013106,0.0072301927767732879,0.028010641983230673,0.029144480937616984,0.065806527645449614,0.011381414232701809,0.033226560698252673,0.081571695349467108,0.025995511626185804,0.060041805175929136,0.027690429040068569,0.025186754390881128,0.019263133978285444,0.046900103634187527,0.031002839932144699,0,0.03395100995001462,0.040822047387401077,0.014581712930371377,0.0039787751052208237,0.031214560652166993,0.18729228492586356,0.029669308912090988,0.0093832462359621765,0.012104560001890294,0.020180757394651756,1.8551437375131738e-42,0.010567007108324969,0.012843711755967753,0.019498249037229218,0.051755200309633251,0.023684706507473202,0.011831834344647041,0.014316549424837094,0.027108631554198414,0.090364852095248152,0.057411636086412206,0.056100762229742175,0,0.023344215866868637,0.0084508402531822055,0.026176322234171084,0.18496075980438584,0.067773263160731415,0.041473500638657644,0.038354471882562767,0.10348799731765744,0.083148591936139313,0.017511169429886991,0.057079418898681226,0.01938383890556674,0.18870793534804547,0.01622682852242488,0.0037760401156281798,0.0099432643343539233,0.075900154797099023,0.011086101224062894,0.12022788683310756,0.059398260695343028,0.030568252983803425,0.018220972810036991,0.036895586847382401,0.045625766345232091,1,0,0.15162246477521418,0.011056698660410471,0.071112741576329297,0.0051334985843300507,0,0.020913106629561189,0,0.050590228625961429,0.090834057002122867,0.071515136898867529,0.021583806508898733,0.2151921479772001,0.032503043412120958,0.006019636794100721,0.036682342956712466,0.10170744500426389,0.064799985236961413,0.060663373526161531,0.070273728411252956,0.03257352178729625,0.046441819665578123,0,0,0.037659613149805593,0.064150196733111411,0.028383472172941578,0.0053825491901125918,0.13845740795020872,0.025627074221567042,0.044409700097463388,0.021636394951900027,0.010674833920697879,0.0728334264485304,0.023281638939427998,0,0.2038394347709005,3.7472819703266825e-29,0,0.01310689318687722,0.052182439912382542,0.047628852913854741,0.00055422148697776966,0.0078488055901143883,4.9617981966831203e-28,0,0,0.22127840103013205,0.039055657631856297,0.10612950231180202
F94->seed1:GP126,6.7201464533124551e-11,0.0027846533850454502,0.0063841894478454944,0.0024789471186055408,0.0093602941128442113,0.041802161309840942,0.046964921444423671,0.096255129970129735,0,0.10254347887145775,0.037327327203097505,0.060709050106654609,0.047852555149152071,0.013209764802477235,0.24152046337981342,0,0.070503536682892567,0.067895961625678805,0.013006517938810717,0,0.013921587689421609,0.15043406476526736,0.30490293309423777,0.0021788298497037689,0.0035373197502298675,0.015412679411513036,2.1224057848013323e-14,0.023563757508116397,0.052703139632076991,0.043038708099936797,0.06620743967324956,0.028414400777902585,0.0043429083340826846,0.029022588960306461,0.042321694550871647,0.040023736828204981,0.042691987546765495,0.034704224793990157,0.021016323587270076,0.05205717000485318,0.025651405234599856,0.0043979223852311728,0.10611994087348132,0.1827208649593946,0.02625353292706532,0.063474253423191587,0.17226368389390237,0.034324133987885114,0.11154158092675528,0.20085847324424877,0.037049766126270256,0.25914554821252017,0.2004103976103794,0.0063152602200413997,0.010006390349548856,0.16385047844884554,0.071193466907242833,0.031573998614807371,0.082271145470700954,0.02651977644445306,0.066245806809391003,0.02815531401655133,0.13304798118297889,1,0.65581060223220244,0.19767111494507891,0.026743759829108774,0.0566022108649877,0.045343105161203372,0,0.027416098629547626,0,0.07050813403317277,0.12911761138967132,0.29721735658128712,0.059548342722175698,0.15563248892901879,0.028991829279471217,0.00767056953364383,0.0071014064647693604,0.10467767055102667,0.16525928924942895,0.048312664671251893,0.078772565173400561,0.027238839913143503,0.011298865217621341,0.24372662541861145,0.027913989596467393,0.017917984925742397,0.035265369334987785,0.12658669548819548,1.4860012153639246e-41,0.13049788334640069,0.32859380956932532,0.080688575949249969,0.052633952939593456,0.031738931685965817,0.10180018432946944,0.022308309653477579,0.027218477886233491,0.44318556856583791,0.1706341120995771,0,4.6546191340782429e-18,0.051717375414855618,0.074346527427445588,0.014305458272977009,1.8506974843360231e-43,0,0,0,0.15245259329529315,0.20321383415965161,0.078887362849708348
F148->seed3:GP0,0.0050475694388284788,0.023471479592054294,0.045587173963056789,0.011035831037182437,0.024244804315796249,0.007119156372755407,0.015678985997823594,0.091341159698358473,0.036113225218641298,0.017763646616549122,0.019314432545142073,0.015507203685608423,0.012385786675207129,0.001213296709132473,0.0044761976037977326,0,0.011174897202714982,0.0018360083235317325,0.0056108454552235964,0.0045929404844713547,0.046652725485511956,0.19393510342038708,0.0094198354187716559,0.01770473463468682,0.038275190319927883,0.024758791210514896,0.0036264659500260107,0.0060990614339391661,0.010460548330207585,0.011210711577505304,0.034613996901546464,0.019152260694940471,0.006043147931253187,0.0025014161624414537,0.0010431536043562517,0.11602443101171357,0.014733420605194987,0.0089200247069274024,0.0036264689556435282,0.013450515973420046,0.0044262714790585574,1.1591364958553567e-21,0.1885730817684069,0.025778683645850866,0.042449181535597409,0.011078822638754473,0.072843126133012123,0.01089592893427772,0.0067364633045190418,0.086088602636381156,0.0026637989694225941,0.26090986091072876,0.0057978671875101263,0.025041405668703592,0.031717410037594075,0.010521372636215666,0.0069438843507508303,0.0054427747049408757,0.0050493446316750039,0.067274763202893467,0.021790266769781887,0.017423378778833754,0.0054045355482179669,0.99500511452783447,0,0.89198454969828944,0.0058763983377206896,1.9579471654894695e-14,0,1.7434238450628215e-32,0.013671846453971513,0.10991980392553559,0.017035278416831546,0.065589355665672616,0.075866884431169873,0.013001642025205372,1,0.072539038416168808,0.036723827688473681,0.017171998322189162,0.1053651850644178,0.030298149931585569,0.022293893676618434,0.017560912079432157,0.0094003888855795775,0.012997605105176606,0.0140187381091431,0.0048165518530167368,0.012424104165836598,0.011780248107339167,7.2942899485030643e-33,0.0020711257594890208,0.081449447025549793,0.014792161642560954,0.006232525504120485,0.030273625971150242,0.015060947442400769,0.011108446756415532,0.0038494078172692748,0.060443708418807918,0.12023539883689741,0.0058887489836551322,0,0.023204009689134053,0.10039536456384084,0.018781258539593365,0.0049340885924172816,0.0030345148397011188,0.023191493170682836,0,0,0.21861571288372786,0.03004692914837161,0.040837193720295692
F65->seed5:GP138,0.00013117007354618662,0.0040019547407499226,0.0015084971223376484,0.0069837193564550272,0.039068461900398109,0.021534174741519949,0.012514894893831389,0.0095757636406632214,7.7977358299300825e-43,0.13040976722729677,0.020601706328712797,0.065270184236129736,0.083309141399430409,0.0044812456059893976,0.047312171902819201,0.20827286703631184,0.065637159763531489,0.1040007908203754,0.0064696482067725606,0.0044132796740806342,0.069246731679206128,0.011517125858542898,0.09977193788735185,0.0012740158485731686,0.00087964254312540503,0.011499714164245984,3.1165602302801352e-20,0.0058604917912855863,0.085902684581748143,0.016255454150694168,0.38136671457400617,0.0067143373665497384,0.0021767765123965862,0.0028872806419745945,0.02946974746545156,0.0079633743597124773,0.14865381567311328,0.021047079967243011,7.0173925790139424e-06,0.090629119702230462,0.022518388171181312,0.064643387067855843,0.0098826911870801906,0.093128651431948595,0.0077962612997450192,0.05025179376353333,0.030283387048361504,0.034146680501149655,0.10770181284903328,0.053176053001643644,0.035317821903937417,0.03693159040941308,0.043711589043726289,0.15450848569648862,0.088079482104710699,0.10959782690098646,0.18702967942804039,0.0078441729713256136,0.0053420858585948834,0.7072900003406094,0.28121292589513813,0.018602181124183329,0.023357706131386755,1,3.4040450971221539e-26,0.34801804027844629,0.0089351016648761654,0.015369236600037721,0.028470528267902476,0,0.0060279135116296451,0,1.1733832518388712e-19,0.30913623343042057,0.44493387871997347,0.073720896507854405,0.31474787943552407,0.16584152542340758,0.23066731452855185,0.015895500376105376,0.26901911360429276,0.41947703293335825,0.068793379982204916,0.016724318468412047,0.19792787083527127,0.0037468010194889783,0.040411150783897176,0.055539118939243667,0.017825317612881298,0.050866461120516231,0,0.065673689989856981,0.024282934563079592,0.020066665226251574,0.001759861685494679,9.21083718495455e-26,0.02762794338128995,0.0012273559301970514,0.0074001536478864151,0.1489150939743592,0.005652499642739151,0.01697521711685324,0,0.011632856171466577,1.1534150915104913e-42,0.0096348228254240185,0.0071157610165085107,7.2818230066672268e-20,0.13370603261543804,0,0,6.8230188511888226e-43,0.028880502893311972,6.818759879501155e-31
F39->seed1:GP120,1.3511803135952176e-42,0.00092126783065165393,0.00029638293460149953,0.00050067508069536794,0,0.00060752876784715389,0.0048967097961946067,1.2930520934944125e-38,0,0.012023326511127945,0.0018811170424727363,1.170617525287118e-36,0,0.0053763340635170813,2.9896646667278316e-09,2.4869248939113026e-40,0.010652540349677492,0.021631344672054582,0.0026464153385634794,0,0.10763862545179814,0.0057446303762080271,0.0089695859057628384,0.00013681380252397824,0.00039459333836208682,0.00078399584066828586,0,0.0047944799366779322,0.078314853985917698,0.0082628884770766953,0.27575973214201466,0.0082386181775749526,0.00059360966137339197,0.0094483591509927165,0.012792610168929878,0.013029704215111095,2.6462596205699618e-24,6.8773102137669159e-32,0.042761574221641507,0.03708157102133771,0.0074775434939405331,0.0036105128384944806,0.020464711223749835,0.032830740034369595,0.001505556252803976,0.014176847884164599,0.0064178632771208369,0.0007924650831748945,0.0090780719516364277,0,0.008794561096098736,9.3860923320428616e-22,0.0042071218543580906,0.17197882837781681,0.045906811884733958,0.032562858569475724,0.026542853215257602,0.0055024687393359206,0.0043797384619944212,0.42883576500750442,0.032757439609881908,0.010026567306034854,0.0095544928140908342,1,0.10674938046167573,0.36176578799927717,0.02006646921123011,0.018349719754127712,0.0046583589308167774,0,0.0051587767556406346,0,0.011477048297430849,0.37599848348837722,0.23020050142522944,0.061865739901688123,0.42760400245303465,0.56323610254563705,0.17868160419392193,0.0058110805380107624,0.44698816813485331,0.21952681045203981,0.054971326846220664,6.2106072793532524e-16,0.066508032191051406,0.0030655443393806997,0,0.28397909489259604,3.7770874107783526e-06,0.054251745802491903,0.025756391847075451,0.058611969233668564,0.066769089087836783,0.034540787637116564,0.0014397511134722556,0.0035697819288005948,0.012915742123382964,0.017046295911944155,0.018181424708445193,0.15471210844068164,0.042078590228963923,4.544240899590159e-31,0,6.169356408894099e-41,0,0.0043220482015191965,0.040752595030394245,0.06410111489210249,1.9767342698356704e-14,0,0,0.012549856670779423,0.023627196592792839,0
F145->seed9:GP38,0.00036338259694880672,0.0036822717241026398,0.014182282350182072,0.0021064426461321361,0.0094939835971670789,0.0020573043211639581,0.0086260470959508301,0.051582014873010847,0.0035502363115053103,0.010266738429512132,0.0092092671747238328,0.027651867302186779,0.01683048302990112,0,0.0013239364898817638,0.021369692471260204,0.0080344961709026951,0.0021703589722989356,0.0035312665511604883,0.0013584644973518559,0.04049856897963218,0.14654640333880584,0.0033748449946707083,0.007085851471078603,0.0069268936569473168,0.0072782893528934318,0,0.005411805082532967,0.014538476866941732,0.011918120182375192,0.057099046978188864,0.020581519072645795,0.0035735413455750212,0.010761311503226869,0.0025917041072755637,0.078478052062121981,0.019609835365775905,0.011540901696597345,0.0032178300445686939,0.0089668402148518258,0.0019637559848787972,1.4217290073049921e-27,0.13872605892215217,0.018752909983105782,0.012742279403216043,0.010456837240383002,0.03365367031867654,0.011096948931728981,0.0034156473061721852,0.054559053957231159,0.0043092222451597368,0.21320187442374355,4.7671967677383226e-12,0.02801297065093529,0.019074976032982017,0.0064817521046512975,0.010493889337591877,0.004022892992213126,0.0017699224612900261,0.099084421992534075,0.0098486764613838693,0.012059566717652402,0.0023966011213972485,0.98633324501880637,1.5233250777724837e-32,0.88667230446159495,0.0040654536489998436,0.0017575745402803836,0,0,0.015603008338930429,0,0.019432026470022248,0.059138790848837053,0.051457188859434969,0.0082456959586144612,1,0.14133639908920748,0.039931249682780272,0.015765898219160763,0.090821192586146876,0.017395790455713791,0.018717131348592826,0.028227534113673711,0.0041705426576249703,0.0079485791098279062,0.024504923458474655,0.008547877155187681,0.0054868807089653521,0.010572676507721909,0,0,0.10213459183895431,0.0043748977500297744,0.0037923502395785036,0.01477453417976376,0.0076914406555132547,0.0073328620632379235,0.0045542116319982834,0.058339259629790731,0.073076396677295791,0,0,0.0026855574745467893,0.039591951882445388,0.011321493908422863,0.0065709698343523384,1.1610787795860263e-38,1.2953967573872712e-20,0.1572486805117953,0,0.15582292901253886,0.0044448958606711801,0.012078521976524115
F147->seed7:GP125,0.010896013338952307,0.016367105557286037,0.03165320189823552,0.030373384392692895,0.03129497407332759,0.0044080378181285164,0.024443158839804316,0.061610513586309257,0.0039019480733642376,0.09245963317881159,0.012669214870733093,0.023570157025853383,0.16537123696795353,0.010004608534730747,0.067277900947285488,0.046981376770434437,0.082151943126225341,0.10020200084284589,0.064512318375872624,2.8351866170731267e-17,0.11384703446506771,0.03373491763929861,0.02736212836909321,0.041305535298752229,0.054309764186378881,0.023882645070267695,2.8489206075819483e-06,0.044482226945416571,0.083042582040053506,0.14499544863220773,0.15131126298623962,0.041517063964673764,0.012766349561170457,0.050735276764937616,0.16639020100042143,0.23307188009601115,0.014370775234989098,0.023033170016673689,0.070744141304945302,0.051836233211792516,0.010423475090239479,0.029773490664565663,0.048370236546530589,0.046793084999175477,0.0030362643604448761,0.11976201330230683,0.037665958187514892,0.06377372519559521,1.3853348480128994e-12,0.035985737581765216,0.13734443813327959,0.021944071678545909,0.01501162907451857,0.18009661579053449,0.17632627663667846,0.34328865639371903,0.13831377686571267,0.01102970262198362,0.055360188357733112,0.4482853216556425,0.094440357659820076,0.03214226505670887,0.057899737984865425,1,0.14114381516023233,0.43110044524250141,0.027377419059310699,0.12756630082269088,0.0077218975026109903,3.0269161001887237e-41,0.030377507008446783,0,0.094936541033768806,0.1269323964307309,0.23068180735474653,0.06601061252908734,0.34525802444253073,0.40545145390915588,0.22346447771039082,0.030351177235831944,0.13507138171757335,0.11820709089909669,0.048727357678142812,0.009308745442219251,0.015077534492551807,0.020637921835205304,0,0.19729541748355534,0.0043860732543012631,0.076282441321435773,8.5969745497187463e-05,0.044340234897484287,0.049158663906041011,0.042252611906114297,0.014427905527969659,0.0044076251900983937,0.034755336497059204,0.085188647232350631,0.060667926049434752,0.25047697748135661,0.058142986972534214,0.038843862799347713,1.0336524909760523e-23,0.031489132784872746,0.043521937812631695,0.076277307290616936,0.086673935907067082,0.088373322095388174,0,0,0,0.10729252982025396,0.042037154845447719,0.026554691536727928
F24->seed3:GP210,1.2288214332672821e-42,6.03964027754434e-29,1.1605535758635442e-42,1.4004404096016831e-11,7.5094643144111674e-43,0.028086063512864603,0.017149280368034748,0,4.096071444224273e-42,0.037102094990354439,0.034786166638289998,0.11755120191707066,0.15003925401800716,0.020712335496650712,0.21689550280027928,0.87522895332676787,0.0279514242791358,0,1.0866022827952305e-28,0,0.17459809688328559,0.045855827023449057,0.13822201963356273,0.0010272027614075248,4.8975124011976367e-17,0.0040271270523536641,0,0,0.075611635628230173,0.10405996457444344,0.040805654244328748,1.2530138552347317e-29,2.4107517233196585e-37,0.018199908357228223,0.030327790848038345,0,0,0.027010031688574049,0,0.12241696614637913,0.08042867708770958,0.11127604777166204,0.070385833545760154,0.16588169781069079,3.5052779928594554e-10,0.16182970692199211,0.022078867534551391,0.15545316818155319,0.06994657084408154,0,0.058083829105891778,0.17459809688328559,0.097247658446624988,0.019801177374775932,0.087796246660507088,1.2561285762287772e-41,0.36880561014329288,0.42852831156794752,0.5387795563981933,0.18989668478996236,0.056612716171877166,0.046903369988166459,0,0.71360131926269077,0,0.020992575733971629,0.14272026385253817,0.032293215635906217,0.14357066972543078,0,0,0,0.26528959702985672,0.28463186080020031,1,0.019296970777670567,0.060121408922963956,6.8267857403737898e-44,0.024050680828515105,0.066798296198122067,0.10940361745914955,0.32385131479114615,8.5130018182461148e-41,0.11561025798286778,0.17081199564560298,0.011809004694234411,0,0,1.2155147990378601e-32,0.20797520129119096,0.79381229697992561,0.075267763603701826,0,0.089590366913791769,0.044372998642425394,0.027505180506359084,4.7787500182616523e-43,0.077366112736720505,0.046631049504982945,6.8267857403737894e-42,0.42756486777676578,0.64201741895342368,0,6.8267857403737886e-43,1.5018928628822335e-42,0,3.7799912644449671e-40,0,0,0,0,0,0.18204761519211055,0
F1->seed3:GP24,0.0028294603428616815,0.00019707891490926011,0.0048506463175187519,0.0008108986315189579,0.0060104994472085192,0.0015483717893418761,0.0019344169693958698,1.9351764503928967e-18,7.4374171886536296e-15,0.012395846579276185,0.0038888257542952762,0.0015154370770363618,0,0,0,0,0.011367357645456121,0.018717335768967381,0.0062713640775803525,0.0028692824525775886,0.21628799288461398,0.00039412441307711297,0.021718678071449869,0.0036473679704265359,0.00015675036483111168,0.0036700724846156956,8.0848904929300293e-39,0.003810082716644481,0.092273864207487413,0.058551115996649042,0.43606100125457126,0.02804398631730189,0.00094345814831259538,0.044996987142088468,0.073488973249849224,0.051721800065368952,0.027611895740330093,0.0013877270011354369,0.067978164630892873,0.048702823496376904,0.0058388334360620015,0.14609669084134852,0.0016478605258722044,0.11545646099950842,0.0014947889316655099,0.0030175092177680183,0.00056767161214724604,1.0152096868838658e-07,0.0090177160833100622,3.4458814253472393e-41,2.2007453707674061e-24,7.1501782578260024e-28,0.0058509045825998343,0.62122602405132299,0.19651687855246505,0.044618721739934954,0.018892287830095937,0.0033998242699047536,0.0057928044447504946,1,0.071740357411271383,0.0082094125652298882,4.3898543787689772e-28,0.0081777381273753814,0.042415881837951766,0.71805993918519206,0.012233821854267239,0.0064521014032637445,0.0037019099223782473,0,0.0027101251881539979,0,7.6364108560895999e-17,0.0079036423403209943,0.28533278244293142,0.037843065519203641,0.67826873960303513,0.796169706350913,0.64318073866347969,0.010334171286640303,0.016897015461122166,0.25772383689532141,0.051991725096676905,3.8728820397477569e-38,0.058963107945650552,0.0048117995316586662,0,0.18896837041352407,0.0033111337668074734,0.01377781084716157,1.8978841485370634e-24,0.058226214581669017,0.010631635557271691,0.041583695136800936,0.001144139234451041,0.001418419179716869,0.024392710221650307,0.01665894476605535,0.026428530489995328,0.2562801998695719,1.2299540741598182e-23,0.011036101346372201,0,0.015126993474793316,1.3308878418403797e-09,0.013738600391960213,0.10177476975470874,0.087717530946395075,0.052686998916103428,0,0,0,0.028361987520191926,0
F3->seed6:GP188,0.072591573394621411,0.075352901330810101,0.084966695925001376,0.092299975176195703,0.046123386811446905,0.035452740785776926,0.042338141006587837,0.047028751028517245,0.069149986614414377,0.034572574472437785,0.015110627355545343,0.024064203049289704,0.042852271511333064,0.032660357470981158,0.014200525399609951,0.065700518122607049,0.042196400876356135,0.013963500090808798,0.023051946321546776,0.050693344637627799,0.19279963110719905,0.076194294542739793,0.0094981294515271656,0.10590755295505763,0.15653648074300044,0.059731151640031468,0.020364654202971393,0.081651903233490128,0.1951709859949467,0.10460629159422119,0.33929664077146893,0.15964671534537475,0.060399142072105054,0.048677230483385681,0.096368360452297505,0.09425772725465123,0.033065112572160195,0.017452958788385167,0.078871980505011707,0.027386531538530604,0.038286439028349974,0.015875160042817475,0.12233731901273824,0.040866805326028176,0.058366229315375467,0.084887366344005039,0.039255405275765612,0.039618192056300634,0.020699483455785136,0.04683155706133714,0.076928779870047079,0.08230250829065866,0.0020010517831526927,0.67916070840700871,0.3123710638076313,0.061952805253873117,0.24790096900980696,0.0085259807965017906,0.010188963779384231,0.6986029384332757,0.083743178066006313,0.043849741061688076,0.059718504003991493,0.45102126073767906,0.061742768913955491,0.94652115189011443,0.0082459199587076211,0.081617493771500474,0.0188603542117038,0.082654371879856886,0.01386129151017694,0,0.060131017825172363,0.21590367974463665,0.068737149940287581,0.051339937093897114,1,0.43099133585684768,0.70962270379810366,0.044429231351706365,0.25154181242879298,0.024309655844909236,0.058741158953931852,0.0074076794314180405,0.036430006403762559,0.0707365397994663,0.057942518134086261,0.11302874088171037,0.056423902433224787,0.049733856430267245,0.14527634367296369,0.058347583276586373,0.048258982178927358,0.0067268289465646607,0.007588222898493804,0.01145110971219556,0.095822954208997987,0.082706674057095156,0.03355270251489121,0.35873676969126239,0.053383099150497028,1.4128082066964006e-18,8.2043792901006945e-16,0.057460122024064537,0.17176273813735785,0.072200011704700459,0.12555955283944553,0.13008147475945919,4.4532385428958176e-29,9.9646075008445429e-32,1.5494038289744429e-21,0.11450397898319567,0.013665628019699975,2.7528038497190257e-15
F62->seed6:GP124,0.041243224219429622,0.04000713824234136,0.068231723024172908,0.025048087751127619,0.020849686698913239,0.011426143818356127,0.018596506400369608,0.057875858404280264,0.042472366192063349,0.015441344782885977,0.01025322515824607,0.0095756572755731524,0.010164087542090656,0.0065473401664988672,0.0023416970471678961,0.00098674585406167601,0.017497285294295836,0.0044621529789848477,0.015431268230035005,0.015512459666734034,0.2077867055265766,0.07611907614911366,0.00011928931132032278,0.0484209939707635,0.05443757494923223,0.022846417490289261,0.0044640306118909658,0.0103557790627282,0.097835806089542746,0.043369786851667466,0.19850996417235928,0.11979798566061924,0.021486053950960482,0.027252990685368385,0.043641375352229596,0.054630615035769832,0.0090565403365032646,0.0048095229286263643,0.10077478949469014,0.015019927882247444,0.0085646893095629329,0.0037679176357364418,0.043761680287213091,0.018829457747941192,0.036418066065854966,0.043673422291202364,0.026791823694894829,0.016583098898994911,0.0063809053520399832,0.038490318397518937,0.012000327429580673,0.02006410312736872,1.0436809790699428e-09,0.82826383239675216,0.29561727644259789,0.037816798524901996,0.1450284119156619,0.0022243454530066868,0.0097190642636048614,0.60675406754946237,0.074024100297045231,0.014314561551905219,0.027788025881735953,0.40201711420771524,3.8093418711675594e-14,1,0.0040102687096175964,0.033097345091816714,0.0024314992343789964,1.0990728378201516e-19,0.0072175563763904778,2.5675912004687606e-36,0.029746229357021724,0.11632356239684002,0.039234843779554801,0.026338747637350467,0.98662570405453098,0.31048366621236584,0.81219508698388798,0.015447114110596278,0.12927971966848217,0.029678231066315126,0.018331066453868269,0.0019120228164771075,0.003866327798632658,0.020691780546335678,3.0350713616122117e-14,0.093029972293352858,0.027035169081768139,0.013792050768233966,0.00012443662919571179,0.015092056271640761,0.0089288215263675624,0.0030345877555210967,0.00074310293636813075,0.00338529096604213,0.038884436319340042,0.049445136352684202,0.0035209513309226253,0.32928462186276908,0.0024471000052259245,8.260636721042484e-29,0,0.02513693539786625,0.093686875577221815,0.020649621675468265,0.15320511012132007,0.19341778673327484,3.2040621616734429e-27,0,1.8787659604577911e-40,0.0469190957578908,5.5975747087472258e-24,0.01675606611857668
F100->seed1:GP20,0,6.1278520134234503e-05,0,0,1.6572183209749899e-29,0,0.000111322348645621,0,0,0.0011914416057490667,0.00055853579647551811,0,0,0.00066467486390837536,0,0,0.00066510754065529296,1.0590813854226188e-31,0,0.0035709344279814042,0.095758045936293418,0.00024525813669982566,0.00044358366235387628,3.3828512700957531e-05,0,0.00051693446399763603,0,0,0.021562858642469367,0.0059527800477789045,0.16143397267402074,0.0016880901902520185,0,0.0017565556442232528,0.0005622322579859312,0,0,0.00043338640250557294,0.016924869527696198,0.40649638613045591,0.0025781662857139601,0,0.0014354195669701011,0.026647340584688903,1.2844928259566438e-29,0.0015579720460588888,0.0017713198235660337,0,0.0011223200385680385,0.0035855153057372763,0,0.0037582994520055893,0.00052012542762154893,0.12874136897520633,0.026215064748377329,0,0.065316386601033005,0,5.1669249363461307e-39,0.41901196085026871,1,0.0037617987662731914,0,0.043085155209145416,0.10557922534694432,0.014279254961750719,0.068855257381761056,2.1907683388231798e-45,0.0023036470202505424,0,0.0070627150814201239,0,0,0.1328260872136989,0.22334460396012923,0.50354212188094283,0.029374752963485191,0.36105242407859456,0.22537494233350039,0.033147503599760993,0.13273967235657402,0.26287931894094924,0.024054943067845946,0.012024825085769675,0.1902720202560193,0.014040454640513976,0.39564082230401965,0.048815147042399205,0.0066963697610349327,0.13868308445985925,0,0.089369999872497274,0.01635994507831405,0.048836206898440308,0,0.0026007003097702616,0.05264585226431024,0.0054728992536183709,0.0059857057623735801,0.33964195747254211,0.0022868146898728618,0,0,0,0,0.004274669902694395,0.0086364009391736232,0.028177182595677534,0,0,0,0,0,0
F99->seed2:GP59,4.4733028545201389e-38,4.8423818651684725e-05,0.00024734132704506132,3.5383863457908405e-13,0.0021484183999959561,0.00030437792412649369,0.00049711133713657187,0.0045920420479374805,0,0.0097187433759963315,0.0042681875188657513,0.005963164843955527,0.045657998271708508,0,0.0027501052396427333,0.044389741989582197,0.00088453859125061252,0,0,7.2004066796340468e-40,0.046490312447652844,0.00019387080096595416,7.0170795336092049e-28,0.00016037140054973216,0.00030844679790685472,0.00030637089877874927,0,0,0.0046454054196667502,0.0027368648495853885,0.096385064148920313,0.00011925329054361132,3.9171271831556187e-38,0,0.00096307979010378268,0.0012729411341478422,0.0067890199130231314,0.001713502722242616,3.2065274407997147e-13,0.28097710446565788,0.0012237468726739166,0,0.0011357841203402763,0.0069268137314068279,0.0016179490391528865,0.016032393104810791,0.033981125835312612,0,0.039958514217756286,0.019833713400962311,0.0019639251177094759,0.0044276171812866159,0.0061683030314487698,0.081965448227393253,0.0031391844566500968,0.0012119005313468022,0.067283465496597125,0,0.0010265275398243499,0.2062749106683533,1,8.5982290794358311e-05,0,0.024123043371889925,0.08343131924842935,0.022626325830797645,0.05707726816099689,0.00081892788035829755,0.0054611982354779509,0,0.013651138011187846,0,0.0021183240863021165,0.058321216665139751,0.14258491414391022,0.38387291025992859,0.038113967452472156,0.029461258896722915,0.11316467776033423,0.010423059555146715,0.044830898469903194,0.15605510367775419,0.0066612230816591083,2.347951308409733e-30,0.10610557161762836,0.012418651781671317,0.23361175182819907,0.0044389741989582197,0.00040675279455483618,0.025272123851980747,0,0.011472698873494367,0.010350971005794603,0.075236239540176691,0,0.0022654463022989436,0.026469574057650758,0.00059456624128314877,2.3507726449085307e-21,0.22337779816438799,0.0017735426395577381,0,0,0.00092975292799572546,1.8330211287409589e-32,0.01233392962783149,0.013649408542474402,0.027832795311024259,0.042745676830264367,0,0,0,0.0092295521572793738,0.025089854469102967
F170->seed2:GP29,0.00052474926623048495,0.0032008840906291103,0.0068328488714254421,0.0041548422289031609,0.008015023301686252,0.0062386641762623924,0.022369449105648226,0.10276633598476759,0,0.082415419189890732,0.016458589230171329,0.012434048840750318,5.2006382852431419e-20,0.036613152725587461,0.45479101704072561,0.3703115330529535,0.20246458171129944,0.098709117343476357,0.076961182534761904,0,0.22169137935093228,0.25084136352955738,0.081724246794962069,0.019220994783928833,0.016098314644469661,0.011826982470263253,0.041820897992642304,0.19537520487994459,0.39094924205432652,0.28116657763081448,0.17311239299630846,0.055715942847792604,0.0086829929390886459,0.021176172272892504,0.078201387688385221,0.13276162639978731,0.056635886113252161,0.037573550618362303,0.13940812027191102,0.069059875274707749,0.025880209301408674,0.02923477837149455,0.61874295674417334,0.15102834604025867,0.0030675818945702861,0.18499016561823883,0.064694128991792096,0.077637060693278068,0.055489817779066024,0.17727741506319092,0.19500576025136274,0.81781314949054607,0.031960495088441558,0.25650714879183478,0.14434791311660577,0.1779175127961056,0.017969047440583915,0.027311234244878493,0.056083278922534764,0.060283344865389776,0.076367949577256622,0.02728675191289882,0.010382566765696486,0.64585928407087234,0.69600719334586636,0.36098232324217017,0.092009548571620872,0.09483423806179421,0.053151558661773096,0,0.055338407727012179,0,0.16836703481150181,0.88176046048505119,0.14927511240686078,0.039339676036588903,0.24805698929995584,0.30477643769071761,0.1424633064694909,0.018556099158066008,0.82403208352415036,0.10200957456749013,0.032032897194857961,0.0061143730872275509,0.072270978919227527,0.026236021984995476,0,0.038253473300870269,0.0033957559143852046,0.042509776974216582,0.20991496895587736,0.12037063755013773,0.60988331176398303,0.17193032471584713,0.014080606258332219,0.0058187548498543594,0.051981383491496537,0.17725090649762421,0.064121447213148941,0.41534730409115772,1,0.22636599266598761,0,0.0077562568085708956,0.058133645341533015,0.17172194616053288,0.028466786738698333,0.058220514871298069,0,0,0,0.56526294749542083,0.25033058080404358,0
F104->seed1:GP14,0.030513765471110552,0.0047827749014589752,0.026550630667718282,0.0099141279543312893,0.010848926561737426,2.1594042201312096e-11,0.0044863374867885573,0.021140835415866796,0.012967324019458926,0.0048280422561436213,0.0093922579706771959,1.150504213993411e-06,1.4814997351462601e-05,1.6767895640127745e-13,9.4491466734263137e-17,0.050866090179137631,0.038798618991379985,0.0073622146573404405,0.017157346292089298,0.015881424558025943,0.1156613168366874,0.0042702441316278851,7.6201541495981057e-21,0.037164433128289077,0.016514746169896722,0.0021747149921023954,0.0010712927310493291,0.064779562773708818,0.18214944511643708,0.21182768442289046,0.050674279017969712,0.097832742175130244,0.035840529442447866,0.066901852397095965,0.065243020119005055,0.07461437505725671,0.03111863420137621,0.013603486396484244,0.10214667418014665,0.01733563723619419,4.6199220876513332e-24,6.9528044561289649e-21,0.0033868506773618041,0.00095678823250329697,0.0042326591422627031,0.012221090324548295,0.021214928205016911,0.0087452368085241365,0.0020325557638033909,0.006497699198440024,0.0056711539779222562,4.1064049851143514e-29,1.1509206082713004e-37,0.41259495287285669,1,0.029389551308682187,0.18174323553708338,1.6077190572135263e-23,0.0039140332092588159,0.18551177634037003,0.030542796027864416,0.0083665247249526346,0.0085275207257821707,0.0046099968668264777,0.047801793308387241,0.14237735621334258,0.0172822693365151,0.035190819472270748,4.7942486566969837e-06,2.2542265011093072e-39,0.017369791089098974,0,0.0051232227512596276,0.0012724660781495288,3.6093440859732977e-09,0.030098672549325266,0.053498777221205593,0.14912255469534241,0.31435365629685558,0.0025893860047165431,7.0312309991593952e-19,1.7578127885772042e-09,0.011322738416670976,0.0033612226907148283,0.0060932500206213377,0.00068630842845895999,0,0.12873839834089792,0.0046649553569391667,0.024822805488088486,1.2200021051815517e-07,0.01312848110278186,2.4729804946954467e-08,9.7833995920645377e-10,0.0013960763796050995,0.002549562524149976,0.017453151279433414,0.017763596126196154,0.015232165301426412,0.16543994545096097,6.427286707833692e-25,0,0,0.012885755177542467,0.079123439062036491,0.08313402813317651,0.16367039474772679,0.10286034897689011,0,2.1844547696823865e-07,7.1100066865104976e-40,6.1447952282445698e-29,0,0.028749900265734537
F35->seed3:GP82,0.0028289040794739237,0.041053793608476899,0.008839140730705429,0.016814994850119683,0.0052779259636329973,0.014303354535915474,0.044178906682389343,0.012290671908732126,0,0.031309837776163592,0.049024599670566132,0.7478389372932307,0.44298944523010714,0.15908231558413766,0.16004653415035455,0.26732212409296741,0.14799110880235103,0.027149905617383389,0.0083039257177287325,0,0.097767442261323959,0.034044211891076787,0.056945742523499043,0.009969949358873088,0.059010636367294797,0.024837443588150529,0.026835424087205521,0.052654358618357211,0.074097022925047218,0.19485994751215849,0.095552072799895305,0.011969372060729875,0.012458644400260139,0.011117634887490459,0.039362734716768405,0.010221128264095901,0,0.0095321438507982477,1.7848201447999417e-26,0.11605827138753742,0.017393090896378041,0.0084967916721719432,0.05438409148139111,0.023023805798739524,0.020671619596526566,0.29841205478591354,0.031112651468652455,0.10428696346667465,0.017803214451108388,0.045501637404082224,0.19945753018565218,0.011856331162569062,0.022918415178284416,0.091146535936600909,0.13071804393095693,0.031591977126594062,0.75413945218395728,1,0.96530192116008984,0.13497432844260931,0.10357483499983633,0.05327006453353636,0.034976726321966529,0.075716078017402766,0,0.07365844036505316,0.15800836449823541,0.059180107359661678,0.36670714796715781,0.44841129371985672,0.011968698569397375,0,0.16205538017056639,0.1149275913413063,0.069083446410141761,0.14099709940002281,0.048967754638975632,0.27787046488903411,0.13228905108129418,0.14364782644746946,0.066824088025664682,0.12528735456427301,0.048950350900104835,0.051606931553333041,0.074916708444212082,0.22602455998392518,0.051868468602341455,5.8527077931009612e-20,0.034318803829350784,0.28323485462908526,0.12122747374791254,0.076630372040365283,0.066161282894647677,0.063847548251761768,0.16072566223693788,0.016801873932292089,0.086125397413751595,0.14339874586044357,0.080707913759469632,0.17264670903568902,0.064472477314497442,0.06536402276025384,0,0,0,0.10171279479928465,0.01826642496969463,0,0,0,0,0.019689447516780464,0,0
F63->seed8:GP121,0.010535732743117095,0.13314621319648831,0.027103025485749062,0.052142401493907926,0.033862167770305138,0.036645727071813405,0.11979808131451154,0.084039923226513824,0.019277775856972365,0.14101068496785929,0.14006829006301791,0.033739271723509739,0.0099460615212453047,0.45362018520707498,0.1581697274751222,0.40613060145325119,0.25886586054385502,0.22032067665368826,0.12381002635083557,0.0073764590754706975,0.14876369923952398,0.084636822057008815,0.099280275719850986,0.017770207843414813,0.11276122526226386,0.05901805621451249,0.047154002957477174,0.14234236880200091,0.25417062568798271,0.17125554119678085,0.079255419190439047,0.038300641728015276,0.019000711492472441,0.023420646912379717,0.085784206622989356,0.13567937891893331,0.03549378989530444,0.024442984028935417,0.034945951552621209,0.27855887883050584,0.032700127961844239,0.19742986128747828,0.057259341133171014,0.066893203540790577,0.068317890057804587,0.2417963134896837,0.07616154472337959,0.15359390134827869,0.039412148464702243,0.044439850601967347,0.32546594565866499,0.030144673454732662,0.032316072271922812,0.16890353407479641,0.16461648193446304,0.066571357508811518,1,0.37661515850958938,0.26505081274506487,0.1511724646530069,0.19102676844481559,0.062662891590124586,0.066914111155742181,0.04730462376882659,0.054523344392948758,0.081419968274730761,0.2593167273771913,0.34346038767243581,0.20426957029692253,0.14598250675243557,0.087515995230529539,0,0.028826401267272997,0.085396564960321691,0.040249222390589368,0.30577442982399772,0.16505694926581688,0.066273030280924128,0.21336769996142499,0.093605614138109375,0.036287265560922342,0.017174412772072784,0.053549683100293378,0.061528327646039688,0.13976613429784718,0.26591319303086747,0.13508829077623005,0.069558621241448931,0.02505617224471576,0.49131256920556315,0,0.034926356320426309,0.094717342622227627,0.0059389216159939093,0.18198353258320552,0.040118237540554894,0.083958971837714183,0.13531908459764064,0.11426989522479125,0.26033214054334097,0.027336735964699981,2.9428610269929075e-10,0.0022679358825900752,0.029674926411531011,0.048262731063086151,0.075053766963904769,0.0059469515882818163,0.05822712385616792,0.055869849101325544,0,0,0.064099968810544972,0.12547693347015904,0
F192->seed2:GP27,0.00011953633103814927,0.0001840440212124816,6.5248659744432326e-05,0,0,0.00090334154651617443,0.00090908032913923111,1.644939483498872e-45,0,0.0011917663870105049,0.00013969762064438529,0.0028324400489468191,0,0.0029944287544633377,0.0013065445068808643,0.084355872129642295,0.0016838084165302601,0.0021418483954684549,0.00098264004891392056,3.184223517008921e-20,0.096758046344853993,0.0019338018778958133,0.0016404035628731235,0.0008597739096477511,0.001665872325390085,0.024169077736714607,0.038150762322529536,0.0338245122631061,0.0046239577869049983,0.0075220993507259361,0.0029498100999613276,0.00080574373389090208,0.0024245379899596182,0.0013156007212072672,0.0050311023512600488,1.2253646049488662e-18,0,0.010081594920163684,0.0031755587982795906,0.070187325708380863,0.016690765030099926,0,0.0033919124247378499,0.0079844316347523724,0.00027951392367250502,0.0081884125198975997,0.0013284593776437261,0.0037490830696084105,0.00084269435494602868,0.01934015226546823,2.962953824410277e-35,0,0,0.0035306849478661103,0.0018132715691456067,0.0022845037982475143,0.0028062715291735773,0.0031770922108661083,0.051541138867271651,0.0028607413972543657,0.016944745331291637,0.23085431083533153,0.0011814264619111796,0.0076419950418234088,0.23729206114371654,0.001276119706194069,0.038645037028410247,0.0054426915420995124,0.016562810122496996,0,0.025377961857472243,0,0.025767159474086528,0.034790948753390838,0.0073058580736343999,0.050394257450465524,0.0028972955714445742,0.12855577767721715,0.0045968912946677144,0.37107178170468696,0.028997332072651715,0.03110639945611721,0.1339778206229682,0.0013928361076060193,0.50697834322024216,0.46950514134060262,2.0106057473198592e-06,0.033764764771186451,0.081785889413021437,1,0.028689035869714871,0.36999146769889907,0.18822801526043256,0.057409654577512917,0.0020604153373499465,0.0072902242397953308,0.079099115993072178,0.071442945849743658,0.16174768898339614,0.041297467401823024,0.023160489672165205,0.0051565497131143296,0,0.0008834261654930846,0,0.0032096379965229271,0.04322842238295474,0.0026445994745076329,8.3954725672619873e-35,0,0,5.0313204702355605e-31,0.0043865051796676928,0
F29->seed2:GP73,0.0016457173770362806,0.0033594038296114411,0.0081462384359647973,0.0057653378495588986,0.039899241553090388,0.0024632268240907485,0.0073023826428146059,0.050779828638569016,1.0217555694253438e-23,0.0045441803819596576,0.043787473912180394,0.039369657473858531,0.12584637560379777,0.0064531041599230283,0.0056818582575214284,0.04585559285296574,0.019851250695228098,0.001164302169827011,1.9076497445316174e-35,0.0029510167766811108,0.2814550520504534,0.0070222251233526892,0.005796205798247041,0.0096006942444949554,0.023008190725880725,0.030971108913405428,0.0069048952999898059,0.051239278286171079,0.039635759493104945,0.10105412138369615,0.029930847382455036,0.010865639189583113,0.0067379128671296151,0.0093893545600703902,0.010659170662179055,0.16578356811625822,0.014026417773517486,0.076719406834069845,0.34036178686586704,0.64581695337187861,0.0058989997657237789,0.014094243421935049,0.01151974447796641,0.046786080773433429,0.037772587536147387,0.022411210206574397,0.11145074208334153,0.019990042366440201,0.0036634548767903803,0.089588417812861587,0.0038857146944841362,0.033474212626236427,0.0093661576374942084,0.032582889967076138,0.18066630303182044,0.023766068219089397,0.19777612850497792,0.0077659741509275362,0.14710160255665103,0.056526366805026748,0.19337579157642859,0.13341874102462759,0.012851273944013348,0.19275338225116198,0.25872072307298866,0.03729135914186945,1,0.10822350309119425,0.0037611212352616115,0,0.28346361833363437,0,0.13905792345426873,0.24526098549812309,0.12468309223150782,0.67872811260996224,0.06892494397936938,0.38477744653226481,0.076107044560767861,0.21286808102738169,0.35258213527573951,0.20085770133895117,0.17823098204657267,0.10710827316964996,0.10419803672950395,0.21333316761122309,0.13349522237463093,0.25476297863436637,0.18962646355574075,0.199097253245441,0.082721524261895774,0.2357130670691687,0.16629603930117726,0.31529857699550584,0.035249593593350129,0.076238003179718461,0.17785488823593582,0.10344618174469614,0.057380112273749076,0.26930886368879531,0.01946474858227119,0.089726758815313432,0,0.0076836441219023215,0.012754590114974184,0.017447681827855263,0.21628395708631915,0.27030117907108586,3.3549785485246857e-41,0.06748559022406464,1.0979627983668622e-34,0.021318080937963297,0.019075926240546236,0.15551032693157169
F117->seed8:GP129,0,0,0.00049042002755235947,0,0.0022388741798190907,0.0016171354095575971,0.0029622563925984211,0.005213152257002843,0,0.0021362591820315931,0.0010014565074539657,0.0025381297118853381,0,0,0,0,1.5601149380897366e-22,0.0019192953482619992,0,0,0.015079475850707839,0.0019802100594707626,0.020294244811527536,0.00072834888963638027,0.00052516925420839741,0.012521562094368454,0.03414715483417731,0,0.00081629174015878726,0.00078150642952259193,0.0035242530630847616,0.00081229944868748945,0,0,1.4385525489175249e-15,0.004335349476590665,0,0.0069983087108320043,0.011382384355118251,0.052863791524215033,0.041843870749777357,0.0096105542104315128,0.0027631808971880735,0.059911523495712229,0.00050094095463942996,0.004193013091940154,0.006674082356967849,0.018589832159375631,0.0030205301338084786,0.038599511156406079,0,0,0.018197763205955508,0,1.5192173431872475e-16,0,0.010258623083665012,0.019928791331118571,0,0.0020500957080405073,0.010390098485091922,0.0081017863044196697,0.0042387314947995147,0.027391753808201264,0.1420740977457241,0.00090653058132058532,0.024412278930345831,0,0,0,0.039478814075228616,0,0,0.028364697013962204,0.14181740621629105,0.013801205570493916,0,0,7.1047706028766376e-42,0.052821516665109126,0.028346516466116585,0.35342262742671404,0.0052348840109348611,0.019969771412112959,0.22649794654441352,0.070912119883717623,0.61600786772273242,0,0.0055453330059046253,0.020955840460459889,0,0.078007610064246585,0.074912766093558347,1,0.013527490892774861,0.0617638816457243,0.021487154073583609,0.00066818622281798789,0.012082120535233914,1.1998109718294372e-33,0.0061545673799050559,0.092414976384744857,0,0,0,0.01150453688245614,0.0077477989214309664,0,0,0,0,1.0612935340396637e-43,0.015722868546708856,0.42725181282201785
F169->seed2:GP133,9.0079959999999999e-33,0.00011188498,5.2563060000000001e-16,0.00023033514000000001,0.00075944559999999996,0.0079539220000000004,0.0057853297999999999,0.0035366932000000001,0,0.010144927999999999,0.0057894886,0.0017219113999999999,0,0.0078883500000000006,0.025416998,0,0.019258904,0.06640625,0.015278107399999999,0,0,0.018583822999999999,0.10123507,0,0,1.4017658599999999e-11,4.5874003999999998e-10,0,0.0024920395999999999,0.0010603752,1.4e-44,0.00041330856000000002,0,0,0.00088849413999999996,0,0.0078431379999999995,0,0,0.0011954572999999999,0,0.0081499599999999995,0.0026244257999999999,0.0075285380000000004,5.3690686000000005e-16,0.0045039994,0.0012936610800000001,0.0031529592,0.0020491801999999999,0,0.010089506,0.011935209,0.035734490000000001,0.00058010250000000005,0.00036744441999999998,3.0251141999999996e-25,0,0.0028971510000000002,0.0039460705999999996,4.4510334000000002e-21,0.00020731834000000001,0.0020611473999999999,0,0.0023228804,0,0.00030750306000000002,0,0.00094607380000000002,0.0021030494000000002,2.0019000000000001e-40,0,1,0.010362694,0.0032071842000000001,0.001569448,0.00028266553999999999,0,0.0093209439999999994,0.00035229876000000002,0.00065231573999999996,0,0.0018975331999999999,0.0029585800000000002,0,1.98187952e-10,0.00034596090000000001,0,0.0051282052000000003,0.00047025634,0.0066007219999999998,0.046511627999999999,0,0.0059790731999999997,0.0026246720000000002,2.3168088000000001e-10,0.00080580194000000002,0,0.013834127200000001,0.012295083199999999,0.0050000000000000001,0.058625653999999999,0.10031348,0,0,0,1.92402232e-28,0,0,0,0,0,0,0.021333333999999999,0
F50->seed1:GP252,4.0379999999999996e-41,3.3262066000000003e-30,7.4183106000000008e-30,0,1.3546496e-28,0.00027427320000000002,0.00050241146000000003,0,0,0.00072463720000000005,0.00039154907999999999,3.1534180000000003e-39,0,0.00026167512000000001,0,0,0.0004094336,0.0032637107999999998,0.0011947416,3.5000000000000004e-43,0.0025575448,0.00078365520000000003,0.0064790443999999999,1.69569408e-20,8.9067540000000003e-05,0.00011798018,0,1.0646737399999999e-36,0.0018577063999999999,0.0014590896800000001,0.0023909145999999998,0.00014501914000000001,9.3020765999999997e-35,2.3855763999999998e-19,0.0017918634,2.8712652000000002e-12,0,0.0001207683,0,0,0.0047125355999999997,0.00081499589999999998,0.00374918,0.030925556999999999,1.9279460000000002e-28,0.00071115326,0,0.00070064811999999996,0.0020491801999999999,3.3246486000000004e-27,0.00113440794,0,0.0018993351999999999,1.3584059999999999e-36,2.6536511999999999e-36,0,1.0321100000000001e-39,0,0.0006576784,0,1.507e-41,0.00068704911999999997,0,1.8093956000000002e-22,0,1.3452940000000001e-39,2.4476967999999998e-36,0.0028382213999999998,0,0,1.051088e-29,1,0,0.00064143684000000001,0.001569448,0.00014133276999999999,3.8528280000000001e-39,1.31098512e-31,0.00035229876000000002,0.00065231573999999996,0,0.0018975331999999999,5.6948776e-25,1.00691294e-28,0.0033361134000000001,6.4000000000000009e-44,0,0,0,0.00050774309999999999,0,0.0022050718000000001,0,0.0026246720000000002,0,0,0,6.3215774000000005e-27,0,2.2076348000000003e-38,8.3147660000000003e-37,0.0062695924000000002,0,0,0,0.00138362252,2.5331825999999999e-31,0.0032154340000000001,0,0,0,0,0.0053333332000000001,0
F135->seed2:GP67,0.012274831999999999,0.049554978,0.013383646000000001,0.018130186,0.0040486680000000001,0.024713613999999998,0.034234847999999998,0.020622738000000002,0.0085288128000000005,0.016895971999999999,0.021898994000000001,0.21211153999999999,0.101098866,0.076371967999999998,0.080019279999999998,0.12820508999999999,0.111269034,0.024155749000000001,0.0059737159999999996,0.0065199671999999998,0.041955899999999997,0.0099968509999999993,0.0068897563999999996,0.017774000000000002,0.045292265999999998,0.023117806000000001,0.0062577407999999998,0.030302788000000001,0.03402169,0.089396260000000005,0.028197455999999999,0.0046871320000000001,0.0107602914,0.0088937319999999997,0.023477234,2.0000000000000003e-45,0.0078431379999999995,0.0150288474,0.0038610037999999998,0.088169232,0.023159185999999998,0.011541021,0.020363925000000001,0.0098560713999999994,0.012603685999999999,0.099803790000000003,0.011320228599999999,0.030161205999999999,0.0030741224,0.044090867999999998,0.096699655999999995,0.0068201193999999996,0.0016543718,0.036227233999999997,0.039844558000000002,0.0105017628,0.20710738000000001,0.25623580000000001,0.30520187999999998,0.037567405999999998,0.048210040000000003,0.054725330000000003,0.017253777000000001,0.026947924000000002,0.024096383999999998,0.030998787999999999,0.063038036000000006,0.04162743,0.14721144,0,0.029690576,1,0.041450776000000002,0.028809330000000001,0.015930822000000001,0.083863339999999995,0.022016965999999999,0.037285595999999997,0.046540972,0.12763632799999999,0.0076194308000000002,0.020878127999999999,0.022422230000000001,0.020351299999999999,0.026763458,0.14416488,0.029862165999999999,0,0.035679306000000001,0.19594744,0.034883730000000002,0.028667534000000001,0.035874459999999997,0.013123391200000001,0.063792959999999996,0.0088603572000000002,0.065225668000000001,0.033881818000000001,0.028697595999999999,0.12921695999999999,0.0083507307999999992,5.8577550000000002e-19,0,0.024831200000000001,0.0071258907999999996,0.066359013999999994,0.013140371,3.7760190000000003e-32,1.02118126e-10,0,0.068965520000000002,0.016997163999999999,2.053399e-27,4.0122000000000002e-41
F198->seed2:GP192,2.6097309032416417e-06,0.0012666977477603951,4.6066920055321025e-22,6.6696898653293497e-33,5.3253357256265501e-28,0.021736148912101339,0.046641733863115778,0.020033253298384839,0,0.25021995270360226,0.013460721664050662,0.0097472477608479668,0,0.027479193479582029,0.035969580681477507,0,0.037085604034413515,0.28745813335917636,0.12173578322997623,0,0,0.046895361022225322,0.19254907386190212,0.0024474604225519221,0.022191325793564174,0.0080142244685948109,0,0.024505255859744716,0.025078615996181507,0.012004960596901914,0.51430274494815231,0.017158240052314054,0.0060680304609813775,1.2105086400610088e-12,0.13831153128201135,0.016649159134897982,0.088795522329931764,0.022396492712170354,0,0.040602852456432879,0.2134105258486316,0.22144604524404921,0.072158317038024597,0.32512940392228606,0.0019237770140594021,0.10466651148762658,0.054922839939462065,0.083292124090096828,0.081199410198885796,0.037058683942863921,0.11559030831418501,0.19303372155264778,0.14514651512859783,0.0021891962329533255,0.0041599955529430729,0.079253958650521997,1.1154937365331615e-21,0.2623990921120441,0.0074458586669154357,6.1315851086087224e-06,0.025818534717385457,0.0233867576426432,0.032556229004411734,0.026298323251224297,0.2728054770351625,0.0034813737601904174,0,0.010710906429755973,1,0,0.019775420681622424,0,0,0.072668012256125125,0.13622434904053163,2.557003616516967e-35,4.6191426327845004e-40,0,1.5531475381328337e-06,0.021114073123745018,0,0.064448361155365314,1.3400288107700294e-14,0.038345226116089016,0.094423915927981217,0.085642681240212626,0.1689765338497112,0,0.0052483842057927674,0.0057483769600788328,0,0.074893680469449803,0.084951523909497409,0.26743531615314176,0.058869953926316519,0.063859787283953182,0.016503539984113771,0,1.0065852897515715e-34,0,0.14181329425478284,0.21294220365709296,0,7.7216894106608003e-32,0,0.088362364493828005,0,0,0,0,0,0.064144068341573823,0.60380950202925276,0
F174->seed7:GP142,0.0016957311046605105,0.0080628106825830406,0.0027639374337925437,0.026309979148301684,0.038209738571301888,0.60353789808528469,0.016630302376969358,2.5783647125266945e-36,0,0.22732837292659347,0.02461796802057091,0.087042105153092048,0,0.11208691939508944,0.61159162976315795,0,0.11967860708327742,0.13390558946352454,0.11489867210368616,0.014262435648638492,0.044757056342722978,0.07309262041679683,0.023040546952283733,0.007839514066747922,0.044511944215571066,0.018683062191838514,0.017074148107214332,3.0625015886726993e-43,0.047231325751250233,0.06219629663932888,0.24200932304233633,0.0036164515135342227,0.017520230338619488,0.004887725060507375,0.059405495816600956,0.00061312335305773943,0.03431374655025602,0.035288362305837949,8.7500045390648564e-45,0.020920513602516431,0.69497126301634271,0.018187070809542981,0.041492886399434818,0.014740207771482782,0.057122995882554116,0.26996119504236993,0.15909358002979462,0.05105656961059548,1,0.058647951923625062,0.064520522720021165,0.41259994528622163,0.0083095958106028257,0.02677871339145757,0.011252990587488867,0.12921521078039061,0.002487917228107062,0.098573447384975837,0.14963693387415944,0.0091272644847684506,0.019164324691493435,0.073547471902751044,0.031452208940833386,0.02032521316870433,0.32631159177413827,0.020179899218322722,0.0063881091638316283,0.074503348648612105,0.70218943926077171,0.56451643034289833,0.049492790674385161,0,0.068005260152728703,0.057269094708342877,0.020598820560638165,0.011303877988886707,0.0038529303612076246,0.093209152102247644,0.012330462646427499,0.054829359817730405,0.029381180866487572,0.018908333683698098,0.090867327137425957,0.024345083379012006,0.36324747843462946,0.045396778799578999,0.13059708149723603,0.067307727290883523,0.020579252925487453,0.14236005384927791,0.10174423902982399,0.19384692680809326,0.085673621943191378,0.011482945956778215,0.063479755180122999,0.042640561494791271,2.2882679370389926e-26,0.16163507134819327,0.038057407117279944,0.021866390843190253,0.10145991638233162,0.0074675443737886437,0,0.014097751813208752,3.4632094465399001e-36,0.086178672205186213,0.011498034464605379,0.028135062095063463,0.65844305656733559,0,0,0.17351283500978315,0.099811704277321597,0.38043497235064189
F115->seed2:GP226,0.013748600009280082,0.024845325556930843,0.021523287982403105,0.033982995286942014,0.010661130661114938,0.028235309135601454,0.07548640839398657,0.033098837168929349,0.0099666620790339246,0.1085626415046522,0.05245648267227155,0.28987475013919656,0.22625419487167048,0.22274184821554094,0.21850998629943069,5.4376784130092455e-15,0.076093890705068598,0.11881156933969178,0.10620321131671479,6.9956570222871913e-19,0.071805852280808713,0.21239538873093594,0.031472485798974423,0.016918367857656179,0.012309401032791991,0.092695665110072212,0.19873679317209011,0.040506413448805415,0.06348901411697512,0.040415776350526733,0.067127536583282743,0.015470795655925448,0.02006070817588965,0.056735461878877617,0.062309399161052798,0.013762788728169507,3.8452539067548569e-14,0.046283056341202472,8.0799695700130309e-10,0.12352611067739794,0.015441763109431959,0.12578183715580846,0.1776087884294025,0.034059819885907387,0.062207126396132593,0.11203444629004167,0.071155197369562564,0.10818710511333501,0.019177654383995938,0.4595104724462491,0.18314421374198339,0.26328765896657497,0.035550601186716331,0.0099387460249640968,0.010333551035317903,0.094990716828752722,0.053173995171324678,0.1897948961303608,0.12002273901065894,0.039048799366348898,0.039734322906866355,0.041796903682940707,0.047051859173263655,1,8.6517746604959913e-22,0.023025541172674923,0.042391308152339421,0.079686151265687816,0.078727193770507589,0.010180302389572675,0.070238182741902119,0,0.04849065104647908,0.19509794502316435,0.075890582394829265,0.056705587049751024,0.029118994639469993,0.15577064584004935,0.0066023334934980542,0.085415058257788529,0.29995822090965885,0.06215452490982569,0.060914956276079055,0.079238019470093041,0.023416254561171027,0.11976771454674703,0.13968202744991615,3.3004436939019879e-13,0.055010751550637643,0.066529560835519669,1.8587112248404794e-22,0.051591486484161987,0.41935848497836653,0.036845255104667934,0.20378059682912034,0.1395132808037218,0.12279720864540607,0.045605231263951593,0.076710750429465874,0.023396739808431613,0.31243526239078701,0.029097588494284465,4.3143588206747891e-42,0.050257844238993613,0.1556077764548949,0.10043504459521552,0.024591177066957369,6.7289538417325101e-10,3.7434783693490574e-43,0,9.1878379553779987e-23,0.55701675994572475,3.7210792665260582e-17,1.8654638047100704e-12
F114->seed1:GP107,0.00027644744184448752,0.0033991476286284799,0.0018990804370630158,4.0203720261455366e-21,1.5406249334860564e-27,0.015879428031157026,0.040363244735761958,0.045502344971368978,1.858833117321723e-20,0.070925647554075794,0.018914768626200968,0.027020896034761804,0.16303734064971018,0.071627195973002628,1,0.073157565904369087,0.16934347592153873,0.061500468400819623,0.08713777112652607,5.5315235149651172e-39,0.058376351627528078,0.020043806047537617,0.081953983221567078,0.00347994561449069,0.0061214882849009106,8.7083053511134478e-11,0,0.012351277390120962,0.10665606209721795,0.040801508925693314,0.047581620062539798,0.016313146590426066,0.0015216038144494791,0.0087739259749239368,0.01394210717656705,0.092307618564866897,2.1379194330047594e-24,0.0067751997329912744,0.02203200760808241,0.0068216512166010121,0.0069379031814906659,0.025585909024275183,0.028220334239092752,0.030169832887301171,0.0058259606639177184,0.041609021439159448,0.030241776651127865,0.013752518542446895,0.08192699817587025,1.0316562718033776e-21,0.36210376306433706,0.029177590645701527,0.030241189473880624,0.070392839838532534,0.10166836514390321,0.25342351440019389,0.19333603469104804,0.12790957881245371,0.013143588917494519,0.10205593065853268,0.005647694450535908,0.005880752461080105,0.049172613619510627,0.09278520080520318,1.4811050185052131e-17,0.056311131128776643,0.0053731722538949847,0.1692756966081983,0.14530562062152796,0.36814775137077926,0.0083001367055909828,0,0.048399354253391577,0.077796528646917079,0.058631708107742285,0.0066511603940558493,0.037732150282452796,0.026818680521995434,0.060926561131114505,0.0055834541782910927,0.018289391190777767,0.016241813399635856,0.018578322340450846,4.3531768999563518e-08,0.0047590567525354899,0.0088837115719168584,2.2898657258592118e-39,0.043894156079929372,7.9974077465512454e-31,0.003383676735016038,0.033176105070147136,3.3426975265115657e-35,3.6149124988922665e-09,0.0074885698730367579,0.018708231739971666,3.08745237601644e-21,0.0041591050049242431,0.050442171857364881,0.031181953560956099,0.042861017428094041,0.0059565154448443982,0.01788805639823194,0,2.2656547930753714e-08,0.0067770668310991209,0.033582911053603115,0.016514907882503607,0.027522267227731927,0.070448025369709108,4.6968108286668718e-33,0,1.9814474244403026e-05,0.076070193302287689,2.3408365911969859e-20
F172->seed2:GP76,0.15062110080360036,0.23134302207220717,0.10988482049391728,0.16561813744445206,0.058407086042217018,0.061941960924616235,0.018184239928493901,0.053254533276957228,0.096299164959121303,0.049096666341419924,0.044004287233824699,1.5613859245258925e-33,1.2021362386299161e-32,0.46580527477928396,0.34467799970848251,0,0.15782699343122053,0.039209846182386321,0.043659152262452428,4.6705678205698082e-22,0.077021580120919503,0.58929233537997849,0.29331690235008839,0.14431543090976329,0.063725894097253585,0.032060986172195251,0.058137911241370417,0.065532308444730333,0.0041693809711385683,0.075033861799048113,6.852715629551195e-27,0.083252425196262303,0.020176522847378569,0.00022099472196824869,0.008586202130004732,0.022143705150583212,2.2473555633454154e-21,0.047660424940883392,1.1891884973480344e-32,0.018000860398077911,0.0070960035006185709,0.07385729076696794,0.21001073314228097,0.010399167187663752,0.05390306924503005,0.035210612319141736,0.024548295526411839,0.055741616765385076,7.0025025929392528e-17,0.14786632118235621,1,0.17971702630523323,0.064320908908026234,0.058160040065579378,0.072187073490102255,0.010622203630958187,3.8271232287604849e-08,0.043624486381196405,0.049515665448798325,0.010471293060559737,0.062384160965814152,0.072275576740762681,4.1823110346580513e-23,0.10493184273958939,1.663709872683972e-34,0.23157788936551588,0.020743863377097087,0.028491386683434941,0.031667127432875697,0,0.044047472772632053,0,0.038408643010387412,0.09643805434993416,0.023636523521964395,0.065891215206128131,0.15900981642833306,0.079659731683489152,0.02953256924442774,0.019670716289681606,0.14478576780515071,1.3862738649792383e-07,0.1085996742714172,9.7194283126078882e-22,1.195900505818905e-32,1.2188930106885714e-20,0,0.07934458867731789,0.035301455539373527,0.13762083819697662,0.17508975906444582,0.099610050244597584,0.16690566278659355,0.35569416688048627,0.038233627139551321,0.034421955238821446,0.021950028850590077,0.13995489309621642,0.30022825996610203,1.9112936508223319e-21,0.43152408813463766,2.6388695146234547e-25,0,0.12938964137331216,0.21080457610111075,0.058740509119557083,0.039573505159979233,0.09684254383904381,0,0,0,0.341474108552905,0.080927025474047107,9.0379020862771178e-31
F45->seed1:GP171,1.6406556542390514e-06,0.00088581758560528031,0.00032257178189464198,5.7988720849519061e-39,0.0014726747776169667,0.036570605842270149,0.039920121207392058,0.013716318513951333,7.0491608817460816e-37,0.078688925770555918,0.012765911980058149,0.016695174159611605,0.11933196781361378,0.09648656486985277,1,0.099443310389633874,0.10389279385195005,0.05301621908237665,0.023164464354373852,2.8277900042994715e-15,0.029756693985076191,0.04866523175142836,0.16683188695128709,0.0016835241671316089,0.0079451901575539434,0.0018302448837029099,0,8.2528734437492578e-36,0.050941988319679304,0.029863394249102355,0.07367207188982744,0.014425984908956777,0.0041573513395571603,0.010339347189322482,0.0094761106314529397,0.0057033653387844503,9.2536178425496871e-17,0.01074105804224124,5.5864372508732547e-29,0.0046363289574080872,0.025587204376447525,0.051566964516680254,0.022537102233948791,0.064743443810533791,0.0019952350565062837,0.063433350012561784,0.029323956819750235,0.021738849511758314,0.13812033912069727,0.012694890423984645,0.38451603955637648,0.07934642762651116,0.050073324484111933,0.025826404834582053,0.063951342054778038,0.33088096189014782,0.23003254737737297,0.16479452087733415,0.025506669377332161,0.032362084356975414,0.0024121212666523067,0.021316600791341612,0.033457565273737784,0.048991588223745948,2.2981965257821291e-40,0.014311026991883439,0.012161882422221108,0.08805954306153535,0.11418727001261143,0,0.013548608109207657,0,0.040189522678023754,0.11194368755324406,0.1407677910886691,0.010962192654318869,0.030739412096368039,0.025820831733215911,0.030058787881091349,0.010119476123817637,0.087012897560501901,0.04737982403892313,0.013769074104252909,0.0065678051746149236,0.019407619271156241,0.022809519462146467,0.057884909910835808,0.11933196781361378,0.0018237897818408116,0.0078766980215994337,1.1089579712142529e-40,1.6417383949762818e-30,0.023188574126087678,0.040716946719211805,0.02772907327585037,1.2269266040778038e-36,1.9568400724681581e-11,0.036099510071257362,0.04238567133532517,0.047280060482693412,0.17002937338561372,0.02431529155852381,0,5.0578956419122981e-23,7.0284867311708867e-37,0.052971752947092464,0.010192612123081693,9.487722228871335e-37,7.0553834413966887e-41,0.14635053388139246,0,0.021973309149357023,0.14223255105399099,0.056207089155582458
F71->seed8:GP191,3.7805632058913083e-21,0.00058706318552236134,1.2949111402859634e-15,0.002417147970922337,5.0476369954390976e-40,0.0028782360731340268,0.020034858288483347,0.037114227521492495,0,0.0076043826669644462,0.00030959138969254056,0.027104729778583778,0,0.21650341391313871,0.45010211443100107,0,0.097935520666484532,0.020496187124151743,5.6667858160854745e-43,0,0,0.027000036960036382,0.029746564337947212,0.00032408541172672481,0.0009347152483153014,0.0086666273349754845,3.114602536784943e-06,0,1.646082696832605e-25,0.0044144588921597441,0,1.884311224326496e-40,0.0028122866494492923,0,0.0093238985127352715,0,0,1.2592857369078832e-43,0,0.025090372116206804,0.0049453571782445711,0,4.9838331847690985e-40,0.0023184585872446906,0.012482299427211784,0.11443077021042897,0.0067878706101535333,0.38665184823163856,0.096768888976479214,0.034350401755175675,1,0.14314269489288486,0.1445049356340232,0.014204454316125256,0.065551657296636326,0.18365502941827902,0.029838066138400499,0.39483288197384309,0.075859286740138865,0.036488383498344885,0.015229260209297069,0.0072099263114259382,0.18106195020502955,0.024376417968857318,0,9.3459989774180072e-41,0.021938776591733503,0.21833277830314479,0.088277999583470268,0,0.0061100711859535415,0,3.1692024378848393e-42,0.026925088470594744,0.065842625760196699,0.020764140042060567,0,4.7853397396556867e-08,0.014788170823873211,0.027381730664512282,0.03363476856017697,0.019914334779056325,0,0,0.017504666755530265,0.050827421039268794,1.7802706108503378e-28,0,0.029609350465244166,0.021313121461446431,0,6.296428684539416e-44,0.10980318896063111,0,0.075031092289546644,1.8735963817530586e-34,8.3952382460525547e-44,0.009514095993294891,0.028672261379362411,0,0.087632968243311293,0.065351959764477469,0,0,0,0.020476190925935382,0,0,0,0,0,0,2.2735753348907757e-12,0
F70->seed7:GP236,0.0049035134205063034,0.0033522907867534675,0.0034078083471992169,0.0072544528805486815,0.0075146525897920279,0.021374356281961597,0.0060491148940283743,0.010236085082933373,0.0030822714560378895,0.011088687146593624,0.0068862208378688682,0.022815975002915961,0.0063609958314074493,0.027221433216704585,1,0.03710580781060472,0.043770100225086053,0.0021909319870812125,0.010351118903726437,0.07076412909178631,0.011484526021215453,0.012469596596126968,0.04995194382370758,0.010185688903115751,0.018295522330174643,0.0047796489444804132,0.016762085459765107,0.0031323084590620942,0.050157415524715039,0.051205592391356261,0.019101493637129562,0.0043619164932767948,0.0019444350895756822,0.002389443877974822,0.0052191762782395883,1.7105692040485969e-06,0.022700025440483593,0.054980870435003326,7.0808008861044903e-21,0.0051899339039449535,0.042281736424434092,0.0047176086061190871,0.023329813439347889,0.019032092345192923,0.0086064565574076532,0.024704243524760191,0.017330011116825653,0.01463938620998442,0.051894902149648509,0.0094738233631624699,0.16652388352021041,0.012336968900962425,0.0034373893490911903,0.016093011449954168,0.037205491671352946,0.036446129414206094,0.0074063910315204408,0.0097826031084855738,0.0076044572074568688,0.0060002587462154025,0.0018125377012627336,0.00099424697760398112,0.010403527168207905,0.010084505240479139,0,0.0075315188489671718,0.011220558573457442,0.020517449017010393,0.030510826966217992,0,0.03115929013236287,0,0.014996128936654354,0.011164721487483948,0.019683645705232494,0.0026644972118214025,0.0012568238525806463,0.015442096562119496,0.0050661058955064698,0.0060758126411129213,2.2764959452963038e-23,0.0054919410973212823,0.0034369876267791332,5.5750782244221116e-19,0.0072416675180594151,0.0077281986777315882,4.1156277215022448e-42,0.007421171692006334,0.00068992718927806621,0.0035904707299855895,0.067308208709212378,0.012764070917301642,0.0043262375898050513,0.0037982323639418917,0.017871565209111224,0.0069965827555198475,0.0063285532816053152,0.0072114191014328579,2.4848707267440264e-21,0.043413794530614391,0.012084563704389104,3.5528958013940456e-37,0,0.0062175146876102521,0.010312517383606895,0.04804127088963258,0.0038032232137611313,1.0336245627145546e-21,0.10719455428938421,2.8942529687076263e-44,1.7365517812245759e-44,0.016398033586648,0.030872032630965669,0.020972848144624665
F19->seed3:GP81,0.000652529738199084,0.0055850550941914916,0.00098922622351441938,5.6016536601846269e-31,0.013644509932669087,0.0032851360069105994,0.018521018023022716,0.049421299584592682,2.2003585136941165e-30,0.042350242598418589,0.034620200902776094,0.28527766206079819,0.10513244397215414,0.1890248879475023,1,0.30711798764086767,0.21640433713893809,0.015595870313192829,0.0047700539255764287,0,0.010211087733486455,0.014963192418399168,0.16517036826586068,0.00086827372598000964,0.0067458641926363113,0.0062605023040521596,0,0,0.014371578547022203,0.067240258233985079,0.01431878924612231,0.0033067604561104196,0.00013011448754492701,0.0042575688287123329,0.0062286911407479668,0.0058713754467547112,0.031314004831446737,0.044227045577424802,0,0.030349894609047356,0.0018814963638783839,0,0.0029937466517601374,0.0098913774893357384,0.01981893932552186,0.10254689412299611,0.08011158497180991,0.21006482200359633,0.0081814241548860932,0.10455084337915087,0.34631423919326515,0.0068073917957074022,0.051295477870934268,0.0084938440296945614,0.074914601667554218,0.0055898288088726275,0.092442554005626759,0.038556783153673245,0.028889002809227644,0.013882378794016404,0.026487225364480536,0.013715339903289617,0.0057405254543684758,2.8897313670576393e-14,1.3453592487198537e-15,0.0086017375034245971,0.013916750529869314,0.011331698949108829,0.14274045702231453,0,0.0046492402085668467,0,0.093090630310321401,1.0055676702383088e-05,0.026596085031737861,0.018461736859827917,0.0035162118889554578,0.0053162970257768461,0.011252521385815369,0.028648048516649392,0,8.8992847053720599e-29,0.01653712886091133,2.3955211420311675e-44,0.0066597751515945665,0.045569171431557851,0,0,0.0056325337642716168,0.04864863462082214,0,0.0088038268609945368,0.0059678560988091784,0.020958190889657426,0.018165580178052702,0.0032171920004605789,0.023280089681923501,0.052487848519380285,0,0.079850704734372238,0,0.025031551009708171,0,0,2.7642289763674655e-31,0.062479136008986712,0,0,0,0,0,4.8767484409748781e-11,0.085174087711687205,0
F113->seed8:GP112,0.0011394425789824573,0.00020805602133219402,0.0017018622974417092,0.0018918841903280499,0.0035337856559010715,0.056660415842109992,0.052581293509350174,0.039460002991648452,0.0039607086175318783,0.14626128739216548,0.073301356216443916,0.12902602280421596,0.23701308820163622,0.15230316020574985,1,0.095361680404918367,0.35967688560321626,0.50733541489187861,0.075537379130001553,0,0.018962346511586913,0.060923596705259334,0.45741041809216887,0.00035386864699611946,0.00033126440734975582,0.00060670548768146728,0.00013864769456742082,3.6891210883471276e-19,0.010304547878387929,0.022200223919902968,0.018274814076338214,0.0017970035241499744,0.0029901875864738517,0.00099251024223054709,0.021679366916012854,0.0054981552121069087,1.6345767617049363e-32,0.0028121183035553238,0,0.0022230145983072268,0.0017526415876474525,0.033330768390251397,0.0041835008877132889,0.018479093383242738,0.0012694754491805436,0.05533967594541335,0.021604218670608719,0.050527789416511773,0.071564072786464664,0.018260748419398766,0.36997683666722631,0.040750644167665308,0.11298881969947694,0.0017980612377495456,0.0027347155364069562,0.1022431896298248,0,0.019754501103198263,0.0036689630159505741,1.4426692823383475e-38,0.0041530228182741673,0.0076656223666408743,0.0053473841634389171,0,0.044808496936163712,0.0011436363538990693,0,0.068611701808370409,0.064677085319180705,0,8.7890726432790981e-27,0,0.019269976040778656,0.0011928355449489973,0.0028834598213505372,0.0018397101983748554,0,0.037141304363187612,0.0013106854065945545,0.0073017179366432544,0.0059601049323297602,0.0035278679640195886,0.0099029432480123442,0,9.1652363606827183e-13,0.0051459778655205679,0,0.019072346494479028,0.00087702495066048719,0.012259071697882484,0.12973624550202087,0.024602682382515506,0.0083408177851789639,0.019345591777742095,0.01933886503165368,0.0029968617816017789,0.0027107183801837729,0.035010295971621148,0.017782807661327546,0.046488833422976175,0.023245792780517065,0.058059729280361273,0,3.0290326762839266e-07,0,0.072569012279221815,2.2297206289780948e-24,0,0.045914882469200419,0,0,0.010535714458387042,0.10910725996911805,0
F152->seed8:GP48,0.00035715663410982126,9.2420717398481006e-05,0.00092182956512986032,0.00050569132772923368,0.0012573390316918487,0.014062340337961179,0.12326893486235828,0.2143066325701122,0.010578921018221214,0.46954567985772422,0.0761019300667439,0.17334795670669137,0.64323665395054586,0.22572877080552609,0.84858997414282078,0.33961088736580936,1,0.56659238536037959,0.27357655549525489,0.002365984647279135,0.021210229893468685,0.012487552031406092,0.10045548899670899,5.1129573639650447e-05,1.098406748760203e-06,1.2954830895239847e-37,0,0,0.010465496774723341,0.019622362337589662,0.023673793919374207,0.0057019007294909912,0.0013295323489570209,2.7306696145197544e-08,0.022806590021161893,0.0024347076589103954,0.012985108529624166,1.6506462970327319e-19,0.0063922824482103109,0,0,0.0053972326957392432,0.00031035815289212002,0.011010469690743633,0.0022462934235216556,0.13634865106582636,0.022445407710002245,0.075907651890646882,0.037498846873777955,0.022253000363238896,0.82982631750258518,6.5998011291862287e-06,0.026824490712242938,0.00032013946122101905,0.0024333743039438738,0.10357762832481966,0,0.0082181469783126158,0.0043554118788060193,0.0010842166572683706,1.4503184217749965e-32,0.002274958601692488,0.0047608950974668968,0,0,6.3174671553559846e-08,1.9867214162939631e-44,0.095545962634405832,0.048462420005489969,0.10520382602810349,0,0,0.0085782442084587317,0.0021238753915082892,0.0017313247359067776,0.00070197208590186053,0,0.0022010292541417343,1.8416357869453196e-14,0.0010799725898668598,0,0,0.00097964557552173781,0,0,1.332576767743326e-31,0,0.0084895063030392525,0,0.004210165987263129,2.6180254902980113e-06,0.011824894016690445,0,3.6144422726636074e-40,0.0077393941360592907,0.0040022592333705627,0.007017225868039976,0.026908029036595737,0.011260424078931117,0.065664410965245293,0.017281969741570587,0.051572675428328857,0,1.5128136246705767e-12,0,0.13836044490639396,0.0042970711421760751,1.6838444118990041e-29,0,0,0,7.8372186429964257e-40,0.017659745812239593,0
F194->seed5:GP173,0,0,0.00031166758743530017,0,3.2973808903587885e-43,0.17229162875927651,0.00075304682490697644,4.2399935731048831e-20,0,0.062393962975208793,0.010182737851324694,0.0064520427424496736,0,0.0090947175658374554,1,0,0.020680399558630581,0.063426185580793173,0,0,0.038332722818265455,0.016779314690341465,0.1182248040381525,0.00023143704955154123,0,0.0026524470612992101,0,0.010079525333027977,0.014833606666225017,0.0019866253734658564,0.11646456769388076,0,0,0,0.014981437244396776,0,0.058776848549197375,0.0088950116922128768,0,0.0089588137642270752,0.25694146639324389,0.018322856155355803,0.015444948577345017,0.10096288018426965,0,2.6666226516278125e-29,0.0048473438547761523,0.0052506902767132067,0.14547041784710407,0,8.0028036730425025e-35,0.012777574722398001,0.039105696345392855,2.7282103824931859e-35,0.0027536459290385647,0.015738349528969141,0,0.021711387145190577,0.019714692619652214,0.0052114378049515275,0.013966727778125836,0.010297557150355475,0,0.017407776003520406,0,0.0023044425312973909,0,0.0070899219749752784,0.38804177841540466,0,0.013090039631520684,0,0,0.019227832832381241,0.05488708718664765,0.0074030682428946702,0,0,0,0.0048884851262642089,0.024019382904159229,0.056732952016213527,0.0044343477975444115,0,0.28725144118027052,0.0077754257293431829,0.33555436916457265,0,0,0.01928087570043115,0,0,0.011201864608941119,0.039338833164817191,0,0,0,0.0050956805509383904,0,0,0.031290386545966539,0,0,0,0,0.014622531723052381,0,0,0,0,0,0,0.19984127607441413,0
F157->seed2:GP2,5.2189549280218022e-28,1.4299263459118943e-16,0.0001330567603637601,0.00073690713488346526,0,0.020237441340361033,0.01793935534506317,0.015086507417631762,0,0.094412061191518903,0.0059761013193050643,0.99000827910247846,0.43128904817238128,0.93507773413269613,0.97747939944866136,0.16406576043514676,0.09916056380480992,0.11424607944495953,0.0038223204406597458,0.0086913398011586387,0.0027274358518857753,0.01750229820436874,0.078050008491961392,0,9.2728165928083929e-22,0,0,0.0023082844538111847,0.0049816076465574646,0.010319136077778559,0.037832045234779003,0.00014692119103645589,0,0.00056860964122460247,0.0023706819741371307,0.0015682756148343207,2.9220110764695209e-43,0,0,0,0.004020461371898704,0,0.0017992026194357633,0.006598432091513463,0.004530277441539143,0.21690928565424586,0.026803074390754824,0.059941591344721649,0.10714388837815311,0.020944393126773028,0.25844441472192792,0.077724278906853045,0.039595124865531503,3.0503332191047398e-33,0,0.067935420227956539,0.0024257661486381818,0.48495992909708135,0.13433297536209315,0,0.00044217991666808325,1.2257147553689128e-13,0.052133041425137749,0.0024771833058810037,0,0,9.3507779811834014e-20,0.25933547880041508,1,0.20640529569077803,0,0,0.016576591231786994,0.022569022753870883,0.026966922429371952,0.00015072113847011649,0,0,0,0.00069564737869905538,0,0,3.477346106687914e-33,0,0.0035577227398388292,4.8392769135935939e-39,0,0,0,0.0032488269245276747,0,0.0047030977604448727,0.0015940618720275603,5.5378540456320455e-29,0.098723657030378914,0.0025787867498613696,0.0015545589483421927,0.0130573008291665,0.0014568680132075755,0.0053321370008567893,0.078591213998983944,0.046802469939704411,8.5314192013708634e-45,0,0,0.026902677643503431,0,0,0.026331540718640259,0,0,0,0.022726608730794202,0
F177->seed3:GP92,0.0039809958289655726,0.040686093919753752,0.012424738059096651,0.020959526376677667,0.025642250943685899,0.050326728583929559,0.058042505274337471,0.036336548377277095,0.0062523697458073168,0.14693115606255994,0.13044120086103725,0.64362486933410523,0.16774213149869269,1,0.76281359447823027,0.15053783124409784,0.12817417657369293,0.026755745996948858,0.05960837659019036,0.0047848208281069419,0.045018653556387345,0.10017146183469743,0.070680202396003741,0.0085087710903780887,0.035022011754279721,0.0041598223912541251,0.034001788886184978,0.012707739031623717,0.073158828376419932,0.047942325886686066,0.041831038026600806,0.01900013943566424,0.0015722426157073835,0.01252140836478953,0.013604343817231843,0.0086337876391898178,1.1741950672652321e-43,0.0069839913180016729,0.011333929041630792,0.084544992072715555,0.031817169608661336,1.8248504882743414e-29,0.048491394177577633,0.01885447818917985,0.034913590691451182,0.21231765851413248,0.073100459139626178,0.081913321507232018,0.081203045040067937,0.019204486364513006,0.29309312042045577,0.050046313188940608,0.026483529419017087,0.037458447731734006,0.029112976059043227,0.02054653496503394,0.98788929336647302,0.65182183116307835,0.24168956102423861,0.077360206940138662,0.041189966855408745,0.012101528537783689,0.050636305113414035,0.013637572950537913,0,0.0067576452574701568,0.028896752734186602,0.18325577285666103,0.70290170020510256,0.18938629814163085,0.065145686785227114,0,0.080703965168677533,0.082021799518521316,0.018454660659093305,0.058558869297118031,0.01668210517911025,0.0039085351945890743,0.035160731159526441,0.05170563281922181,0.098619786537207751,0.011140370617060056,0.0052109250631643565,0.0099423798996591609,0.15733950881659045,0.11616172071241937,0.13143974808819028,4.1390376121099439e-42,0.0031134210789737185,0.17959035856688318,7.9258167040403176e-43,0.025891843718159131,0.049383679686630821,0.023086422811792091,0.41811763027474108,0.050903322942685486,0.025684016475130991,0.095883295578069447,0.012030732207495533,0.014677529340933117,0.042898565104272923,0.036808621762120408,0,0.012477859818134799,0,0.091644492482069309,0.030859265382469091,0.0094388668547922862,0,0,0,0.016631652365459996,0.031311868264707013,0
F72->seed8:GP40,2.7340025152902238e-33,0.0023445550603689849,0.0008318718338129941,0.0024133407308423436,0.00072337320619645772,0.01479939190769055,0.030491171204822799,0.023580943001804459,0,0.12767797274725068,0.021029825380153896,0.99528023989935788,0.39356113820597383,0.94713408057470749,0.80387091346777562,0.34192367924117467,0.15920635922122398,0.12507949102730087,0.034136922801606136,0.0015525699200047184,0.041411810555951223,0.024418940640590907,0.030043499227502091,8.8247714291255129e-05,0.0013576987452847834,0.00067425789546736079,0.0036776125873172576,0.018555226980577693,0.011604083306101312,0.047275536598486219,0.018219895908330935,0.0010480307351716539,0.00025525972377527623,0.0016893188710050985,0.023683728410073157,0.0014007377811275357,0,0.0003768551351251262,0.0036776125873172576,0.0045547003233514585,0.0071819163518362884,0.0054339948152666816,0.0083927618178502097,0.0058885152796318225,0.0059839942380506663,0.089187296233697894,0.0099209431229626711,0.043333122639962793,0.02813890545289302,0.021824914723477525,0.19887147982527159,0.013010721396955721,0.0077116726375186673,0.0011050972060344564,0,0.10917807754148498,0.015708246146092501,0.75950870039795149,0.27536817714001316,0,0.0032183646666379393,0.017668951794385521,0.042455247566043894,0.019912927630865825,0.02553272561440454,0.0011715887571731472,0.0056419958445780918,0.42152138672966288,1,0.30725859997569976,0.0044366889853049195,0,0.024676209438049539,0.039709232861627843,0.025377281151024361,0.0020304466779465726,0.0016776780432323746,0.0063415555563937579,0.0020133936594554291,0.020503695839849876,0.0030528899796176071,0.003614807103361253,0,0,0.038067761959772961,0.027616776419624692,0,0.0048846240435883063,0.00044791989445671846,0.16581846392493252,0.011075600896159297,0.0063010024165729506,0.021356539169745441,0,0.19986182629699392,0.01589089786732208,0.0083309789396926615,0.033851351369371653,0.020819707320619264,0.014296079926015767,0.1219305014391729,0.029858988223002588,0,0,0.0022624743715136775,0.057614736542037158,0.0025032894645351817,0,0,0,0,0.0053966100770181423,0.020320036371847969,0.013804124050312968
F6->seed4:GP13,2.9052197069071371e-05,0,2.4939942552964118e-05,0,0,0.00016447854683394246,0.014850139131976223,0.0021208875230022618,0,0.0080391356582643764,0.0012222798982029601,0.31408479032815384,0.22141954794371202,0.3470962908893952,0.78739085656867114,0.13838791129567424,0.059259528360531062,0.0039883220531348497,0.00071782924612789011,0,0.0092022636276595394,0.0024815855372307713,0.042554038749223859,0.00011111890629709369,0,0,0,0,0.00033209522405699271,0.0064665774421376844,0.0071689296426729115,8.2617756049071641e-05,0.0011603964226872734,0,0.00079921938331929871,0,0,6.7000900840716699e-34,0.0023153704103268894,0,0,0.00097747502418813088,0.00011903894651889407,0.00092727339346374157,0.00010189990317551449,0.0025587903811656047,0.0017455137568607999,0.0025209918914740597,0.0030720435099709548,0.0019629490725754269,0.069257802478769184,0.0010224739189761479,0.0093151743146576288,0,0,0.65424963302524519,0.0023961232066091556,0.88538010237033482,1,0,0.00012433499281042513,0,0.69025423713567435,0.015322858026615521,0,0,0.00020894805527667059,0.83471569786011057,0.87034825991179654,0.19344546327571877,0,0,0.0031071550692169736,0.043973052976894168,0.08090246465270616,0.00016950913835802798,0,0.00079850987680514453,0.00042253369517282024,0.00039118131989056537,0,0.0011379145039673091,0.00070968102130942253,0,0.0010003018194199957,1.0036618917271255e-11,0,0,0,0.0009154220308626997,0.020919103400226943,0,0,0.003147931574485111,0.74790672370671907,0.0067551128497594136,0.0034966820252952616,0.0025824828158426591,0.0016384725070873291,0.0059968094574962333,0.069219248990766952,0.090795461182832285,0,0,0,0.025734276335618395,0.0015690627958301064,0.0019282345021154944,0,0,0,0,0.0063965967146839189,0
F161->seed6:GP45,0,7.9730207336841825e-05,0.00018178552963185908,0,0.00023711157124909143,0.0046407610093839834,0.0095812400246776033,0.09975122576262041,0.0013299964032640378,0.21997628402224978,0.07122404667764004,0.10307140020431459,0.2470285965486321,0.19512372521936339,1,0.20813940099359832,0.15492938907941042,0.053477738951901152,0.0029841543799002408,0.00101782120225895,0.03184091686794234,0.0032685612806378213,0.039398758126999743,0.00011571260331249391,0.0012201856814940441,1.0765780054600448e-28,0,0,0.010201181178080892,0.010514544301046799,0.23876357205835702,0.000172055759398346,0,0,0.0027728938488321849,0.00091828431948007174,0.0048975167535461562,0.00074116714081970609,0,0.00074648337883370826,0.00029426641572772704,3.1729722776580255e-16,0.00076359959586675091,0.0071746269010872629,3.3171759128590804e-15,0.029695185369277378,0.024177726213461283,0.0087324945112310579,0.014058030462355412,0.016351773265761323,0.19250367791229459,0.0021293665998106718,0.0041523183960555793,0.011591530685902544,0.0027531842353064593,0.11545441262054684,0.0095875455524111856,0.088210911098178399,0.015195024265479076,0.082348312656264439,0.015418771215122275,0,0.0035912771659718807,0,0,0.00038403032997554715,0.00021744935221286682,0.25947697464550917,0.7358659016942124,4.6399042868596749e-23,5.5450466201921751e-25,0,6.674569078561205e-13,0.0016022558278362385,0.014374277842857604,0.00185331074549846,0.0010998385714963671,0.0033261747464176255,0.013036342019617198,0,0,0.0059244148435294974,0.00036961853368068477,0,1.3610201242372545e-37,0.00021602951571448909,0,0,0,0.0015850722968905717,0,0.00275384051473288,0,0,0.012368882738914434,0.0015095084960398439,9.5020356526452242e-18,0.0012539369272385309,5.0928557334219195e-31,0.034342115779929711,0.0025312969729970052,4.6220052802082106e-16,0.20814444641487848,0.00067071250340316156,0,0.058480431508406122,0.0032823433983659826,0.0040156482991685043,0,0,0,0,0.020030371188146753,0
F36->seed6:GP109,0,9.5318599899274175e-05,0.00021258486495980255,0,0.0038819842683267066,0.020571333047742408,0.0071907568044889967,0.0060260569746747013,0,0.16377060857686743,0.074960779523518886,0.033638885639234728,0.067405752182066583,0.050661112558073353,1,0.043688913577551863,0.078871799740487344,0.074000435440405313,0.0020356840651882028,0.0027772902255283464,0.013073153204312163,0.026652967116752382,0.22077748637476713,0.00031570444889714275,0.0025800080511152105,0,0,0,0.0033025247944258179,0.0031618954000447713,0.15079423914183959,0,0,0,0.0011354071083243713,1.0089184860536563e-35,0.040091002887271812,0.0060671832270727671,0,0.010184504666774102,0.0040333735866375613,0.0041659358494528015,0.0028657495792384145,0.01580792239142044,0,0.016249585661994994,0.014530722658300632,0.0062515802094141896,0.036655157268172714,0,0.067139107124984804,0.01452597125309546,0.032350131298333827,0.00098841785771839946,0,0.10137951596051975,0.0019378648555599058,0.047705481577221182,0.014567759287671567,0.026067516162802916,0.037304644337572572,0.0035119222853717208,0.0024498457198999096,0.0039578806654066451,0.041057048111393955,0,0,0.069315331131504745,0.42965976183406768,0.10992694054248352,0.0059523759462556539,0,0.0088283293070373862,0.022951910074774914,0.065974591994418963,0.0072243696822930983,0.0015005439597331105,0.0022687983027297699,0.0042018929083087846,0.0022229193161097992,1.4816273830334931e-10,0,0.0060492343449411136,0,0,0.0050454542465032297,0.10172343822898912,0,0,0.036335334503117961,0,0.018785750337118729,1.7645165345527484e-15,0,0.016676249786036827,0.0013729795495335273,0.0049675442186869088,0.0054066513470794331,0.0069830635219222843,0.017038676056703762,0.017785823705657827,0.02148618727351979,0,0,0,0.035238180074474698,2.0062862150670085e-13,0,0.084141610072420173,0,0,0.0096536408600810166,0.068965227231362017,0
F102->seed2:GP195,0.00052806237677550103,0.0025298261057613912,2.698104664415163e-05,0.010042611805659105,0.012416935460664517,0.044843661301250712,0.043810288989517693,0.019274977785800181,3.6231948510144415e-21,0.04739130302086958,0.058436660972506715,0.58183384214532929,0.047912089756703288,0.079368931425048542,0.83026036175791718,0.43705947650352417,0.10215930306272558,0.078059895935520832,0.013022699685818404,7.3921802528625572e-28,0.083631714290946291,0.070775255953797953,0.013241546614067626,0.0063958247768334019,0.012621359509029123,0.021861726525106189,0.12625482978996136,3.6820103785439176e-21,0.10056902359544782,0.12650875618792995,0.15636581794907345,0.0030033755119729961,0.017526464109788288,0.017435349920517203,0.096845845225233235,7.9119934007040539e-30,1.1205199910358401e-41,0.069000988847992092,9.0881088412951294e-30,0.065152421238780636,0.10786993073704056,0.044417277284661778,0.13894460314844317,0.057786615497707083,1.3722927016216584e-14,0.259865371921077,0.010575679135394566,0.13364862019081106,0.11168032654655738,6.0526609515787134e-39,0.09892249140862007,0.11150895020792841,0.036229820830161436,0.0063294433413644529,0.03604629753162962,0.045782288633741695,0.30258530557931756,1,0.43012167015902664,0.068219748794242016,0.12005610883955113,0.059910683220714529,0.047016539223867684,0.17258126821934985,0,0.020115731839074145,0.034181185466550516,0.12374645205002838,0.27507887239936907,0,0.025385735736914113,0,0.028238342014093268,0.24470813724233489,0.29442447564460422,0.050837396853300833,0.019198591458411268,0.014513980557888155,0.019200281612397747,0.14220482146236144,0.034935897100512821,0.10341555857267554,0.025798817393609463,0.12921253168629976,0.10909091384727268,0.24134232626926139,0,0,3.7901972376784221e-14,0.18792966709656267,0.38023256675813949,0.24035280247717761,0.13034379471724963,0.028608924571128607,0.12044199063646409,0.0087832393317340864,0.079446062004431509,0.022234809542121526,5.8158628134730975e-15,0.054499999564000007,0.2275574015795408,0.20501565675987474,0,3.9663176922694589e-34,8.770609719835122e-34,0.1914146368686829,2.821228883430169e-12,8.6497553168019569e-30,0,0,0,0.061756373665949015,1.9723767842209857e-38,0
F153->seed5:GP26,0,3.1051736638384614e-05,2.3084426876750749e-05,0,0,9.281577859732554e-05,0.0028510692056538064,0.0019630957058038409,0,0.00060333660858870319,0.0023735783806058406,0.0081240272341683989,0,0.063292982675634601,0.23380724069374728,0.014232444033597438,0.012802999883769326,0.00036137065163224173,0.00066316044862154539,6.4119592595384363e-06,0.0028392086811326309,0.00065777537150798712,0.00045566443593319633,3.4283924120795976e-05,0,0,0,0,0.00015369384307126961,0.0028694042339715738,0,0.00015294216252778519,0.00074375628680846222,0,0.00049317219713388696,0.00081627252774188659,0,0,0,0,0,0,0,0,0.0001886373135549502,0.0073713849845286651,0.0010770996816256398,0.0017391477238603373,0.0017054444913042915,0,0.033940925953288591,0,0.0010542550807070511,1.879362327650834e-40,0.0004079090367851772,0.68002039087921129,0.10099737465209895,0.76771164001927639,1,0,0,0,0.73004642899288175,0.0038680453230807593,0,0.00017068424787928973,6.2364451663747216e-05,0.76645245216197389,0.40198273769089943,0.28648530314725362,0,0,0.001436153668276763,0.043208481753171567,0.024538532578281692,0.0003138132775840538,0,0.0014782031958662288,0.00039109762943817733,0.00072415318958844027,3.5912967535673218e-33,0,0,0,0.00092588040851474636,0,0,0,0,0.00084549174290396184,0,0,0,0.0014568643761193587,0.68549055950472193,0.0063368320579967755,0,0.0021387282499046121,0,0.0055506530953938578,0.029262037340575531,0.026819626754103515,0,0,0,0.0054152589007775247,0,0,0,0,0,4.3337915212441815e-12,0.0059206965980824269,0
F13->seed7:GP21,0,0,4.6037637830088455e-05,0.00012748692475943074,0,0,0.0041155398848110245,0,0,0.00080215121705148418,0.00037604040968035497,0.012224134203602808,0,0.073236080944669588,0.060011252339440518,0.028383817575058305,0.0098147963448327862,0.0003603414645000037,0.0006612717612108558,0,0.0070778067446954328,0.00080551086783377354,0.0060529859546671859,5.1279426970877973e-05,4.9299411524233158e-05,0,0,0,0.00030516592523730922,0.0029332352706433937,0,7.625329088033588e-05,0.0004449828347858796,0,0.00024588381895876952,0.00081394777563997464,0,6.3786905376404311e-34,0,0,0,0,0.00020751129357403415,0.00036678893876768007,0,0.0015004935421091543,0.0001790053264025269,0.00058169679965312012,0,0,0.0012557787930651053,0,0.00078843941398391815,0,0,0.50579595661877219,0.0022035901881371227,0.80530291264564813,1,1.8835042474952337e-27,0.00011474748322305524,0.0015210840502710027,0.59696942894903149,0.012897083878469421,0,0.00017019817068952102,0.0003857034627206618,0.60930522532519149,0.56908012097399541,0.14283469510809385,0.00032226168812544439,0,0.0044243172519894168,0.082993519693033077,0.08303214294688642,0.00015645098889411255,0,0.00073699660725084592,0,0.00072209327386843698,5.1239850616753285e-14,0.0010502551729489552,0,0,0.0018464869842036637,0.00038296797638436708,0,0,0,0.0019672101404555422,0,0,0,0.0058108608487994432,0.77086982410373983,0.017391366771249406,0.0016136574287524336,0.0023840895573308631,0.0030245053038757087,0.0055348447813664357,0.15429439197350095,0.10371659292223974,0,0,0,0.0075597880021612465,0,0,0,0,0,0,0.0088557516501862974,0
F162->seed3:GP59,2.7712452973691811e-05,0,0,0,0,6.8643194050190986e-45,0.006895571164000947,0.0010115413234316288,0,0.00062176803817293787,0.00077727605958778385,0.023147012442265354,4.0510925021954388e-42,0.23065935677666205,0.35612206910722205,0.029334698722733209,0.028351572592694625,0.00074482636246443713,0.0013668497075571124,0.0027971964289064725,0.0058519346855432407,0.00041853168318145643,0.0086173132779275973,0.0001236600390900109,0.0001528529369905817,0,0,0,0.0003167806296228331,0.0032602745132854325,0.00068383353247486629,0.00015761566492602781,0.0015329669235905148,0,0.00038118166284018993,0.00084121562749260592,0,0.00022587953668589745,0.0022085969422660397,0,0,0.00046619934761508373,4.7323628177207432e-18,0.00025271774421989986,9.7200782029028738e-05,0.00040679859354671605,3.0176171613476577e-17,0.00020039468692525624,0,0,0.014925267010584322,0,0.00027161757229157978,0,0,0.69335231851540324,0.02277046448103686,0.77020478095270339,1,0,0.00011859160868986227,0,0.81262097790924726,5.6354334794823209e-25,0,0,0.0002000994868692434,0.90236123435106785,0.50562725464291125,0.33214447516100259,0,0,0.0014819342553792239,0.037183491952500744,0.054896899066589844,0.00032338442522536704,0,0.00076168653810864198,0.00020152426788601387,0.0011194258866298161,0,0,1.7261241810294925e-11,0,0.00095417283120684347,0.00059367965502676401,0,0,1.0982768041376285e-37,0.0020330979176858273,0,0,3.779017194204867e-15,0.001501382245117524,0.87721700355983601,0.032297746260890818,0.0033354322896669568,0.0031116589092230369,0.00078145711653738103,0,0.061728516853963432,0.071724735758024502,0,0,0,0.012277644101513217,0.0015033560801624372,0,0,0,0,0,0.009152425873358799,0.0082896421309959258
F151->seed0:GP32,0,0,6.651559575156834e-05,0,0,0.00014622120658837017,0.001335904369770335,0,0,7.2909829370953876e-42,0.0028976496549418108,0.05925318284778671,0.011708178781128488,0.043975404714593956,0.012703479519780337,0.013669807184529042,0.004206903552173711,0.00034708495029379315,0,0.00086898525895037987,0.0068174230395060811,0.0010143242544708717,0.00021588276338276017,3.2935679413411743e-05,4.7485747503813964e-05,0,0,0,0,0.0019079200461300213,0,7.3448027169627204e-05,0.00071435411999179411,0,0.00011841902957209031,0.00078400364954319931,0,0,0,1.0818987007592091e-09,0,5.7273809996003712e-33,0.00029981581684812022,0,0,0.00012637725793360877,0.0001724199431307596,0,0,0,0.00030239506337120212,0,0,0,0,0.48734993135515037,0.0078823900904047752,0.63684801787197121,1,0,0.00011052606606368383,0.00036628132574337529,0.59248011559801195,0.013622176956570139,0,0,0.00055727089488232288,0.55279312459669283,0.28710135767101397,0.30955497281715139,0.00031040608151997057,0,0.017954901677288596,0.056465368150922277,0.0285550952220711,0.00022604302213055359,0,0.0021296504806418964,0.00037563676148143221,0.0003477641803114032,1.7975663598866707e-11,0.0010116175916768065,0,0,0.00088927851256271121,0,0,0,9.7427385520478945e-40,0.0010827570279403091,0.0061990985325484065,0,0,0,0.87980082117920722,0.04897312508290054,0.00077714648968706557,0.0051105040267806611,0,0.0026656123636645901,0.13939259010942659,0.059777716717483907,0,0,0,0,0.0028022205190736294,0,0,0,0,0,0.0056866396736096267,0
F191->seed6:GP180,0.0013107167849153933,0.0078703666928726553,0.0024755068010504414,0.0087244554645763868,0.006164076733888928,0.044523025856919717,0.048934159795611901,0.038274321663822233,2.0983358976935736e-30,0.070578663560359106,0.067004512389499421,0.065221219115479373,7.326537408942882e-42,0.24297104229918476,0.67906521694007127,0.4162320615900118,0.065303750340867966,0.049319300824530905,0.019394281712224563,0,0.096872354208236464,0.04724993277874872,0.11174839601317754,0.0031750457832833614,0.030066120430916415,0.028727749268011814,0,0.046848666874291574,0.038955188581285181,0.14774633653108735,0.038811838437751066,0.012673041829204149,0.011600765743284147,0.072127668886048366,0.028846019277948852,7.5754448836927877e-44,0,0.01070429841781206,0.020892015344734578,0.10349846598323312,0.025499683378870052,3.3804470451836545e-27,0.078104687323837088,0.04781119749018152,0.011952986053151444,0.17701132985701215,0.12600074061878008,0.11373688536276221,0.13860225509739241,0.053136161674019217,0.23632982292267718,0.11071165309258772,0.0077080227446022958,0.029296747426464452,0.093447636263152514,0.17045599438135747,0.73849722263628648,0.67409397192198151,1,0.097834468174657824,0.042628613792932826,0.074352919025615111,0.12448097651034189,0.25138347644394854,0,0.028286243682538903,0.26960889298357316,0.32763100016629182,0.67140034934055859,0,0.10711784039563561,0,0.11214573891939136,0.37485011170642807,0.54350931878201481,0.12695361254244331,0.028591741894982817,0.072050903656422666,0.047657275272209004,0.095301899551462246,0.20811662600853251,0.051338041089948952,0.041623323037293679,0.027490423717791562,0.46032115081310387,0.22089652057002757,0.32304668722873281,0.027748651154161232,0.038168576028690761,0.28023615994898221,0.25167591026058728,0.011931729354807801,0.38823548993334844,0.042606553015225104,0.76672408781741408,0.11336310209013668,0.063102346619588676,0.18641812771927357,0.1256660466417544,0.16233072370800625,0.56482588478436613,0.13569986407703907,0,0.011624129497511865,0,0.052790465986609601,0.014220845905776141,0,0,0,0,0.030657405548216873,0.02885883693069206,0
F160->seed7:GP237,0,0,0,0,0,0.13154143254991632,0.036143489707879464,0,0,0.08688406408070172,0.040730362729169675,0.30968576702527323,0,0.1455097112289904,0,0,0.073673265675199134,0.078059900891614811,0,0,0,0,0.048552341723839786,0,1.8880277350773893e-26,0.01414582420894293,0,0,8.7284091264430929e-24,0.063569491261399866,0.4300060218578669,2.7986644386368079e-33,5.443951831275945e-33,3.0482202330971211e-37,0.026632608830357223,0,0,0,0,0,0.4520264012138101,0,0.022476335096151174,0.29134087437222755,0.040747664299936481,0.11368970060872753,0.077554985183236946,0.21001927128805412,0.36854511127391937,0,9.9552674662174535e-34,0.20443308927447454,0.056932575143251729,0,4.9614974704935685e-28,0,0,0,0.078855643654882124,0,0.024857470067683074,0,0,0,0,0,0,0,0,0,0,0,0,4.473072329246566e-31,0.12545123167999861,0.050886996259311673,0,0,0,4.9553029566190281e-30,0,0.45502848152686232,4.4948895740135065e-30,3.5896507686933226e-25,1,0.041480713748425234,0,0,0.00016503096681417246,0.060878400388130707,0,0.26438812053768151,1.0289818456044755e-39,0,0.07793305627799306,0.38646253642801964,0,0.081527656039305715,0,0.59950002656984125,0,0,0,0,0,0,0,0,0,0,0,0,0,0
F87->seed5:GP197,0,0,0,0,2.1614729983748827e-14,1.57911288970043e-10,0.0018254286897299036,0,0,3.596912044558037e-31,1.7413555007358225e-13,0,0,0.011023462758478965,0,0,0.0018595288307904361,6.4632999182936011e-31,2.6985129784118958e-19,0,0.18584823217988078,0.0020337717603964925,8.0400085223465991e-31,0.00056103716551170267,0,0.004286613172373761,0,5.384141066926871e-35,1.8161327338042714e-08,5.9875548887662273e-20,0.02171747410959354,3.1117857484390473e-20,0.0048684617077189721,0,0,0,0,0.0071876027324991772,0,0.065152424145447266,0.26539428787684566,0,0.0034055051394226254,0.064207346919674557,0,1.0708333587666664e-19,7.4766125968537656e-30,0.012728440744839139,0,5.7838669537290647e-39,0,0,0,0.0035128428885639234,2.4898034134149061e-19,0,0,6.7109787996455027e-30,0.011947824171084073,2.5712568237632787e-26,0.030130265535624541,0.062406964867410944,0.026120298357704276,2.3060693815514448e-30,9.8099999215200009e-43,0.0055863051819762246,1.662637300032235e-19,1.8784106463060481e-30,0.038205397127690159,0,5.8035570769048759e-13,0,1.5431467776548257e-29,0.17479152660166777,0.057023276877147117,0.041080719004687578,0,0.048379936646293836,1.5914428606017902e-19,0.071102407097847417,5.6632039546943685e-39,0.44813409441492724,0.096748017726015864,0,1,0.069134521113590489,1.6991823837398742e-12,0.1863247583760686,0.017085976219978857,0.11991409637402056,1.1543754634316629e-29,1.3873376009012993e-20,0.46163428930692568,0.23840769749273841,6.1769420239177968e-13,0.014638730039556827,0.026481888778144887,0.02058780974529752,3.5786327447042717e-15,4.9638141802894864e-30,0.037926237229923429,1.8672275007288466e-29,0,0,0,0,0,0,0,0,0,0,0,0
F64->seed9:GP248,0.00035762091766422972,0.00084287564594271737,0.00061605184120503938,8.6126364232499418e-12,0.0028104173852031562,0.1136777621036084,0.0089243179392595514,6.6122093720348802e-11,2.3314959522649997e-31,0.010726426698916311,0.035199063595845244,0.13381480335660775,0.06506579845254995,0.040422475772059749,0.082301255397350059,4.4822531725390533e-31,0.021969986514951235,0.024092558355031286,0.0088425735275614575,1.7117436863771404e-05,0.094644940590292839,0.024857209468250926,0.035964693152230068,0.0015999949671607237,0.003956346928413782,0.015717580743764833,0.057152415096741536,0.032039975546322104,0.022542870169029387,0.031392562943796505,0.017697587049616395,0.0030589933137249968,2.7229980031470048e-11,0.011838817401189822,0.0065759522057898378,0.021768336927866092,0,4.0201870143865185e-11,4.6796087115487375e-32,0.1415657459037869,0.3697129357291622,0.1869912502608935,0.043011248395782485,0.10463419103769746,0.0012585360654742785,0.094741414198231691,0.019149377630213616,0.044079957013631592,0.22749696179334866,0.048453253064481033,0.025188546442004668,0.2271478603771965,0.045686631742709413,0.0028623163198695013,0.0054390844377208338,3.6881364136283371e-25,0.029461837015940778,0.092917473277843818,0.28719028425180182,0.0051468945161295097,0.062910875817651341,0.04068009201214394,1.8275522786179822e-16,0.22349837098834602,0,0.0068277069644133853,0.19599086983745409,0.021006341377488108,0.046695485099095123,0,0.038783758139507345,0,0.019174182126611435,0.20413923645907189,0.18972559183969517,0.073222581757733912,0.019554120045058715,0.019710343816934914,0.0026074456416351993,0.057935296930116065,0.11860953012524368,0.22470540127271624,0.013138286140596806,0.025067685767278552,1,0.13058742115835237,0.22093236308086736,0,0.006960954048697161,0.26305477061354748,0.172121726619131,0.27744427980810082,0.25445200521638989,0.17483231023605497,0.11545636750384494,0.01789178359383211,0.053944854884000457,0.023485330013633073,0.030332925278619461,3.1410926886167539e-22,0.29357713492301979,0.092805442275553873,0,0.007912008946611938,2.7917451074141124e-24,0.028882865106585175,0,2.0712257776106741e-19,0,0,0,0.041933338563538855,0.039473248238876317,1.1136460996235733e-35
F116->seed6:GP85,0.00011886822914736998,0.0009608308247127487,8.7541010395246055e-25,0.0039560819930646012,0.00091191666137093971,0.045088437003218899,0.018984210718731145,0.0043388481683614222,0,0.028447351110127483,0.0098604892073903983,0.50723417557064421,0.15099191213689819,0.30029449803011227,0.16759268360366894,0.1887399024392159,0.057847970354398218,0.16271523817398756,0.029317166767305926,0,0.05020159176055234,0.046694222439667352,0.15389321802634351,0.00083352030725193963,0.0047090143249616679,0.0049211311280045475,0,0.031976418271312805,0.020377951979248275,0.039654932889849941,0.014665364449470546,0.0016972497634098231,0.0032877105848862485,0.0039247430999950188,0.056572991596601542,0.0036082627570380209,0,0.0038809617105451375,0,0.029331894367792034,0.061361836857424884,0,0.039556027522730935,0.066696990121486013,0.0020846363970278823,0.21195287678197119,0.02618679644019194,0.047274625927437169,0.1332406487073233,0.0080679475700955912,0.064013634268022993,0.046018132732425776,0.024392253631539598,0.00094890020225178392,0.0027047069483780721,0.027481902722363481,0.0027905814413684516,0.24194191156029779,1,0.0017062716700530693,0.023399363972977809,0.021994647185589015,0.0070556973883437899,0.022797943278716599,0.11824667847511527,0.00075449523789427502,0.0062648745109017958,0.074281682289265447,0.32849777444521844,0.15829784133086239,0.0042857968604968133,0,0.13348695766747234,0.044066887606845892,0.042308001274900239,0.022655048455287582,0.0086433069086785212,0.013068540609719322,0.0017288135551633583,0.078426160678160564,0.015728324548969688,0.02327911408664169,0.0014518454033785838,0,0.12269042227512769,0.11467569663753648,0,0,0.0080768070962576669,0.15448007453111962,0.28530450266009061,0.097387009021710352,0.088022341669829779,0.025759776504785906,0.1929313700785624,0.01383991168935814,0.014306814704929048,0.096404658636627186,0.023463567321038579,0,0.13798267892461821,0.076915948594726724,0,0,0,0.028725291140253011,0,0,2.9443423602780733e-44,0,0,0,0.065429833499893147,0
F156->seed8:GP131,0.0035805963890862538,0.017972426732048491,0.0045957299793612325,0.010369362648726083,0.013976245051771015,0.013432923678608114,0.058965832870989471,2.9102903453733259e-38,5.0172315473885208e-24,0.026671333629627585,0.015902271841107443,1,0.81219034047888639,0.094049306057180843,0.078273016758363498,5.4673339692819722e-08,0.095043854505725667,0.053175008893754858,0.009634327068779357,0,0.010501466525154955,0.043846999823603093,0.077967459204518905,0.0073851206906349661,0.023991566453840672,0.019324423646909228,0.0043310823018055875,1.7995441273132386e-39,0.010543103751275757,0.05417966731608323,0.034360401882749594,4.3646116755045785e-10,0.0011003814213649179,0.0021893219263331024,0.018326743906833524,7.0382860133017075e-23,0.064408999724400354,0.029124780612501316,6.1678641618962311e-09,0.043823340629004441,0.0058049973211977517,0,0.031713241035374311,0.0090701887249853893,0.020793056859918189,0.071885855431398846,0.021151595899313827,0.042945976228791718,0.033656336771594901,0.10752401806540876,0.051222020805637869,0.070009774096984126,0.023396428898741276,0.013469012778428727,0.02112034539631984,0.014371962942852328,0.23812650056450296,0.4540846971245332,0.17003248068256735,0.062737770389035663,0.061014480970977947,0.020518215198318413,0.041326406223361846,0.2479858478433753,0,0.059298038840825934,0.046202292765657196,0.027192538870553902,0.077717440398703,0,0.021430243069687289,0,0.053187479038495585,0.13456729870632408,0.092382248492331995,0.050975566892697784,0.018080464091403164,0.10934948793980562,0.026027906188378101,0.08892742301851575,0.078487895788515533,0.062331283910006696,0.021691255476270016,0.048423869786888223,0.056664444459773783,0.13954981340360303,0.061284746003230327,9.8340456549367638e-40,0.015447254038815861,0.12843165079587199,0.095490077920132602,0.056798675282193997,0.17688381717659168,0.07543967833349921,0.15945865200568543,0.0826654887163462,0.077594997291634021,0.05660230889431328,0.044875117064150989,0.061591108347450012,0.13498937019733132,0.051659543450632346,0,0.013231170943716902,0.0097531436918723725,0.13562300301122993,1.8026952922390942e-14,2.6257879144136638e-35,0,0,0,0.023263871711815404,1.1371881806843083e-08,1.6514260721203861e-11
F193->seed7:GP247,4.3928469019526988e-13,0.002843017460975413,0.00090572372705039232,0.0083604461321685423,0.0082696509474573677,0.26480991688741218,0.073673352793298716,3.8531608408969974e-21,1.3917365079065487e-21,0.094687502041699304,0.051786626633631663,1,0.19145604920114204,0.11012401771577947,0.10378773876992788,0,0.070584368096787781,0.089775257000034109,0.026019266382050758,3.9168964137960066e-28,7.0805101017836998e-06,0.094272323849443451,0.076429949569119776,0.0022418971941788519,0.0077594388212516748,0.013703397895797473,0.11211390250223406,6.1353800900017349e-07,0.039152270478516243,0.049072773059587127,0.078104455151216418,0.017002049321647672,0.015563447303105778,1.1309999281321845e-30,0.056436722566276278,0,0.056936282285164223,0.035838661835794379,0,0.0086782731978782279,0.352363645338864,0.011832722214922516,0.061237578301436849,0.033675032612743544,0.01662559118537613,0.22026781287363095,0.042260270382692484,0.17800769348594475,0.48346248971890965,0.047524553022114231,0.090587784358804782,0.11139706532494052,0.044810959333705491,0.007018635977899557,5.494386252485428e-14,0.01524545036801403,5.5666173271125322e-18,0.48369246672846811,0.24819963862829747,0.025241221055963246,0.019619890397951693,0.054863019217744231,0.046739367374479951,0.084313303023021646,0.1749246948703076,0.0044645603831207905,0.0075881974172594549,0.027471619109289167,0.32060334120007633,0,0.037862384022405333,0,0.018806671946652302,0.032595016148480357,0.10253890843677337,0.0082079012492658945,0,0.019332573034760065,0.010229875378304195,0.11344103100551785,0.069801688385507668,0.055099622585078056,0.017181954064124965,0.049174428995687205,0.17531440717400504,0.24230056862686733,0.10834888267325042,0.0013572588308485699,0.013655069330663818,0.14743590879030496,0.25323402991878935,0.12805954720372492,0.18446843587321937,0.13337435364337155,0.094369521077233204,0.055184656003612262,0.031746540363215579,0.05923334318188582,0.079337432460587026,3.062062577266976e-39,0.12124218074537813,0.091026661507670609,0,2.1172647544988165e-13,0,0.070823176862338286,0,0,0,0,0,3.70046989936328e-21,0.038716667307911484,2.9249061181289104e-31
F159->seed2:GP185,7.9553559304910557e-41,8.3181150631910032e-21,0.00024091808039862397,9.4551313986364955e-41,0,0.020654809268415435,0.052670929798227198,7.0639540407160357e-10,0,0.063989000719706854,0.011315178538740204,0.57348928758290185,1,0.086119812653771888,0.036426555838917275,0.074267635714328747,0.031118718958876607,0.10937070023815669,8.469867547060163e-10,0.0047212665264945277,0.0074077693119407846,0.051864761382189366,0.078604350310474955,0.00035780025748173046,0.00025798858386438556,0.00034172224737617497,0,8.8856917365326058e-40,0.00561402916272558,0.0011517414194769451,0.0034625676549930183,9.767015181504692e-11,0.0077621287751590377,0,0.010293868519336388,0.0042594673543659509,1.3428171008465477e-08,0.0034379088321887384,0,0,0,0.011802924753327775,0.0076014865445404927,0.02431293020789935,0.0039289745382267219,0.02453221951012664,0.009367536169556075,0.050699929975720898,0.053417912405234351,0.0094809850020136036,0.032830019538210506,0.024692647404351512,0.11827813263645812,0,0,0.0060828234058122469,0.0082355086584951602,0.050348505183233284,0.0038098490932759544,0,1.7021785382767725e-40,0.0039799899018594202,0.01697484571255381,9.5358261544158177e-40,0,0.00089066347193444506,0,0.0054804877415802868,0.042639460002048359,4.9401258235731108e-16,3.0623283281344212e-39,0,9.9922717247892892e-37,0.014863084808160816,0.01363740156166655,1.2594334081154942e-18,0,5.4443170269294558e-36,0,0.0037787838715223629,7.6023595308790393e-08,0,0.01199707703087788,1.2005737379757282e-09,4.0006295697098418e-31,0.0030061629243918523,0,0,4.2498602758428288e-35,0.014720132281470722,0.033679508815134512,0.0063868445187580261,0.012988510874154183,1.5913637263111939e-25,0.009413187504257764,0.018671636876611289,0.0084444252378438819,0.00065649088224567075,0.0079137642429430027,2.2193108517241685e-38,0.072562265301648929,0.018159484118947661,0,0,0.0068798999037455811,0.022606343291363566,6.2602255838407501e-29,0,0,0,0,4.016588883796307e-09,0.092686008073878168,0
F56->seed7:GP234,0,0,0,0,0,0,0.0025399695756670045,0,0,0.0274758440502684,0.077282376030195818,0.17410436789884035,1,0.015338457307350473,0.040155326887163036,0,2.211401086539988e-31,0,0,0,0,0,0.02047198059475577,0,0,0,0,0,2.146421526150872e-21,5.8649499348338904e-40,0,0,0,0,0,0,0,0,0,0,0,0,0,0,0,0.029960624300437503,0,0,0.077698089303354562,0,0,0.043099365426673718,0.036008229433241896,0.0048879006401344365,0,0,0,0,0,0,0.0052405468695494789,0,0,0,0,0,0,0,1.785995150711165e-07,0,0,0,3.0786984169033508e-22,0,0,0,0,0,0,0,0,0,0,0,0.042164766114835932,0,0,0,0,0.025669234214786285,0,0,0,0,0.032860289723774555,0.20368878607012458,0,0.063022524521971948,0.034532482449639086,0,0.052771981302533535,0.15848136168354043,0,0,0,0,0,0,0,0,0,0,0,0
F82->seed2:GP249,6.0589625603241953e-25,4.6997984390782493e-14,3.6303442460347547e-34,4.1153131701635238e-25,0,6.8096955504933606e-41,0.015242355396342481,1.6908878993681692e-05,5.2886613260858354e-40,0.065958022549343742,0.0090160952993384429,0.097932961656409148,1,0.028468827064065734,0.012046354462094717,0,0.018629030839276018,0.039496114378619072,2.0270878769219569e-06,0.01236052105545731,0.019394322321545025,0.039902763917410065,0.046061140146264376,3.7371880658947997e-28,2.1508161018208729e-27,4.9922757729535269e-31,0,0,1.5676583443794987e-21,0.0010051269272651716,1.1375026161970656e-33,1.3700050352314538e-12,9.7403541951667831e-12,0,0.0033688049211804279,0,0.059625915668972955,2.299209680990788e-23,0,0,4.4840762321909016e-34,1.5166359800653368e-44,0.0028430706418706795,0.0050253017347282334,0.0012885530382768589,0.019869645137513381,0.0073576443003303222,0.018596194153671624,0.0077696510523937055,2.9760838639031534e-29,0.034410347097310397,0.038788643126454074,0.025205388910964365,6.379122595752813e-40,3.8886546528875231e-40,4.7523227280034701e-38,0,6.2185699942671149e-33,0,6.6233768203423351e-39,1.5559048705247861e-17,7.8954006497268548e-30,2.7215180312851669e-15,0,0,7.6908610549113217e-41,0,0.0071742450944409222,0.015947801939474093,1.7491362758093528e-40,6.6910298564959034e-30,0,0,0.019456524112995446,0.0079342720298959286,9.4638085156077005e-42,1.04132226391286e-39,2.8182888099564118e-39,4.6029901994982965e-40,2.7718111970201134e-32,0.02430506374421024,1.5166359800653368e-44,0.0044870888779017038,1.1496511737245851e-37,0,2.3013586025109425e-39,0,0,1.8901753837847347e-33,0.011550921811348683,0,0,0.022670193856410968,0.019903359955350235,1.3128001043445554e-40,1.5728100534765844e-11,2.9437904373068177e-40,1.538698483667347e-38,7.597236082589929e-26,5.7459225241675938e-29,0.079156973340572742,0,0,0,0.018012304467706269,3.7315213072188837e-05,4.4590608383357035e-06,0,0,0,0,4.54990794019601e-44,0.040443625123984986,0
F136->seed7:GP61,0.0097597096617934916,0.0061720734570225129,0.021998749286566574,0.011754909461009202,0.0040159575504896622,0.00022091510532878993,0.0028343635932204375,0.011515415558559373,1.4034155398727733e-09,0.0035021733642822085,0.0011291553318748121,0.0013869253729708326,0.010519754232555053,0.0014662446717014167,0.0025590386195629045,0.041358599548911933,0.025157456347862005,0.0042655787843948216,0.025472222450435004,9.4413061159790256e-16,0.15501104523010856,0.014247890951449155,0.005849229910737659,0.016119345028244959,0.01318526297442014,0.0023176683247801868,0,0.026685984744324633,0.04184533391583975,0.04990812797807611,0.063420396777721461,0.039177750961433604,0.0047477333235389774,0.011782250533494361,0.0093527477436333873,0.045784079242780329,0.0062982624523229939,0.0040441171282498377,0.054347852982212133,0.019337158931300492,0.00037957440303161083,0.0032928625083505744,0.011019937957267936,0.0083248328636714303,0.0013736943745442122,0.011620608870625423,0.0029376254197034405,0.0050720577828317513,3.3826804541552476e-17,0.032766104828279012,0.014035210063958111,0.0055012823678885613,0.00191229074029058,0.35837518084520453,0.14084959913216855,0.05471097549365244,0.06448453418093171,4.9799637769934775e-18,0.001128458933861842,0.25457872430773804,0.049961813289619579,0.0034682038650009177,0.0046324643903488871,0.32848784976360645,0.097042998670835073,0.97478903876293421,0.031498583120813536,0.0053380881063499483,0,0.051964958759802615,0.01124914166488258,0,0.010876984665873132,0.016587501532381702,0.10470564014732128,0.037630727664237897,1,0.31846769239988615,0.35020560897614028,0.0019410945224583125,0.01847061781925129,0.051370222291598905,0.008847321944495324,0.0013641193448671537,0.0027026269331569064,0.0015848330537592524,0,0.062952231413559087,0.00038440206989529224,0.0048631275858186107,1.1782631836778353e-33,0.0035528219423205895,0.014989634575492815,0.016912400282425397,0.00052353430609970882,0.0019043270270892867,0.019960168546683556,0.012106506528952874,0.011740829108309302,0.33825536752433327,0.0096037888369154417,0.01203710627053009,0,0.022540129069631265,0.05065458352483071,0.021890791485418736,0.072403462369135418,0.077600775944933809,0,0,0,0.057174582938458104,0.013238908013119926,0
F158->seed1:GP56,3.7194790363725626e-42,0.00020240327919476497,0.00012065855188244198,2.4376550954630534e-24,0,0.00019878281715487512,0.0005097805484176154,0.0012816305743843914,0,0.0021113983681488747,0.00024620368168704206,0,0,0.00019947641447323221,0,2.0542813175061529e-06,0.0016607415916436439,0.00045623657486946014,0.0017318090079114451,0,0.15536573553292249,0.00032455618903627458,4.7140032268727409e-28,6.7148015957985599e-05,0.00026054491150625912,8.543317203608108e-05,0,0.0015687491342716857,0.037597553701826734,0.010192498550040967,0.12528598967045879,0.0072046159633546375,0.00019422807880239618,0.0038686821836490309,0.0017463804946460666,0.0097132209186747941,1.0463912095287777e-27,0.00028675056918465829,0.02629631961752971,0.0060645772297494085,0.00034154669969726397,0.00059067813031558631,0.0017321218152286893,0.00091726681316137799,2.7837803057092869e-13,0.0017813014164344383,0.0014064044558605104,0.00049717096366512536,0.00074249303025290315,0.0023723799778037264,3.4571919852445403e-27,0.0012079816425300599,8.9169545276728375e-38,0.47626731753781043,0.050342525461906817,2.1848205364410669e-26,0.0072770299875822156,5.8549412452769427e-30,0,0.33988096449483302,0.028465465869242829,0.00099589304865606212,0.00013335493994070518,0.1306334959873402,0.086834086419123893,0.86267184761395865,0.0058411482979774101,1.5189440633838654e-12,0,0,0.0050529579309236787,0,0.0018776220080443955,0.018360444363812244,0.022961725488067835,0.028761522485105995,1,0.31091510838469144,0.52034989890148686,0.00047277371785382983,0.010550069638040477,0.013514632859588246,0.011493030774731823,9.8677677368271729e-38,0.0050865199237967746,0.0012536907059814732,2.1623977020055441e-28,0.036954314302878308,0.00027205120542720404,0.010935491593658482,1.1828937709249686e-07,0.015980859091232993,0.0065103733168342687,0.0038045255188441335,0,2.5802057964848342e-11,0.01262227823570179,0.0040057905011984954,0.0049505606440618591,0.22607387853648386,0.0015130733455174536,1.0496638727378072e-32,0,0,7.6188541696925476e-37,0.0042425098302381059,0.055237968673927156,0.039617175736658336,0,0,0,0,0,0
F42->seed8:GP127,0.0014105779230028418,1.6769373956442342e-07,0.00040363823181807082,0.0011177567456106669,9.7054817220739051e-45,0.0026619535294547204,0.022911847167080529,0.025743982436339127,4.4062887018215525e-42,0.0052836761872395504,4.5354548817583105e-23,0.062656883774022371,0.042661460102763969,0.108875152526498,0.13876546427782926,0,0.1732491475966568,7.8352033661405802e-17,0.0057977786598119568,8.9758245767565606e-31,0.012411102154892578,0.010865199438526237,0.005895210534997598,0.0022479885292076185,0.00043253280967212591,0.0056840619568448471,0,0,0.0013436912369477285,0.0095511538866630327,0,0.00066855977910944752,0.0026112052154618885,1.0226270106895013e-27,0.004311606098443322,0,0,1.2835994557010564e-34,0,0.011602488974669818,0.0090183096436112168,0,0.0045484397486994553,0.0010719551215419417,0.029684866114238411,0.10118017590137429,0.0031389009916245967,0.21878828691220839,0.039782726874661348,0,1,0.074663092642433482,0.02765839258821089,0.027212511111320749,0.041011588383998078,0.32953769413050121,0.08002982028670072,0.65015032432420061,0.10884537610857467,0.05399143467944871,0.005030301678594121,0.010002214208600074,0.28603947203887597,0,0,0.0029844654253666117,0.015217879912055912,0.33934780094553907,0.010205553756159245,0,1.4562851127344111e-34,0,1.1613268853218526e-33,0.0093381579671193028,0.0050774169396139296,0.015089093992893026,8.3460678959008664e-33,0.032308416023067055,0.020513325645815369,0.0094965576403318527,4.2601937353910663e-22,4.0573542142502177e-21,0.0057428888226586823,0,0.023598017930993948,0.025182886215378071,0,3.882192688829562e-44,0.01487607031567157,0.0062061615522466069,0,7.15390863624433e-34,0.0072537232071927396,0,0.033757099899571555,1.6016466359111597e-28,4.7292968390138934e-34,0.0048750644395458946,0.006629428286176145,0.02426370430518476,0.010130984598992206,0,0,0.0052123963148829411,8.0652553110434137e-42,0.047343815408880878,9.7054817220739051e-45,0,0,0,0,2.9116445166221711e-44,0,0
F91->seed8:GP63,0.0095131768195055363,0.0016418233742223002,0.00040692209127438079,0.0022536543136144485,5.8705404928357872e-43,1.3393358305308024e-36,0.026484941476581824,6.0799806350437606e-35,1.8509201680853151e-32,3.0073863140480859e-27,0.0016618656734233978,0.0084829717145617975,0.043007624657992093,0.033097379351587061,0.046628597516135184,0,0.08284817882135985,0,6.6220029423148947e-10,2.1966584100776043e-25,0,2.3270049559102839e-35,0.0035425461551677781,0.0015546843586493218,0.00021941041379091718,0.0011261780707133998,0,0,0.0027091884917055131,6.5691694476721541e-06,0,0.0013479692430642498,0.010352477035424015,3.0184362367330676e-40,0.00217330833526735,0,0,0,0,0.011696634145176899,0.0046108549816036831,0,6.6326540596157303e-39,7.7788262128243136e-38,0.078239696907908052,0.048364353921579756,0.015821836532060391,0.19634588207023435,0,0,0.50656623867817341,0.016682411391040226,7.0446485914029462e-43,0.046013214195280004,0.017975526499424098,0.98272252968634488,0.042517775018188889,0.2541314515772381,0.057912966106238778,8.180701889648711e-12,0.0020284511831291626,5.3624628248023295e-31,0.78811875007582777,0,0,0.0055386033044881071,0.013594823513941163,1,0.020576727768556683,0,0.0056967881490224961,0,2.8982155905117978e-26,0,0,0.0082268556876340191,0,2.4356056499647177e-09,0.023640975746449005,0.0063824099429735694,0,0,6.7944612233188822e-12,0,0,0.013452188948433563,0,0,0.018404391007740894,0.004967877380846618,0,0.021562945304956969,0,0,0.025438372827068356,7.9422542327575375e-40,1.7222426169147492e-33,2.3717527594475586e-17,7.0759644026079286e-32,0,0,0,0,0.021018763812892565,2.3012518731916288e-40,0.019091188670952684,0,0,0,0,0,0,0,0
F95->seed2:GP219,0,0,0,0,0,5.1543003298752221e-41,3.6369826277668877e-35,0,0,0,1.6850329078421064e-34,0,0,0,0,0,1.9173001227072079e-41,0,0,0,0.15403448915820731,0,1.5216473973854334e-37,0.0012816356180246795,2.342973949950333e-38,0.0048961777833553786,0,0,2.6003901664249708e-40,2.4900001593600105e-41,4.4308086225717519e-33,0,0,0,0.0092181258399600535,0,0,0,0,2.2460897037497414e-37,0,0,2.4530690579964199e-24,0.055003319170212436,0,0.0098376204496077105,6.2728822714644649e-19,0,6.4560533231874131e-34,0,0,3.2021402049369736e-40,0,0.0012450832456853277,3.3957410373274265e-34,2.0371029943745918e-19,0,0.040077261384944732,0.13646827673396972,2.9051097459270243e-37,0.0086037116606375464,4.9001460136093448e-09,0,0.19279907723914094,1,0,1.2662968850430007e-23,0,0.087276555685699572,0,0,0,4.867347731510255e-37,0.079858889200968911,0.13026419233690831,1.007260591464678e-09,0,1.9632995556511719e-26,0,2.2283745976159746e-30,0,0.078747632839848508,4.2170841898933883e-09,0,0.27689742992143551,3.1579105811062774e-17,2.8041780044673927e-36,9.6447948372668714e-37,4.2929057737459698e-17,0.16857091088853829,0,0.091510485556671087,0.18609867771031538,1.055867718575534e-35,0,2.9284584774213429e-23,2.1883980600574757e-24,0.0094141793225074773,0.056693991928415489,2.3427432099355657e-37,0.086638841744885869,0,0,2.8254123108263881e-37,0,0,0,0,0,0,0,0,0,5.4458656535354023e-36
F59->seed5:GP205,0,0,0.0017259394611445925,0,0,0,0.0041700377568967134,0,0,0,0,0,0,0,0,0,0.016991746436998936,0,0,0,0,0.0046459555964286576,0,0,0,0,0,0,0,0,0,0,0,0,0,0,0,0,0,0,0,0,0.0077795475314426385,0.064170867180218014,0,0,0,0,0,0,0,0,0,0,0,0,0,0,0,0,0,0,0,0,1,0,0,0,0,0,0,0,0,0.053239254556516236,0,0,0,0,0,0,0,0,0,0,0,0,0,0,0,0,0,0,2.4568127999946881e-41,0,0,0,0,0,0,0,0,0.26018944018698337,0,0,0,0,0,0,0,0,0,0,0.22133448095264577,0
F106->seed1:GP201,0,0,0,0,0,0,0,0,0,0,0,0,0,1.3457268554535242e-29,0,0,0,0,0,0,0,0,0.032293987208897548,0,0,0,0,0,0,2.559974990400094e-41,0,0,0,0,6.8644325767583766e-24,0,0,0,0,0,0,0,0,0.01761652292393804,0,0.0093992017822529944,0,3.2816449394438312e-31,0.040855530084291762,0,0,0,0.037867995407995014,0,0,0,0,0,0.02622492610165653,0,0,0,8.9147089703198415e-32,0,0,0,0,7.070984278483809e-34,0,0,0,0,0,0,0.020860582246772817,0,0,0,0,0,0,0,0,0,0,0,0,0,0,0,0,0,0,0,9.5815748790690963e-37,0,0,0,0,0,0,1,0,0,0,2.1771359143357407e-37,0,0,0,0,0,0,0,0
F109->seed4:GP247,0,0,0.24485338888621336,0,0,0,0,0,0,0,1,0,0,0,0,0,0,0,0,0,0,0,0,0,0,0,0,0,0,0,0,0,0,0,0,0,0,0,0,0,0,0,0,0,0,0,0,0,0,0,0,0,0,0,0,0,0,0,0,0,0,0,0,0,0,0,0,0,0,0,0,0,0,0,0,0,0,0,0,0,0,0,0,0,0,0,0,0,0,0,0,0,0,0,0,0,0,0,0,0,0,0,0,0,0,0,0,0,0,0,0,0,0,0
F118->seed3:GP68,9.1778796793380805e-36,0.00016500812084592714,0.00085869067375766875,0.0020381914546944578,0.010080282284049563,0.0097079686936257185,0.0059277573888135487,0.0052159197604261963,0,0.0010690951492251157,0.061092234309824842,0,0,0.021477688969831227,0.030086772589649632,0,0.016430784978924501,0.1517354281961717,0,1.4761027915275141e-19,0.0075437408370594679,0.0023114713113390512,0.42593760198251046,0.003097129706297449,0.00078817210530128534,0.0073078876621426054,0,0,0.0081672508452971179,0.012900417404165641,0.024682866395507732,0.0016254612883533877,0,5.899205235473857e-45,0.014544692850800367,0.0043376509813091938,0,0.026841091220826365,0,0.028208990671940711,0.0083400639332266591,1,0.0060822257182223376,0.28769055317791364,0.0065156892902760565,0.018878578192431602,0.0047701254336210809,0.016533068348899765,0.069507509570280651,0.0096550003197369231,0.035134241724417918,0,0.48040048052566164,0.0017110718525557363,0.0075867047487894242,0.010324125342537351,0.0016773401970192965,0,0.0019398899302690343,0.012307103657766811,0.0097841693175728592,0,0.0042409817079803735,0,2.6955869697410886e-38,1.750862109853112e-24,0.0041109443471337766,0.011162167028209291,0.043422120698211053,0,0.012002733573722014,0,0.0076414576322619511,0.0037842298434185751,0.36702116564048026,0.0029181285880441046,4.1029703914169868e-28,0,0.0010391413447214737,0.013468510278421249,0.0094538545289024473,0.4188185590884454,0.001745351839218813,0.024975465205425665,0.034440726437571421,0.016327154820393978,0,0,0.0027741384269745644,0.010483482343324777,0,0.019512250171607879,0,0.37806938598004325,0.023006325835758103,0.0095071798047079905,0.0042997124255431804,0.013377495570286788,0.0080590234361265917,0.014748055562962334,3.7031999530895204e-05,0.53297402060804766,0,0,3.5631199622262095e-42,0.023021288579917362,0.0077519119914088693,0,0,0,0,0.033423247446411029,0.36164446481112278,0.12824358951064677
F20->seed6:GP18,0,0,0.00032738299327300771,0,0.00050322938036396786,0.00036348181485663396,0.0018664607221047162,0,0,0.002400823513196885,0.013907043993151083,0,0,0.00079110107451641452,0.010526247992239309,0.033980887178426976,0.0063745182699596588,0.029334820268973671,0.0015833387668771173,0,0.020336387780092557,0.00029672635613301314,0.70072014333953547,0.00094133378922090926,0.0009443339270473858,0.0014062777309521159,0,9.5704653763988066e-19,0.0007339081227503803,0.00087829185286493526,9.3152854863419261e-24,0.0010954780458326044,0,0.0028264560572085896,0.0020605848083416825,0.015591230525383925,0,0.012574017323727886,0.025584063548607688,0.0015842852636991564,0,0.34993424086767067,0.00024843089857561637,0.4358027332050487,0,0.00062830605959404804,0,0.00046426856549143086,0,0,0.0030068171095667478,0,0.50039810647625405,0.00025626116526984829,0.0019478295775618496,1.7426633906373414e-35,0.0030145115376663855,0.002559641651161188,0.000871591312691168,0,0.0002747495798942977,0,2.4121679574646293e-27,2.5560354744146353e-09,0.095801532524397923,0.00040751983906108365,0.0013852835779753292,0,0.0027000803104276329,0,0,0,0,0,0.49217172118764013,0.00018730190094517156,0.0011671110775379951,0.0017646531543709545,0.0018675421298431428,0,0,0.44257512868221982,0,0.01346575277110733,0,0.00091697253542405498,0.019779918682378883,0.013592355136421706,0,0,0,0,0,1,0,0,0,0.0013053435855027752,0,0,0,0.55019332813833532,0.88350307194011957,0,0,0.0025858626082070364,0.017414646713633689,0.021306343198528435,0,0,0,0.0075085245675694298,0.50182972599036269,0.11524788356843349
F5->seed9:GP24,3.6767599558340335e-05,0.00025474138816244566,0.00037875906189563358,0,0.0051873520724642916,0.0012489387422389628,0.003660474654970272,0.0093944632132448355,0,0.0052246164048154525,0.0023203212883884531,0.0032670616151906804,0,0.0025269929734596042,0.0012056210562428477,0.038919920110497795,0.0030296826740290983,0.0024701893158256558,0.0036269458175790998,0.0012370634200980588,0.034938340881962654,8.4963719024174571e-05,0.67998788794978349,0.0023672085046883497,0.0027041158460622107,0.033259429426747845,0.02344211304123827,0.0016427239047103013,0.012992452190331983,0.01646961209761217,0.027218352369861903,0.0035549935970641349,0.014643861234665023,0.0032372740406915769,0.01180046197189478,0.0145091177876544,0.017857487360980886,0.012311084855889052,0.055675019042144717,0.027218352369861903,0.0025035294811227497,0.12366796097544656,0.00098372086171630247,0.80783203818213178,0.00051584598935267055,0.0025144334531439078,0.0039943776626690797,0.00026587439262347056,0.0045998696720567838,0.01987400195232358,0,3.9336279805542362e-30,0.57184599190270369,0.00058701610863517561,0.0022309415646702747,0.00053128346491580173,0,0.0073291979081774664,0.0024956869149466961,0.00052777360235150704,0.00078670929411333809,0.0031357716416188907,0.0032736384238506297,0.0088146160370338872,0,0,0.0021155077881730585,0.0007180117658832191,0.009576510381966578,0,0,0,0.0019661617585890619,0,0.36625552087864666,0.0013977354521862186,0.00066837380759578061,0.0010105704337592693,0.00053474612150965543,0.010396393998150953,0,0.51555962670368594,0.0044907601295095046,0.0038557411650800835,0.013925475160347374,0.011814396688648407,0.01132743902282609,0.01167597588136165,0.0017844778178006488,0.0019267286837759622,0.01764973100110339,0.010167710062811718,0.0034033115549878899,1,0.0014798929660022754,0.0018346618626471102,0.02403712987881863,0.0020642024876878556,0.0072576083084450859,0.0075893843152956891,0,0.76706226028834767,0.50595896447222499,0.0048910889198525648,0.0018027041795968906,0.01925111537766059,0.019945820296099221,0.03904506298634957,0,0,0,0,0.68810877202744802,0.066070311061693088
F21->seed0:GP60,3.6550651295393235e-05,4.2206388950838458e-05,0.00075037181312199584,0.00017377871739939347,0.011172945385826468,0.011092776887682287,0.0019710578468849992,0.0080048836214818373,0,0.010114141543390369,0.0039725297989182248,0.0032477828675345774,0,0.0036624286620069186,0.0097448148207387262,0.038690272019150013,0.0040157567523441831,0.001473580912999562,0.0027041587662099565,0.00122976409233749,0.015436527708157859,0.0012669358228913515,0.9867691807194956,0.0013746902563263757,0.0010080079019153332,0.026614397154537912,0.011651896245413258,0,0.0022979442164130122,0.0026000450563687461,0.006313475083345229,0.00093547463247975709,0.0022240555439703986,0.0016090862067456595,0.0011744175641977808,0.0055475021781268685,0.0059173361998800704,0.010746021957208822,0.0087389226367361201,0.050507800063193595,0.013155057886720502,0.017430545139812053,0.001272873274511585,0.82247413483774723,0.00076920335330440026,0.0014307649895416714,0.0029280477253474818,0.00052861118647331152,0.032466591743729754,0.0049391837101761911,0.00042794119555399567,0.0038591318515934351,0.90128354820865475,0.00058355240345397952,0.0019405554698823978,0.00052814861177797017,0.0017161451786818491,0.013114712368048667,0.0019847689555885437,0.0015739783023255181,0.0020333749091252574,0.0020734050633942807,0.0021695480511234365,0.014020167327221804,0,0.0006959965922537449,0.0026287815436076543,0.00071377511711487145,0.0095200039111221629,0,0,0,0,0.0038715090744975214,0.58390432900263067,0.0020259688250970913,0.0033221501695875847,0,0.00026607344459711371,0.0039371706592202446,0.002418141963473861,0.66999529518560774,0.0040178357431298094,0.0025553269876180994,0.036495993664947803,0.0086134536264944727,0.011260601147926425,0.0038690272019150014,0.00070957941252892975,0.0026815408010617968,0.0087727941316267637,0.0099818341050456182,0.0033832302187301105,1,0.0024519346927098311,0.0018238363883442525,0.0043991855450236251,0.0030781329642714768,0.00309205019152729,0.0037723014690549056,0.0063002948129044084,0.9791454499857708,0.25148676963339567,0.0024311287902953468,0.0017920672725083421,0.0029442352745194314,0.011896877650984856,0.01212958640184909,0.055885947633816359,0,0,0,0.79626886188457546,0.21868413373019957
F34->seed1:GP227,0,0,0.015304637306092746,0,0,0.0252331349046627,0.01848874586977492,0,0,0.075000002300000049,0.0117197449943949,0,0,0,0,0,0.072982239859644804,0,0,0,0,0.097844955156899116,0.2328406702568134,0.0028412162768243258,0,5.8884141177682839e-39,0,0,0.012737090214741805,0.0060971570619431422,0,4.5711210614224209e-35,1.7342000346840012e-41,0,0,0,0,0,0,0,0.01088684045773681,0,0.030199996503999932,0.43693397573867959,0,0.0054521749490434998,2.0422484708449695e-30,0,0.023565572771311456,0,0,0.11764705855294118,0.04368471047369421,0,0,0.016100805322016108,0,0,0,0,0,0,0,0.10685249593704992,0,1.9918000398360011e-41,2.2002537820050762e-30,0,0,0,0,0,0,0.17703656954073141,0.50536226610724533,0.0065013075500261509,0,0,0.0081028716420574343,0,0.14743590014871799,0.21821632236432648,0,0.07790008615800173,0,0,0,0,0,0,0,0,0.10313902166278044,0.90551185811023727,0,0,0,0.0052130554442611091,0,0,0.43215032064300646,0.72100318642006378,0,0,0.054631832092636647,0,0,0,0,0,0,0,0.61333337626666762,1
F119->seed5:GP248,0.0033427801230877172,0,0,0,0,0.03784970061590779,4.8096659889486845e-36,0,0,0,0,0,0,0.041868931191407791,2.2777817107776755e-21,0,1.4698541077837929e-35,0,0,0,0,1.4572640231111353e-30,0.27940877213537191,0.0063927363977888535,0,1.1909399690355609e-40,0,0,9.8005132771866555e-26,9.8620419555869084e-27,0,0,0.018491222579228212,0,0,0,0,0,0,0,0.19509895772742711,0.056234715637897392,2.464756387916334e-30,0.56394968133730827,8.8319997703680072e-42,0.016356524094730374,0,1.4144359312246658e-36,0,0,0,0,0.32763531348148189,0,0,0,5.9218700600313789e-29,0,0,0,2.7450861306277606e-25,0,0,0,0,0,0.024041810134912935,0,1.959793425045371e-36,0,0,0,0,0,0.25268113983029034,1.426919962900081e-40,0,0,0,0,0,0.52371914958330212,0,0,0,0,0,0,0.032447682476360255,0,0,0,0,0.90551178885669348,0,0,0,0,0,0,0,0.86520371490470338,0,2.0443090388479648e-21,0,0,0,0,0,0,0,0,0.7359999762640006,1
F154->seed0:GP174,0,0,0,0,0,0,0.0023110932682218655,0,0,0,0.015626327272526545,0,0,0,0,0,0.0023542659250853186,0.014973958939479179,0,0,0,0.0080256496005129928,0.065197020303940409,0,0,0,0,0,0,0,0,0,0,0,0,0,0,0,0,0,0.010838831636776633,0.2624286942485739,0.038804011476080237,0.12701602134032045,0,0.0054521749490434998,0,0,0,0,0,0,0.15289649125792984,0,0,0.032201610644032215,1.1700928234018564e-37,0,0,0,0,0,0,0,0,0.0070725705214514109,0,0,2.773142715462854e-17,0,0,0,0,0.029506095230121907,0.13235679624713595,0,0,0,0,0,0,0.04364326447286529,0,0.038950042159000844,0,0,0,0,0,0,0,0,0.13751868635037373,0.2414698288293966,0.014949626778992538,0,0,0,0.031420765228415304,0,0,0,0,0,0,0,0,0,0,0,0,0,0.24533333670666674,1
F18->seed4:GP198,0,0,0.0086088696461693905,0,0,0.047312118869884914,0.0034666397428673667,0,0,0.025000094529997543,0,0,0,0,0,0,0.010594223154550197,0,0,0,0,0.019311620137897875,0.12573437733090617,0.0021309120405962867,0,0,0,0,0.019105634443253503,0,0,0.0095060966328414879,0,0,0,0,0,0,0,0,0.016258246707285585,0.084352159706843843,0.051739075954784025,0.25149108306123186,0,1.8650961715074996e-30,0,0,0,0,0,7.672867420505448e-21,0.016381891254070826,0,0,0.04830241374413724,0,2.5584449304804317e-07,1.1483738701422795e-38,0,0,0,0,1.0453278928214749e-20,0,0,0,0,5.5712054451486582e-07,0,0,0,0,1.0195646044913203e-06,0.036097742361458698,0,0,0,0,0,2.5472972907702704e-06,6.9347978996952541e-07,0,0.058425060550948427,0,0,0,0,0,0,0,0,3.959923973041977e-07,0.18110305329132062,0,0,0,0.0078195828066908463,0,0,0.28810130220936614,0,0,0,0,0,0,0,0,0,0,0,0.3679999881320003,1
F101->seed7:GP246,0.00052685323962273027,0.0040296791809645727,0.0032911609519627304,0.0091846163985000312,0.022023927465777641,0.0049763895042326586,0.015663152809052464,0.0064102566333333402,0.0077209892509321502,0.0078817717811575823,0.071319658817888903,0.0031209709664315561,3.1199351588978925e-31,0.083588210716616845,0.16121160698937723,0,0.018924040515031316,1.6662387716527599e-16,0.0086618877565113519,0.029543603060167095,0.0092901677019304497,0.023943747828171803,0.014679127677071647,0.020640076420802483,0.022560337583210969,0.0063600300817009767,0.027992278459749047,0.0078463207300054228,0.015066285664654283,0.034579144373822188,0.0086758846069662481,0.011493133923526851,4.590653749196247e-08,0.033439838011794731,0.010467748990201841,0.010661532796499815,0.028431376174019724,0.058889446413907011,2.8484181550735898e-05,0.047668860299237954,0.049540531960067288,0.011818390684097697,0.055722876135993471,0.060853580227741344,0.02217526397069608,0.028408937423290464,0.037470970817806551,0.052067149792182368,0.025998975719966708,0.011865794085638308,0.076077725222526066,0.037084400080243003,0.010327624610647798,0.0063382054059916747,0.032120451793914678,0.012688121012363931,0.06184455375994799,0.063013050797924158,0.0071522579074483807,0.020175405055700663,0.0052901776344307727,0.0099622579487733832,0.026061404021995627,0.033681765444657376,5.1309518242559336e-30,0.0055764012637330405,0.042947486145793301,0.0034295176364593232,0.0076239595977786873,4.5792422488253733e-30,0.097090988155457109,0,0.0093911921052137436,0.11151800287433508,0.11445017121963054,0.021005586632681563,0.0032040013041300425,0.019356707479092992,0.0063957957828633619,0.028375785347213019,0.069711543515625168,0.13069394174755311,0.0064349301966352308,0.11663844604074949,0.042326951375625914,0.099075900469966754,0.10820895776679113,0.019265814226138961,0.020456184514825997,0.022015901715516803,2.2210260446833463e-08,0.015986770344570037,0.10837096627205639,0.27591866021735639,0.073041925373862573,0.017526189719601164,2.3869306275752453e-12,0.012325184550568496,0.0049521858859460409,3.6887010848827852e-05,0.0302714001338205,2.4475162695442787e-30,0,0.015574652056176188,0.043052255899198311,0.01632383300552457,9.6943530400664724e-06,1.4701968077813962e-15,2.6288242754367891e-30,0,1,0.10269122183746469,0.11600000377000011,0.36775363020199298
F171->seed4:GP75,5.776999957635334e-42,0.0024707933785475152,0.0014694668592239097,0.0040692541101588035,0,0.0096909863289327668,0.024852625551080743,0,0,0.047015350955220761,0.0045007559036611229,0,0,0.026799069970140154,0.18241704166227501,0,0.11022631812500701,0.086262403634075696,0.021107127945214396,0,0,0.021755761373791083,0.10000927146659867,0.0089948419340378245,0.022801331232790236,0.0041686328194300258,0.068211066633118836,0,0.019567122856507763,0.016391631413128036,0.052799362812804673,0.0036508920765601243,1.0670666588415113e-41,1.7666666537111113e-44,0.063006056804622249,0,0.13856210365054455,0.18872403278269043,1.413333322968889e-43,0.010559872739227599,0.16234067714283501,0.03599543380270015,0.34519044613527006,0.12809670606062415,0.012007929011941854,0.037691122856931769,0.016256779980783613,0.11681506077668956,0.045252731734813298,0.067811179869384675,0.23132137797030988,0.075305482281093114,0.033554921620597235,0.0017080795708074162,2.9185333119307558e-41,0.27381822632533298,0,0.025591500312328999,0.13942782331086262,2.7630666464041782e-41,0.011621083781445385,0.012137953910988337,0.11430624749508751,0,0,2.4432999820824669e-41,0,0.10864080723663408,0.037153870694204949,0,0.1613598061500281,0,0.02288428329884859,0.26063714408866095,0.16707271144146679,0.0025464899213257404,0,0,0.0062239445376910734,0.0057621223277444355,0.16987180042094013,0.072833005799224609,0.0052268246283366194,0.044956553603651944,0.058937987067788099,0.021391914609792624,0,0,1.8691333196263558e-41,0.013457477941311828,0,0.038956266414320713,0.19838464304517928,0.24460912270619975,0.034448526347377474,0.014235071145609478,0.012876579572238415,0.018019038801193713,0,0,0.11063166388870113,0.055381399127203072,0,0.018976012094175907,0.020981790012800206,0.086178865034688315,0,0,0.43621398813443074,1,0.60919542219923362,0.11737288753926549,0.047111109587851863,0
F14->seed8:GP214,4.5832899711320363e-05,0.00042404335475605898,0.00024413440496806846,0.00027653264165811256,0.003256272029307485,0.00025957998636764323,0.00058429598682117174,3.4958291840328418e-23,2.7898977838239838e-21,0.00034290891249870578,6.8945852740639394e-13,0.0016296661056869187,0.0041601256781397151,5.8963151561635501e-27,0.024055372505758545,0,0.00087188257320293568,0.0018484932573590972,9.6231611129924009e-26,4.2118926697026831e-31,1.8647547926668447e-27,0.00095358040544620416,0.00076649408226621939,0.0027799063376451986,0.0065056866159292626,0.00048069649191115912,0.0036541642193601803,1.7434317385570636e-25,0.0023744684620668598,0.0038888311777792203,0.02715395874972246,7.9266324804056158e-06,7.703628171695011e-17,0.00050462731631288854,0.0040206035601991963,0.0013918067112762608,1.0599907742145163e-12,0.021083157187206783,0.0025871688138922083,1.5044263516750557e-27,0.018286320757127696,0.02853940900080049,0.0086934603112349216,0.032417778546698396,0.0014473843459582485,0.0015704634035955578,0.0021426260250057777,0.0029840100896854622,0.0067879095267308334,0.003097965765407999,0.0037577990917693083,0.0032273779443155511,0.0017975850550603736,0.00018305374256651357,0.00036918097398476137,0.00066253310843667227,0.001076404419518461,0.0097869267553268302,0.0012448912260205765,0.00065815616033181035,0.00039250112483032903,0.0013004027242756462,0.0050458145238546368,0.0021984403236104204,7.7417855207410766e-43,7.1919987416286032e-08,0.0056661643654887482,0.0026861737578456561,0.0059711581578639032,0,0.015064941087662187,0,0.002451887452988528,0.003035370684830019,0.0089127296343246166,1.0775191798477348e-07,2.0597739663627937e-07,1.5892171502695714e-31,8.2399641190008977e-08,0.0012347427862742875,0,0.0035917591816345918,7.1893105059815234e-31,0.0032055158234335331,0.0031573929603508906,0.001964563822314476,2.9270814661086778e-31,2.5454504327923105e-23,2.1353752466156188e-21,0.0014416276943164505,5.4043390720343808e-27,6.9028701202853899e-21,0.0028293827828368588,0.017388451565288711,3.7397385850779646e-05,0.0015281244303683177,0.0013796335012234481,0.0015015864981746234,2.978330193398888e-20,5.9576897224863283e-31,3.0723909946187969e-40,0,0,0.0071194292505856972,0.0022480488902273492,0.0092334496620209011,1.0234240119143998e-33,2.5899323852516903e-25,0.023368606094356276,1,0,0.010725057585444989,0.035333331188095292,0.013716356121376812
F7->seed2:GP208,0.0011761433807828594,0.0034610740909381066,0.0018856367172694964,0.0015962565982055848,0.0020125308489445815,0.0011281389956806177,0.0020984568048820302,0.002082719338145419,1.0319894456977309e-12,0.00068810642305825072,0.011393723339527657,0.0096331375317028328,0.012942613013078278,0.0088505477726691009,0.019645262753978945,2.2142693431745302e-40,0.0036430035406355712,0.0023003472324459877,0.0021107128782698352,7.8654231060685461e-13,4.2744190434418618e-11,0.0069877650088345112,0.040300557112446921,0.0010518383580081705,0.0027138320342836976,0.00077788447790170872,9.7755555990024699e-44,0.0025493026024413449,0.0037503652877794009,0.013304654248020685,0.0014079830484799245,0.00151671302007428,0.00031563118406947193,0.0012642535256189044,0.002354708626020927,0.000665248818512217,5.5259154690040684e-22,0.0032618970278306533,1.9102886662679495e-15,0.0021119746316087761,0.00055076581467007027,0.0076794624763531667,0.0066313403605837342,0.02120549207202441,0.0026220304983201352,0.0052723148256547314,0.0026661302674050235,0.0049063796218061307,0.00060336972823719871,7.6177430338566354e-27,0.028392770281745642,0.0060244387712197279,0.048934261861930055,0.001366651528296229,0.006493169006636307,0.0037101823364896988,0.027305005343577798,0.017629716322798739,0.031371230139427685,0.0020475969446559863,0.002199345485330424,0.005620736709425497,0.0041731559474362488,0.0044115551307180225,0,0.0025351921179341871,0.0057452577366455893,0.0043278981636795475,0.0037153822254016988,0,0.001714517500953411,0,0.0076280945227915307,0.0045328203090347569,0.030192000156408889,0.0029205277952023454,0.001153928254017459,0.013928195128569755,0.00041525040851222403,0.0011524244673441087,0.007549857689110478,0.0067205166298689627,0.00096458404539815127,0.0049867633088300587,0.00098230006103244469,0.0030356201223805334,6.6504753628910023e-40,1.8065356302512694e-22,0.0027248980809995468,0.0040847270959321197,0,0.0064927108510787149,0.006161767071830076,0.0046369217317196515,0.027936189413049727,0.0065260666956714073,0.0025753159447791819,0.0056153370694014973,0.0072404400366241775,0.0029444444575308639,0.0061470656962091808,0.077533959455706472,0,0.0025203860378683824,0.0013993540595526846,0.0011490515002180067,1.6948907764217365e-14,2.4286029930160132e-26,8.698200214214223e-22,1,0.040613028624946791,0.016682404918588464,0.059674075909662554,0.017069243675863304
F58->seed1:GP110,0.020849205801194225,0.050951295712541277,0.01650884110891326,0.010045272673630945,0.033300128018562879,0.0091285146486542179,0.059715970121863186,0.016323997000222659,0.04574951508399857,0.018395737613271689,0.00235190316376074,2.6213007269401351e-29,1.1914937259088227e-28,0.011202936008073256,0.0073321847233643296,8.0353295416403739e-27,0.012076739318831948,0.031674587669083647,0.0055144632913140491,3.4221379801573073e-10,4.7171664880117832e-13,0.037934160906077506,0.0037380921873967259,0.43026440799630455,1,0.97587042099164722,0.95114081266493877,0.28694807918614607,0.073234104484859147,0.095156886434943355,0.15750827763522721,0.077141975429445606,0.25219875666540259,0.059458280607680158,0.10361057949539196,0.031582035454532364,0.45782428076793413,0.63938926615860481,0.047290073742680107,0.064325649204028792,0.20905317773680757,6.3098025220432314e-15,0.95592332326884155,0.12556221824007893,0.1348793904145224,0.013129705845319459,0.024398868473942667,0.035763824398558304,0.012587256263475273,0.090650232386739388,0.0026181543578190835,0.031473179058718312,0.0067432300999815007,0.0058377392409204483,0.01806800159958585,0.025848711930909117,0.028682309769474276,0.022291767671601924,0.076782797879477935,1.5423018823196654e-31,0.010826043746383669,0.30209875485608345,0.14602924598284986,0.0321777962566294,9.4158446880419892e-43,0.038973251985358545,0.049384222219842622,0.0043673541956450058,3.0728406052578818e-30,0,0.12667001083006763,0,0.011957539340691478,0.076586366743088857,0.0024146619840994077,0.026753073350168615,0.061025184245925616,2.6558053667360732e-05,0.0043150063455408222,0.14753168247113119,0.059174489818148657,0.017464745969741537,0.035469021686351937,0.23612809758212186,0.050220866176476565,0.12286815121920419,2.9379290901967764e-38,9.2312202823941069e-45,0.2429778661185045,0.007030692792004729,0.053630712786827864,0.067924433969265952,0.11728756469700735,1.0849059024791735e-11,0.015000933276370549,0.022315592528028751,0.24369580581352715,0.054980926452652519,0.0063054782492141465,3.671001893877153e-07,1.6090117572514005e-22,0,0,0.56275392779191791,0.24499298611882944,0.1410555291132379,0.024260762033541824,0.064053761149929417,3.0365293233404757e-18,0,0,0.78448742357011159,0.049386497715642227,0.066892902336274151
F120->seed9:GP123,0.00055920671977179146,0.00094423615607334445,0.0015274847647285723,0.0007596368467460183,0.023177986398143852,0.0028630925714563118,0.027372861534613574,0.011663884834592629,7.5389120098105177e-27,0.0063005736081671289,0.005934199233395018,0.0020456108988981636,0,0.046914778384778921,8.9945921316399209e-38,0,0.013648300045010605,0.034170006843933516,0.003940218939913219,3.9253781049005616e-37,0.0084346886511541021,0.0054287385316622947,0.00064061371272048208,0.038714669578372538,0.03115699413595735,0.49988279038303335,1,0.18692399751148878,0.099509249863728153,0.057044835547717831,0.1120654867345361,0.021425072053902965,0.072485223805068735,0.024889069705225399,0.18953771260650443,0.019319162512552047,0.21986592855608833,0.28054873756601861,0.012731996220270179,0.0078957674730055112,0.089793509238782571,0.045618269846219923,0.24601164101906539,0.030336035420653901,0.014784328698243742,0.0003908928853168868,0.0030696618242011409,0.0017330338914542645,0.0016895302921889979,0.0053976486312924486,1.8270862982023727e-33,0.0028115629826569342,0,0.0018532769750974746,0.011397757991756675,0.0032462865592427668,0.0028131618682619309,0.0015927851313565604,0.019521127808479619,4.2329953052832324e-23,0.0020512693465125223,0.31002773455247168,0.030968848625593567,0.0076607740636554407,1.7710795262963766e-34,0.0019373186449961454,0.0034473482132162322,0.0062406087196039909,1.4162492104675774e-30,0,0.045127166827871115,0,4.5993277959209735e-07,0.054597776433967654,0.0027727951268238394,0.0068366961346286673,0.0029044151945877518,0.017029703172746265,0.0029047883921188705,0.25171515860037602,0.1215580904581214,0.033667014667757893,0.22854450588330275,0.564874995316892,0.092405380772293308,0.084758089772145037,7.025264114095812e-36,3.7730943180576949e-35,0.41933184977750615,0.015063028696502416,0.01917420548105676,0.17484140753909141,0.16536222982424756,7.2462711907336192e-33,0.0040258878249219438,0.0026576945574106818,0.15475922822908866,0.0052718379259451571,0.02703261065722341,0.016489903746961257,6.1079699109655436e-36,0.01033844293388929,0,0.053876254611212329,0.03524638292573145,0.061136427377000473,0.0086674460413622648,0.0053021917208983761,0,0,0,0.046630296067402981,0.017589137682845681,0.023898285665890459
F80->seed4:GP101,0.038806962103882237,0.062037226954651206,0.057496097321932192,0.027367187712086304,0.023139263656066864,0.021222903128430358,0.84617009690103684,0.2260367735757603,0.067924974842576119,0.098729494988353442,0.069849056616907129,0.057266559756799576,2.3444936507233066e-37,0.15947742862240799,1.2381123196316539e-19,0.074367322983270229,0.15788363012171389,0.35826839891124096,0.53034999272598349,0.061198539813697002,0.11542837460419257,0.17927030593330037,0.03840150529216603,0.066559669789814563,0.0482561879605862,0.20153149950775676,0.13400112555834165,0.56533397480800418,0.42371488314820355,0.19450876722010293,0.029503944558768827,0.37436079725076982,0.51344614130246891,0.32962580463731894,0.58689038927241499,0.46526662924859985,0.2273047785067778,0.11444163744491991,0.25526815133945152,0.074729701259506967,0.022092046588045412,0.19324996792239935,0.22744306602927566,0.10494843105148867,0.17998952286396241,0.046175601718941743,0.083949244534800543,0.73307631034968412,0.017829870847342874,0.31474653126864183,0.15832070918296437,0.10599106908552271,0.050829063860760235,0.013112607343949142,0.050214780708704991,0.46376837907301416,0.00050621876204360184,0.13643360539933885,0.0099023802623796914,0.0040337818899495829,0.012529262544662112,0.42494375108617188,1,0.080904825004797135,0.28018751648835077,0.060731227758853472,0.034902146496139895,0.04916521669724383,0.061103420736770858,0.18721533594702935,0.32684374275643691,0,0.21735753194824611,0.089338055218022114,0.013649944859010535,0.051682206224284259,0.030988975050471462,0.026834319018641205,0.014305548949258454,0.31956132111917296,0.081951865733024792,0.037413091744722161,0.35516179060067132,0.17189015492611012,0.10176378078086508,0.44635810760486244,7.6824855836417924e-05,0.084997503399761615,0.2598985210891952,0.1888955119434246,0.033724715831902695,0.10301855442669727,0.35323821348298701,0.022837209831129121,0.093215720878237124,0.20001184492956964,0.40424108805365183,0.12441754502059346,0.48481873313315671,0.072112505484515629,0.10049521318668977,0.036340033936129258,4.0565873238139234e-38,0.11837375961776957,0.17875799822778504,0.39342776948026859,0.21130050365893469,0.083118046034431264,0,1.9834244074228843e-18,0,0.30754133950027618,0.13191120896938438,7.5670804696485566e-12
F133->seed0:GP13,0.0010669398785588581,0.010920625850979981,0.012055526116221677,7.4376160357191646e-07,0.08723930961009356,0.010236646448787023,0.033962023347363521,0.029840505350996468,0.0031263213390236139,0.048724124124529644,0.030241203698770241,0.00063185877644766008,0,0.00044533027630045357,5.1872698312076684e-27,0.037636100653224425,0.0054923490072613344,1.1309260285583164e-08,0.020969816350516989,2.7343929967009844e-37,0.011261953423930549,0.0033939172513899624,0.00059436949474793378,0.0059200263982316093,0.021423583293093379,0.0050420466784637328,0,7.0485662114788859e-10,0.028245350432238601,0.0014152490357749702,0.013258766049708841,0.031355855553963474,0.010152110988118595,0.0078277623124644227,0.0094724199335006701,1.6361490321729696e-21,0.09640799223752726,0.2061775895500062,0.022668845832994639,0.013268256895622096,0.0062271706332267147,0.00059812871225131995,0.013738833174325704,0.0055315720636583592,0.02173048064279888,0.0036030885379086199,0.020038396093423391,0.013033889071826682,0.002255852392305246,0.009609217281747167,0.00041965058069563121,0.0025026563653559406,0.0013939296103325221,0.0031938980407201032,0.0021670114107092968,0,0.005867059082174433,0.0007087435819732405,0,1.5873157970800193e-13,0.010599752768307725,0.017582218452500107,0.0010552178178493249,5.2860298182827391e-35,0.017684431457671516,0.00022569218371447754,0.0040912995011243847,0,8.871458278602446e-07,0,0.18507356491760624,0,0,0.0074772541881917027,0.003353489858606945,0.011000145812037275,0.0019377675575291897,0.0019544712114872528,0.0042666896290535312,0.018946712496326446,0.0023521394166220967,1.0375883587333087e-13,0.0017370504042005376,1,0.0061209668051426004,0.045572385343139579,0.17554954654570051,0.011293483405536273,0.0073291729198952946,0.0038636429354126653,0,0.0016183109094851892,0.0032910493103313746,0.0096312936997604223,0,1.3189990442515608e-27,0.018188597052471462,4.9917509195743133e-20,0,0.0036695197623161048,0.0015321586584094839,0,0,0.0094608154442043218,0.014894618878246597,0.024261969305612082,0.015430304179996931,0.025958171056160887,0,0.74793688590403307,0.24268363076845939,0.0041580960629194058,0.0078283087773474268,0.085090315541417244
F128->seed4:GP210,1.4579952303144037e-44,6.9277335916123282e-30,1.0300569507516913e-29,1.4579952303144037e-44,0.02869323532494996,0.065981680581530144,0.0098759518704110497,0.012891204541713462,3.4991885527545685e-43,0.016361412523275071,0.032940413338731808,0,0,0.0044019650568115128,0.023161164022568018,0,0.0014923950239789186,0.0047460783208793812,0,0.011882601349257945,0,0.0081611822475083952,0.0029520049840108952,0.00045026951770829973,1.103042588186477e-29,2.9220554291878686e-29,0,0,0.01009272630965515,0.00096626368164499184,0.017429710414445347,8.9730773890746298e-30,0,0.003886950694829497,0.004857825053111121,0,0.057176288973488247,0.07210662669038144,0,0.0087148552072226736,0.11680451768570085,0.035647808421759526,0.046463432823525865,0.053140980994594772,9.2644220149698201e-27,0.020782530826028656,0.011788447953871363,0.012769269484611807,0.082161613522497526,0,0.0041349838228139221,0,0.017307635389801585,0.001209505604023367,9.0395704279493029e-43,0.06634209846045909,0.016582260892791714,0.014080109256330579,0.047944598514040419,0.0050695245025575422,0.015761838228722416,0.0050085716997585409,0,0,0.17566206469912152,3.9708217246538101e-27,0.0050801226698866976,0.0068968554396271146,0.29129242966594554,0,0.055178858835881202,0,0,0.014028177361620578,0.015254986598836841,0.0030909374953070781,0,6.8717225178469555e-38,0.0036700422658237312,2.2436683276634328e-37,0,0.041498918240438866,6.1057297317157547e-37,1,0.066017207551307217,0.012610234280879573,0.43522245289326761,0,5.8234988882057376e-29,2.768272215874273e-26,0,0,0,0.038267592571397661,0.014215248647235576,0.011748551372389041,3.8345274557268819e-42,0.0016523064828445719,4.6988299442477202e-37,0,0.045657470556150825,1.1227567832134593e-36,0,0,0,0.028448687242964555,0,0,0,0,0,0,9.550917640328033e-37,0
F60->seed5:GP7,0.00065576603550389855,0.0013933944491147301,0.0036154863097213915,0.00021273517596878563,0.058726731772355815,0.0027911008063123298,0.025003421900049488,0.0098285614221361207,2.6968820902831156e-42,0.012302803889199524,0.011980976267622324,2.2847844683235499e-14,0,0.00056043062557135578,0,0.094727155884772207,0.010590760334184331,0.0066142608908318756,0.016478790038308658,0,0.0066461977010373206,0.0010564564557908065,0,0.014889800040970442,0.012394397208985643,0.024314279861365487,0.0035659835612106344,0.023252694711654354,0.086555544041469923,0.012199425564114772,0.014342101155613978,0.075861612266306389,0.054612876429786218,0.060439575156100524,0.047912696385199002,0.0013584360411322547,0.30212030347681673,0.37914731977023303,3.6868262297274359e-13,0.0098432899079901413,0.0091255563012003528,1.9474813614969101e-41,0.013268013371363067,0.0040496728737439876,0.015480138294635848,0.0015325647588811931,0.010039627542111537,0.012097490809820123,0.0009463009214285569,0.019529322035244559,0.00104774792797256,0.0011287083283228591,0,0.00017847260789791158,0.0030754816659120938,0,0,0,0,1.8209200099230486e-39,0.00095738556861449907,0.089641663798920482,0,0,0.066765514783993604,9.7635813411964091e-07,0.0080459814702034255,0,0.0019423548841920042,0,0.14055941831578236,0,0.0071781586169354233,0.0077131260022103359,0.0012819055651639678,0.00336065385721561,0.00081337718168063419,0.0024596268438776808,0.00096789481938186364,0.054203883177717703,0.0021217544363248591,0.0070101748189163749,0.03169539862041551,1,0.014018635085807954,0.067199827325659045,0.027570022419217761,0.018823414995292463,0.069083804502647839,0.0041667310408727261,0,0.0096194994919332755,0.0072171741884740062,0.0048482403490873738,3.7187209242399645e-28,0.0036959282067821416,0.088384611960228746,0.0006280291019438055,0.0012617346234773932,0.0046204694458960201,4.8495900831581748e-06,0,0,0.015893882492414097,0.028518634069859224,0.041452245145104268,0.016991221648796129,0.0047675860263825262,0,0,0,0.00039261242719572847,0,0.00023612789427631108
F124->seed5:GP199,2.964213316456808e-08,0.00034057957374679197,0.00050642827032294411,0.001402194459666894,0.055478813576690683,0.016140225322555959,0.011214573714121708,0.0071770456039966972,0,0.024262280864197905,0.014476002432291078,8.3225823811168634e-22,2.1511173859664691e-18,0.0012313737789589939,3.0712382635117016e-22,6.6067392547194236e-11,0.010314865867458643,0.050258413678849187,2.4066443120886109e-07,8.20716016136757e-24,0.0051897929326140679,0.0097684153050572788,0.0041085423083786488,0.0019007795531056778,0.00057499804282791706,0.0043109912146207918,0.015669567339767466,0.0087844547006078657,0.10901499232370526,0.0018943349882344432,0.060531134092850034,0.0070010567714643536,0.0010888554908143188,0.0043280394111349105,0.061165813850999159,0.00012791934689664749,0.095492189310751971,0.12685073702697261,0,0.0071628147612617342,0.078320385559450686,0.02144522578460685,0.05287469313794161,0.070626201317094628,0.0032498965204869144,0.016835963573750362,0.013158062029104295,0.030794663001752869,0.016632874249147011,2.7813754976990191e-16,2.8048181376220098e-19,0.024219033550251717,0.0028906110650413026,0.00078476614360557882,0.0014912430500098963,0.0014205173241080623,0.0011539431812550762,0.0097982089633164866,0.010676654758050715,0.0014111328412339166,0.0037862677988516544,0.011600243147939521,0,0.0047136098195534014,0.097793202742370453,1.5463631846617125e-31,0.0049493531754259707,0.0038395629440949267,0.042640698148545646,0,0.065358983509146026,0,1.0017284802283819e-21,0.031238808151397495,0.010615793909962291,0.0014463177019711289,8.7456002183104222e-32,0.0081060284430979155,0.0014297755901822484,0.018531588879171685,0.013007749995606761,0.010240439757188097,0.012007154341596151,1,0.064312236337264753,0.013338684763314889,0.24229360194865754,3.4443992471959273e-10,0.0047719820457210816,0.0061821394461874677,0,0.025323789719889207,0.051564509994929814,0.010652016102341615,0.0026379057946214028,1.1296813496577516e-32,0.011832415095967583,3.3389944206086783e-19,0,0.010146045012806948,4.1278092420161688e-33,0,0,0.0036170885858901065,0.0048199740561570611,0.063350914805973324,3.8554971048666401e-43,0,0.10020785187813236,0,0,0.034490806323648364,0.075757133390013193,0
F134->seed2:GP147,0.00015380334136709794,0.00088801203502719662,0.0015843966885769722,0.00073125228818792789,0.069920064063547463,0.028734543659609833,0.01276018038064018,0.0056140261427732752,0,0.044862229974776117,0.020046674271630812,0.0054666068377880956,0,0.0019264149239823175,0.0050432595301320776,0,0.011374263922563976,0.012401290287187505,2.3926532389058042e-09,0,1.071046560489244e-39,0.023457329255623181,0.01157019058930768,0.0019608932095154076,0.003393319234137865,0.0029964432844962227,0,0,0.19184855234135834,0.015569628788772522,0.083495636204184015,0.017932629905897141,0.0042539666051234328,0.0016927388550723515,0.05288868209391593,0,0.074699603704581813,0.1394261050066663,0,2.9115277812523455e-22,0.14811425377104165,0.043985690340980162,0.062053732716283998,0.11711518218960235,0.0091708603815189478,0.021824635182047376,0.050311107840431885,0.01668277546734909,0.032527989387760595,0.031176056528512075,1.135933506385846e-09,0.075782187240346618,0.025627023494666005,0.0018416698403401993,0.0011665374762482442,0.0022224233591176582,0.005416090759739982,0.0030658927009233768,0.0020879525151558521,0.0088309647082846915,0.0092145218326939223,0.0065435901466992753,0,0.022123566656223916,0.076499555982013745,0.00097455808051145182,0.0066370701238564461,1.9683337013905707e-43,0.0066766177575955142,0,0.055453833621958784,0,1.9855864637564368e-26,0.026473154912560901,0.02491288218532281,0.007627795970401848,7.0271817994913062e-22,0.0042273390503056564,0.0022369080728476495,0.031063912303241237,0.030526268302169958,0.036144956221083747,0.0075141583513033744,1,0.12179954972144269,0.016474996256991236,0.42645651296858883,0,0.0029858752373588212,0,0,0.014001022390621284,0.037964007684882728,0.058328584992839702,4.9816737338312496e-27,0.0025582045164750165,0.0046278890535375334,1.7371233196620917e-27,0,0.015873658882182021,0,0,0,0.0034100234663473985,0,0.04955678839561882,0,0,0,0,0,0.053961462057955115,0.05079570842298247,0.046011032065933849
F122->seed4:GP82,0.00046724717910664521,0.0084961931000294942,0.0045123883792667204,0.0026661550981654375,0.071839982875007771,0.050270525798686579,0.033073216132495829,0.027291784957879713,0,0.056558917551095239,0.078249523606977733,0.0016221665862325002,0,0.003512456518092131,0.012258525031333829,0,0.007503760753857714,0.015071774568059266,0.002304880846569731,2.1143871078564296e-41,0.034537845908714962,0.045522785299114008,0.0031248193703787329,0.0051795550650451843,0.012777881010627651,0.0094963105488316147,0.014897183682672782,0,0.099016323840146789,0.005625564576083133,0.0622565117335366,0.024986376093288611,0.0067847938989591501,0.081220457420642184,0.041565875736697996,0.0028370372791140684,0.09078557429300374,0.1680151800647558,9.2600895234588171e-44,0.030293975817893549,0.14092566401401113,0.0094336699015760521,0.058455983862133319,0.037058280225433796,0.015135608609352164,0.04164540061385133,0.086728717497664531,0.025681912992507508,0.083029311733042732,0.031574227565774028,0.01313710110428111,0.082258119902417173,0.010077485342435796,0.010440908745058777,0.0042532104344540763,0.03241193384777246,0.051555625589269655,0.1013669203982641,0.031719587821068519,0.032197809711025017,0.026629088966155762,0.012091890492033313,0.024964294638145795,0.21510080610622651,0.092972784288220908,0.033814135187120939,0.020837884538721759,0.03834802549426114,0.11772209823133833,0,0.11688126666912574,0,0.0099957785566884942,0.07548447630875546,0.0252335228667879,0.03213555875920357,0.042474356111250097,0.0051376438998620095,0.014272416631799857,0.044187102269509039,0.068016152374155772,0.0073213863773897003,0.039953547532579695,1,0.10156292562651065,0.051207673867055055,0.42026515031671818,0.079146066182785829,0.0094001429757822417,0.0055246346161592578,0,0.012761975649359918,0.057673705003488736,0.045571308168216931,0.024742148948848654,0.015509114320280876,0.011248895155568732,0.021917395680075634,0.0026354990316261383,0.019291853173872536,0.020043606533240093,0,0,0.010360823632489271,0.013747163904664909,0.045164369675737899,6.3971785124561328e-42,0,0,0.0727994053170508,0.13304726858997698,0.065581373885528926,0.051444950156796461,0.08393911552872256
F123->seed4:GP146,0.00020288951556911766,0.0014056867791061526,0.001393368695439674,4.7305701255991228e-17,0.036575931396249498,0.096485775513935279,0.032823543556176289,0.0074057366658959733,8.7488505349897539e-16,0.053107980509375277,0.049157203895350846,0,0,0.010164987072151676,0.03991686126925998,0,0.0034293965062026296,0.019085682353956926,0.0050035172867107722,0.0068263145009975846,0.010710854591532894,0.025317536620471856,0.0016958459715713645,0.0011640166920059618,0.0018651215822146523,0.0024704718951931146,0,0,0.047544162791617849,0.0055509895425026228,0.10013004068905952,0.010962453707722579,0.0033669656512532791,0.0089319156215708056,0.030697944165056456,0,5.1310715933730108e-13,0.11101570509181297,0,0.025032541163051036,0.26051292900419631,0.051197360013865108,0.051029403354328783,0.044404874049927191,0.0049814116427056515,0.067507455629318841,0.033861094136908444,0.026408475112271242,0.085818445387584333,0,0.011877319304368417,0.042843417528542767,0.021812881586618357,0.0024294370790048279,0.001538836681605789,0.061565856040394024,0.023815316055260893,0.14155291177532947,0.055086235464106785,0.026211054590990136,0.032993012901112485,0.014386617294044699,0.0060214871349205815,0.087552840546776631,0.4036559947688893,0.0051512226401194787,0.013132871638743521,0.027734680575956891,0.38752783684547165,0,0.06339827673137062,0,2.5127664449591409e-44,0.045667059250128171,0.067918242687740757,0.021308128789398376,0.014752775945226514,0,0.010327833602327773,0.016391170024800335,0.040268527121176088,0.04768007832862569,0.0074342205487272148,1,0.1397140106596913,0.01883524413586481,0.25002573910428455,0.021476636582374968,0.0019694070015255174,0.006379199121697667,0,0,0.018780019392526315,0.043967780002004186,0.05444191272987918,0.0067493054964822777,0.0061048749645741807,0.0075937334754196655,0,0,0.052458589525228194,0,0,0,0.0099476109973535218,0.016343185399178579,0,0,0,0,0,0.071183189016222115,0.15634963851844477,0.36416600226329898
F76->seed0:GP77,0.002250542564449033,0.009129060538042879,0.0071888495918438324,0.0024692533312623373,0.060078355597335466,0.023399681441413283,0.051564832103997038,0.054765071380279189,1.3034513531116638e-32,0.14410477937935867,0.078928631155753992,0.0020510382217893879,0,0.010246366902687166,0.0022258811937513729,0.030542057023225808,0.02732569923514493,0.015389015493877776,0.027299958691251167,0.0038830981466331936,0.024371906906184352,0.019320051800313411,0.0091555486416473181,0.005667142487549009,0.013155892166536672,0.0074526402579724212,6.2129430268020874e-26,0.0025782260012607028,0.089608538856667211,0.0056941787539623277,0.028720219703463216,0.033655328757130759,0.027188956318023046,0.060625479731793296,0.030689577378623982,0.003503354251346822,0.19618911307209877,0.16631509760919064,0.0045989975838908259,0.027122939744019164,0.031788728381397437,0.031062499612879369,0.032285043231249422,0.049594597749506988,0.022572146182466508,0.053210425908923498,0.073485603162525379,0.033392310664661105,0.012205167024088193,0.023393921086472504,0.030742097140834247,0.029452196915518127,0.01688645025392731,0.0062179791683838938,0.0039458019209759349,0.0058368797553302338,0.048134424005004693,0.014006500767809096,0.028305455089480847,0.0024849983014337993,0.019248978835341039,0.022197539675695353,0.0051379173815494254,0.013746000031446106,0.057404354999859443,0.0065930087682226617,0.012049623861686683,0.011467786799210416,0.01252513592103025,0.07684776606383846,0.14953114331848855,0,0.0030885129279231418,0.021494964573102428,0.024782564468091493,0.02421540773450338,0.0083920064474047196,0.0031721448007436528,0.0088114591517460452,0.032631000429286995,0.015110608582214177,0.018081825627528494,0.0028192673152505517,1,0.048648901363569877,0.078321895209185685,0.39140535031677187,0.024433650859598376,0.011768964979995989,0.013305412923110934,0,0.0026265500905504925,0.045102990762944481,0.055575728179856475,0.00077422191136104941,1.4954474614177715e-34,0.026045197107529956,8.9192971414059939e-06,0,2.7845522431794108e-33,0,2.8007303119977855e-31,0,0.0025784211100570841,0.025557279797448956,0.060413928433426439,0.0062609216853778942,0.011490099955737224,0.029410873873002515,0.37059431711683033,0.083652396169483084,0.040492026744437012,0.050938301786377066,0.1383673824785154
F78->seed6:GP178,0.00018935903925266525,0.0026239185436352447,0.0032956521297282512,0.00090030053646286299,0.022263079824501403,0.01559595845100013,0.10484327662526752,0.041442226369739203,5.1098351524863939e-19,0.32923355580093222,0.074536849819713313,0.0067303571533267543,0,0.018974052395516774,0.026537678454517918,0.20044383556289516,0.048629812482288912,0.34892753940412563,0.088726931608313728,0,0.019993118422466948,0.068000523759735004,0.17338937041343799,0.0055545528205829765,0.012188216578559076,0.014760411581343993,0,0.025380874561497797,0.23268197426150855,0.03529422984844191,0.13271766809658286,0.049474477461719624,0.02618688685421695,0.087530343863900656,0.16651342134320923,0.069406865552048641,0.3065258743172069,0.12835542179270451,0.030182661598444356,0.014017889912739284,0.03499313835660612,0.054154142490008508,0.1064398370090974,0.29782301220477447,0.0073058969483178133,0.029649625844025137,0.027810610043288355,0.097220000586298219,0.021121038920429564,0.012794287110233837,0.013302285585858487,0.1266230903778692,0.22103736478497515,0.0022674203855887905,0.0014362133734621887,0.0027361951200445588,0,0.0037746546410389204,0,0,0.0056723507626762568,0.040281568543146663,0.0056199208497415406,0.036317348368625234,0.094184445508467121,0,0.0027238011667334396,0.0036978758415822238,0.041100471579194234,0,0.16385626313063703,0,0.010126048643208225,0.03760732481898043,0.0026050180872998038,0.00497178889355756,5.4400656653996118e-41,0.0052045999394158523,3.822664334502673e-42,0.044043042105983178,0.062638701544895786,0.029667208536501951,0.034692268094628533,1,0.039160491317900663,0.11664724977280946,0.17501439362107549,0.020044383556289517,0.012866486217106229,0.027784409548843529,2.5254293559514159e-33,0.060332048037366748,0.11110467572823125,0.030776809951434964,3.8989792548149751e-06,0.0094474045555370985,0.039884231118754707,0.015060546234499742,0.010679384386878647,0.019543273693776446,0.032640123513489744,0,0,0.0041983403070248301,0.064989507216353812,0.16778615749924272,0.020543971388647313,0,0,0,0,0.0885559201461837,0.44348046942943414,0
F46->seed3:GP122,0.00042794045852843665,0.00049415867570950307,0.0011021002769179312,0,0.0033542180420690674,0.036341193433497912,0.0097635318450674316,0,0,0.0064009663030595802,0.021004943945963746,0.0076051084508958712,0,0.010720064354719528,0.070161505485482292,0,0.0072333966636217569,0.034505208080295141,0,0,0,0.01384584886513044,0.10015522993219497,0.0030007771213276342,0,0.0020843164980483457,0,0,0.022013012771904573,0.016391631413128036,0,0.00243392816881786,0.011836169616534756,0,0.01373463596261267,0.012990196201405227,0.069281051825272277,0.0069897788087416217,0,0,0.045790144664205598,0.18717739562736577,0.04717984352068115,0.16390652679801881,0.001500991170659398,0.0083758045885774322,0.0057136697280997552,0,0.03620218326785065,0,0.045093330702648905,0.045183289368655878,0.18388685531816304,0.006832318283229665,0.0097372774119266307,0.012367284909306577,0.03013932427897829,0.076774504470320304,0,0,0.0036626239798074243,0,0.076204176774502697,0.020518776716195637,1.726492371339056e-25,0,0.015389082537146728,0.016713970344097551,0.018576936230435801,0.56989245982078862,0.066860746776354521,0,0.045768564831030527,0.050634556628679918,0.10242400091555733,0.0024969737883555254,0,0,0,0.034571820246473317,0.028311965559045582,0.016761543143748683,0.0052268246283366194,0.32720047960052978,0.058938002967787978,0.067158272874172656,0.13184079209983418,0,0,0.0044850640171095304,2.3396860428423026e-30,0,0.026407573106344461,0.20866142246981623,0.040190659371935167,0.078297076092488108,0.012876579572238415,0.01401480756389141,0.01206739501150577,0,0.018441197931431213,0.11076279648773948,0,0.0094880058704212896,0.020981790012800206,0.051707317254146332,0,0,0.21810699406721537,1,0,0.20018886019861504,0.89511112810251836,0.76811592103381654
F165->seed0:GP116,0.00062926661241110128,0.00084781889812705707,0.00081036554091781093,0.010236673341443523,0.035037023036532007,0.018408144743283058,0.0078328967557293634,0.048792298394351355,0,0.12888993676173946,0.0099383660241517367,0.2553738015766156,0.20936521205027797,0.011823567656321952,0,0,0.0044294204591978012,0.0014095225228794592,0,0.0070560744041684555,0.0055371523968684184,0.10804885425712418,0.010860340415784688,0.0012018662961873232,0.0015427285093510745,0.0015262773386021419,0,0,0.0035968876444316274,0.002012352948690386,0.0026054082363239062,0.00029827466869139946,7.9610581004360145e-14,0,0.0009618065501146273,0,0.016980602011612767,0.039435802740966905,0.0083591757397516835,0.0051763935897027871,0.0040811056184387514,0,0.0024348709135394481,0.0062162497799791768,0.39881650988626899,0.04309221649139694,0.32132497026877288,0.094093015169691527,0.52377804927210725,0.33308106443963376,0.022104408838417789,1,0.1218741292533841,0.00083729154312483904,0,0.0015155943614914521,0.0012311780710522742,0.0062724088366857686,0.017079932130747686,0.001505581763201953,0.004488488012572742,0.0029749590864107563,0.0031079797899101536,0.0048032837390701334,0,0.0013315046220069319,0,0.010241374480095936,0,0,0.0025211370459641631,0,0.0056088771284646651,0.0041661832378881375,2.5121109203722718e-12,0.0021419244184901062,0,0,0,0.011296010873629348,0,0.0041082097590303792,0.0038432425516050314,0.033468805106691424,0.0072227740874900217,0.0037450728867013455,5.7569251080510617e-14,0,0.002036234750364861,0.0032707027957637356,0,0,0,0,0.021104024979210333,0.003489164453468275,0.018858205266600286,0.0053962910064147569,0,0,4.1742742452122067e-16,0.013573834008713365,0,0.0093019404483466878,0.010285164307112479,0.13520647966466337,0.011379902621435798,0.0069614999823550336,0.27650108327103468,0,0,0.036799320008460923,0.085742867157651378,0.062754394408515823
F90->seed1:GP81,0,0,0.002059458949540511,0,0,0.003395416936377022,0.0066344699284679853,0,0,0.0044854788054497739,0.0021086458651514519,1.7073828820177757e-21,0,4.521272543734757e-34,0,0,0.01267147161700681,0,0,0.0067263904364937644,0,0.30915520815477016,0.015039386721774375,0.00038232647290328072,0,0,0,0,0,0.00054697339381447926,0.0049332227008483456,0,0,0,0,0,0,0,0,0,0,0,0.29253215045104597,0.041035017599709747,0,0.00097822462510088596,1.5091963425088639e-07,8.690705228858126e-41,0,0.01350782530741616,0,0.61213597148920462,0.0083155036321453102,0,0,0,0,0,0,0,0,0,0,0.8914676999994966,0,0.020345219901665455,0.0014378538233284443,0.0039041066099457155,0,0,0,0,0,0.64961585514764997,0.14699440666871733,0,0.05451308817731481,0,0,0,0.47615109546215612,0.023491335251340888,0,0.0069883836716091987,0,0.0014276563165291848,0,0,0,3.4224723479999368e-36,0,0,0.62913088078275448,0.05415550651088983,0.0026822494120156055,0,0,1.1416508196787607e-35,0,0,1,0.025872354916186689,0,0.0088649641852983786,0.0098019971785332487,0,0,0,0,0,0,0.18704320667050006,0.022008749633657475,0.059806387924194931
F68->seed3:GP76,0.013973899245894554,0.013146684091986173,0.011088268873892606,0.03640594183936529,0.078823858615486603,0.090824147956444889,0.073182993068648394,0.15151423178213022,0.018770548742459616,0.10250279928916879,0.045615680757091923,0.024239605757433856,0.007747492977630081,0.017516234185126607,0.0027999279185682872,6.2919673055997479e-40,0.04189889733176029,0.025288692338203484,0.0020719727878494845,0.089264558594998669,0.036028159417843736,0.16472385916540364,0.015650290631148232,0.011991286212212416,0.011140787359917451,0.011035046423572321,5.0457717796400696e-19,0.0038150532453635299,0.050880276154230013,0.0051534074621484363,0.0063211749498976247,0.0063859812613658333,0.017877684070976521,6.9704443569277357e-28,0.012993519157346631,0.048289814450945219,0.068145813037517461,0.070969911924443102,0.040763762836861193,0.014749410213989636,0.047102409637704797,0.0014364747484446867,0.012552719769756792,0.0052690638254851013,0.88112700982335124,0.14743751356285742,0.58571302876108344,0.48852689778128228,0.71009280343328718,0.82360230480095897,0.16372222760388885,1,0.25804332965452942,0.032062714793712734,0.007726088514926511,0.0061644908988027179,0.0010023057386379739,0.015979615844886174,0.02321055942213027,0.014708382526231394,0.011637199574336022,0.044700414369529297,0.070934417600503327,0.020501220463286764,0.042471191750567787,0.014114702680309687,0.014124719982955393,0.0033350134003498886,0.011120218348080276,0.11472606940883497,0.065513314407727383,0,0.09137075137983347,0.024789284838547886,0.00092207936599925078,0.011719061421360668,0.020178750529295141,6.9408916044449648e-34,0.030883541110316316,0.052910139750836825,0.01119181613481935,8.2883240348004427e-16,0.025029180853468405,0.11648949468124484,0.047437136376179349,0.082914342385954617,0.18541941537051929,0,0.048429923438859594,0.012533232966425873,0.10247410490076184,0.03109199843936368,0.010665739421958245,0.0092522552590750783,0.069107279505480776,0.16567106304178283,0.083245632143016793,0.058494702254476498,0.0096248497774739615,0.017625545704520559,0.022430551472304137,4.665095243513835e-21,0,0.052967933915201951,0.060337414281683578,0.22312023202550374,0.037057785633601001,0.033897005335182182,0.47871849310326503,0,0,0.15959961598871064,0.15040466842893924,0.20435415840909851
F27->seed7:GP1,0.00015664744818657457,0.00018088660234495422,0.00053789780588569863,0.00074477448868830079,0,4.5372920535341001e-26,0.0071489027488429949,0.10863895847068711,0,0.14535112069358549,0.085125413758862456,0.0050746025376671323,0.0061468418198696731,0.0058860348765133706,0.035955630111459858,1.7514865248071012e-29,0.030002703154510181,0.0063159515540390015,0.0038630867761099341,0.011093746109769414,0.0082696635898344573,0.062197205468520374,0.039234363172688566,1.5740378176489477e-41,0,0,0,0,7.8259656097957667e-29,0.00085716441031945408,0.0038654255867801518,0.00089093851519861551,2.0700285156933314e-35,0,4.2218337281900542e-23,0,0,1.0263942990600718e-16,0,0,2.494302196507046e-38,0,0.0018187366762128546,0.0014285126538995429,0.022434820510217179,1,0.47254891626461559,0.24518887968796027,0.28977518872771635,0.063522928150088448,0.80924006760473033,0.36139807409941466,0.24185947929354545,0.0025009676064439838,0,0.0045270401137135624,0,0,0.0021041416142553245,0,0,0,1.5793742843996621e-38,4.8092119366905696e-07,0,1.1272089638672959e-39,0,0.006113365644005545,0.006800080706622697,0,0.0056479275114843649,0,5.977317429558736e-22,0.014518325997200489,0.0033832401186930572,0,0.0028297619898321295,0.004305510328733983,0,0,2.7242417021078466e-16,0,0,0,0,5.4856828197393654e-08,0,0,0,0,0,0,9.3324294795166519e-18,0,0.0020977879724498115,0.0023387143137528158,0,0.016341059203287243,0,0.01616719204651754,0.013500786857236904,2.1904751958089465e-09,0,0,0,0.1020665680899077,0,0,0,0,0,0.018319764424611251,0.040483764420731129,0
F176->seed2:GP61,7.0159196752112843e-05,8.1016242042551906e-05,0.0010207602250257271,6.0633800838386797e-13,0.00058357563018760156,0.00039720000938427841,0.0018604725795151049,0.012802399536810555,0,0.035351150138896011,0.0044500239385990145,1.634272369411539e-06,0.012740970166394262,0.0017575134326966214,0.052790186361920913,0.11139932045080451,0.15942136076091437,0.029683506522507931,0.022492351957939895,1.6893039211512074e-14,0.14742354926731668,0.00064869415159606589,0.026145986932102717,0.002770131319073285,0.0012962306771480945,0.00017085700763747025,0,5.0482204193208392e-40,0.72052877512285729,0.18969397694421827,0.56825640397348876,0.041167708350530602,0.0019404906413546033,0.08173693145103246,0.056449519099178787,0.0021296928415623895,0.022716768865513152,0.007722280391231723,0.0055914965693800844,0.0034752201467712724,4.1853644068802979e-24,0.023562283658350863,0.0015362152336381198,0.062287704596819253,0.00098485481739323845,0.011951986961645818,0.0041646570118661881,0.0020289881517692697,0.0014900848437242491,0.0094807930757928194,0.026091991126643441,3.0036850670932456e-18,0.0040458071536585791,0.38266350150018119,1,0.0030779978352439316,0.44908698791600371,0,1.6844878168026663e-38,0.79623841048861088,0.016582566443732127,0.002984930992245516,0,0,1.2836113136165009e-32,0.14490625134862797,0.0033861552350805176,0.0049584580587925036,5.4577404800985232e-27,0,0.0016863962430447,0,3.6517601459544923e-36,2.4928295713672918e-05,0.089188671206456141,0.0031942012690209039,0.08903481827953158,0.095379893836006258,0.44024297171132448,0.00048642500412010369,0.0046416332351749395,0.041222948152151592,1.6523052450875185e-20,0.0024524807368859775,3.1663202593536489e-05,7.0427106314315972e-07,0,0.074190007886848763,2.2734283288772495e-40,0.00073531570421333831,0,4.564676649337612e-24,0,0.030037334366762505,0,0.001166954972552434,0.0097299369776193637,0.007851907977302789,0.0038141999772344356,0.33291210088215112,0,0.009079576073913357,0.48273037896554544,5.474846513465425e-28,4.2050175187678314e-37,0.11314166813658065,0.034254200405899,0.032528147766469333,0,0.054648661596259959,0,2.1916903952779699e-19,0.023171057726925029,9.4820289620843282e-31
F183->seed4:GP229,0.0055255359094892823,0.0055417195891656083,0.010229739395405214,0.0020720411585591768,0.0011391683772166326,0.01398792212024156,0.037574115448517693,0.010610079387798413,0.012779552144408958,0.011771794564564108,0.012878342742433145,0.010331468193370637,0,0.056432104871357899,0.0047656871046862581,0,0.010132523797349524,0.031256448574871025,0.014336255713274886,0.0048899753022004942,0.0076726342465473158,0.026532323469353532,0.026679097266418057,0.0030512027389759454,0.0018777914624441708,0.0084296410314071805,7.8798904424021913e-09,2.2087739558245212e-09,0.016620423867591525,0.0079545082409098345,0.017931858841362825,0.01032463899350722,0.0064178440716431192,0.0080130796397384074,0.036561317268773659,0.013235294735294105,0.047058827058823458,0.014254529714909406,5.7845524843089505e-36,0.0071897986562040267,0.015551366688972668,0.039119801217603979,0.02924360161512797,0.063616660727666793,0.011213200575735988,0.0066864214662715705,0.0029107373417852534,0.086177134276457318,0.015368852092622958,0.098199670036006603,0.0085082248298355041,0.061381072772378552,0.072649258547014831,5.8374916832501674e-17,6.5415304691693917e-11,0.016801038263979235,5.4377194912456101e-17,0.037662963446740735,0.0059191054816178897,0.0020862308582753832,0.0024878200302435997,0.02522836269543275,0.017253773654924528,0.069686410606271787,9.3305350133893005e-32,0.0027444894651102109,1.768106364637873e-19,0.0056764426864711467,0.03154574156908517,0,0.024531211909375763,0,0.054393178912136429,0.0057820822843583546,0.003126870297462594,0.0021220077775598446,0.002642007967159841,0.004013670759726585,1.2952318540953632e-26,0.033279551334408977,0.0096153844076923116,0.0056926000861479984,0.0035502961089940782,0.010173297396534052,0.030025015799499687,0.073014406539711876,2.1584338368313232e-34,1.6494680070106401e-14,0.01590603448187931,0.012182396156352079,2.3999999520000011e-43,0.013230429935391403,0.1165919256681615,0.015748031685039368,0.0077998054440038917,0.055600318887993633,0.026239433475211332,0.010199727996005442,0.049180325016393509,2.2549411349011773e-35,0.068882296622354067,0.075235108495297839,1,0.0032223415755531686,0.0071258908574821835,0.064390240712195193,3.4216157315676856e-28,7.4479780510404384e-29,0,0,0,0.033994333120113344,0.1279999954400001,0
F179->seed5:GP186,0.00014533826709323467,0.0010069647998607041,0.0016193499876130005,0.023508891129822178,0.0011391683772166326,0.0024684585706308288,0.026832835263343294,0.021220159375596816,3.6991001260179975e-17,0.0076086958478260832,0.032101097357978052,0.0051657340966853186,0.01318681353626373,0.078288286434234272,0.061953928760921428,0,0.023047696339046075,0.013671543326569132,2.1817199563656013e-40,3.707135925857282e-32,0.015345267893094643,0.015442458891150822,0.011017230379655393,0.0061690762766184754,0.002909064301818714,0.0070822972583540556,0.10421562991568742,0.0046038492879230146,0.013294949734101004,0.017109530057809401,0.014358302112833959,0.0024798520304029595,0.0023354621532907572,0,0.016932957261340857,5.9241526815169472e-27,0.023529413529411729,0.021363372772732547,0.011583011168339777,0.03950557960988841,0.0014156410516871791,0.0073451950530961001,0.011813894163722118,0.021882030762359388,0.0081563290368734196,0.01351445252971095,0.006791720264165595,0.016817882063642361,0.0030737702385245954,4.4120225117595499e-33,0.025524674489506509,0.015345267893094643,0.01570979548580409,2.8660415426791696e-17,0.012125669757486607,0.0084004198319916033,0.010235996795280065,0.1420287751594245,0.0039687173206256537,0.0083449234331015327,0.0031119505177609899,0.016489178670216428,0.021567217368655654,0.034867583302648338,0,0.0027707543445849134,0.02142505097149898,0.0085146640297067196,0.063087646738247072,0,0.022732458745350827,0,1.7999999640000009e-44,0.021160260776794785,0.025157359896852801,0.016419868471602633,0.0052840159343196819,0.0080172928396541436,0.0031706887765862246,0.056535406869291864,0.019217705615645887,0.022883117542337648,0.01420739251585215,0.0050804400783911992,0.035039894299202116,0.04151548116969038,0,0,0.014112623717747526,0.0060982450780350996,0.00012202025755959485,0.09260383614792328,0.044843051103138978,0.015775553684488929,0.021471849770563003,0.007257387454852251,0.030643167587136647,0.0040869173182616538,0.012295080954098382,1.8239941435201172e-08,0.0062630614747387712,6.5789485684210287e-05,1,0.0032223415755531686,0.014251781714964367,0.011707316765853666,0.015796304084073919,1.7307654853846905e-27,0,0,0,0.050991502980169946,0.016204927475901451,0.043478261130434778
F25->seed7:GP86,0.001495807253917823,0.00012337458697545356,0.0020400500163727802,0.0050803492412769078,0.012444815968541679,0.027173718106600912,0.038111934856801692,0.027297721625337161,0.0046973060249007404,0.029356532986211579,0.061629512394617871,0.14709631040814802,0.18418605582553391,0.14499763935564641,0.069887652383298068,0.16964502472148632,0.11573688360364888,0.5039489804415852,0.0083818294605592439,0.0035947598458982658,0.056403715350751525,0.009630093381303698,0.38830111941825823,0.01152194252448507,0.0034887108094222526,0.029354828664503389,0.051881114210020424,0.0047735611890308022,0.078699595479418988,0.10572453609280544,0.18382798947907741,0.02397806417988604,0.013002190917906034,0.041054701669600124,0.21787053647671892,0.1597779679898037,2.3256758535370146e-16,0.043685541000405087,1.0366914793088993e-10,0.010545775505192007,0.033127691452138557,1,0.017343267241172459,0.25083717305604997,0.010129914392238175,0.10878786470014525,0.014982712426234276,0.13095885386305864,0.16342901411869981,0.050223537847233497,0.12838276983682267,0.0037610559049277834,0.35205034665127255,0.010661225657839951,0.033224626954677039,0.19546890812612125,0.0012541287016950061,0.24941321315101209,0.0315055909162123,0.2213906091873879,0.020574960691213607,0.049590036528236701,0.022196545166995301,0.01536853839769765,0.05086696339977953,0.012143414790266101,0.003137968723755916,0.078911506535703252,0.28358479723864599,0,0.03216737409543919,0,0.028567971472548071,0.0099026494439606316,0.18895170806204156,0.0065398714242765983,0.011653290858201845,0.026429346779008406,0.020958245176734284,0.035963856558921543,0.0070685424026772315,0.17220283051490981,0.036084072107981306,0,0.033108367866725573,0.024952564369019877,0,0.01130966802071439,0.016440344153012099,0.06372618977886868,0.025644014390403293,0.17424980733754603,0.0032964331510685358,0.0057888548298995193,0.15233050114821178,0.05718034617138066,0.017183995642864502,0.05001525685504303,0.10234824567779781,0.086276840420441703,0.0087852147092490687,0.19992551531913513,0,0.0071065045808497759,0.0065432708050749975,0.15934300868180773,0.011592037606581859,5.9750330102061706e-23,4.7531641985171345e-10,0,0,0.04998040294681811,0.36283328663797665,0.031962105659477227
F26->seed2:GP68,0.0001768054171338843,0.0014429623006265342,0.00060131942540701669,0.0024350574624297252,0.0013512047453653293,0.0053897273185594353,0.097475708242131601,0.025855791093017371,0.0075791216849611012,0.055398870052154728,0.013971762548404883,0.055141596473713264,0.04692387904066736,0.05646335974803128,0.0056527368206200322,0.45620487773772445,0.13209138136145435,0.10865667781726177,0.042567854374423716,0.016475922315338374,0.08196910058223926,0.014273069875259656,0.035212587219886494,0.015817258627477605,0.0096648921648921655,0.12118992392715021,0.10102351616950157,0.52069243857565017,0.85946656202130656,0.8657178839660592,1,0.12929152728422802,0.36956661847172795,0.11711794266538793,0.59304519705979564,0.094198601862835435,0.75135439733979881,0.029786208618325406,0.027477974229799047,0.059541850600244764,0.11452643277460794,0.19415757353713559,0.34231904195407847,0.53944626207399926,0.0018571099775479337,0.031209415406495699,0.012625022880497333,0.01373137712553771,1.2042504633745509e-18,2.9328807193770699e-09,0.0080735062486887305,0.0046246858290653909,8.2732590396823968e-13,0.0020604289947355639,0.073453691154421089,0.023116238335216439,0.014164790679389219,0.027876827913324263,0.035663147980666228,0.004955968386625321,0.012525603383267617,0.10033872387886986,0.015348949290555129,0.0082657501088158024,0,0.01433464937114572,0.075621701899074162,0.074063123698160191,0.030002815404275258,6.4263549026322748e-26,0.010504429208808772,4.8251873069391323e-42,0.036875405123580306,0.07676221818557584,0.024177752498920384,0.0074353930193346253,0.0031523615519965884,0.009476498491097031,0.0025002971973774896,0.034817076295178481,0.068430728102260946,0.0067110297092048913,0.038047327828349728,0.018016217468772213,0.030325028317729048,0.017323247268502741,0,0.018248193686149893,0.016754749108763706,0.054234118942148135,0.16550698485005055,0.047078879998588029,0.063829285727095952,0.018679253715750067,0.023131718076973552,0.011589593195432612,0.19632078756166346,0.060575714590313127,0.15592414862487855,0.16012789735417471,0.21427219237438216,0.022309703295104757,2.487976174107561e-24,0.01557632948143897,0.033809005706815928,0.36207681043447465,0.037406940782853192,0.057208965055680377,0.096903154932352006,0,0,0.1008044683227165,0.1517148772623225,0
F182->seed8:GP2,9.2682333394221021e-05,9.2063337618427743e-15,0.00071743159262182199,0.00044065472028567368,0.019625177315900431,0.004155242065235416,0.047698537754579419,2.6609093251423983e-15,0.01222429649292355,0.03604408599196543,0.11015617114430847,0.0065382652247179878,4.4780746598178616e-09,0.026999177518995388,0.03879178703588422,0.29432346537234833,0.2009473759848556,0.40786701397383596,0.018285327598515404,0,0.048928452187628826,0.0021432966152855814,0.0030987637608502565,0.0057975406532357185,0.0013632027676623549,0.02350650405091791,0.029545983292187602,0.030207784352643246,0.38386591937313913,0.6642789490088562,0.72859010701053328,0.071885635653924071,0.040785446402177454,0.20176697968338769,1,0.047827561209904154,0.22506942457474985,0.27021152561579137,2.8037254838790901e-26,0.045994326962523632,0.006310894911828552,0.31939644831765218,0.010899468073342839,0.16247911370401966,0.00097524338298038253,0.059338756034977333,0.012931665740597544,0.035950259795486293,0.010301103959594052,0.03131099401053538,0.025635335583805024,0,0.0054504342321675323,0.0014797297612700675,0.14537774934822514,0.0093748834442333329,1.5121615157403566e-37,0.0037023204172644797,0.0012582018336857398,0.27180833866259907,0.024597004586624859,0.023545511061979243,0,0,1.8365783504603196e-43,0.0072311013983324948,0.032661609903259003,0.00361672285703638,0.0040252019872696046,0,0.013364546492560062,0,0.019850381614197794,1.7599814781073356e-10,0.020145274878003373,0.013000015534391883,0.011793674732332098,0.032816460241637084,0.03004487985295742,0.036188161737354146,1.0038809961509145e-11,0.054467480663699629,0.027924098655173157,0.0032398028769846819,0.006382329774631176,0.0026477953904791322,0,0.0098107819239979504,0.001799296957807444,0.038814133985583935,0.022245377351422919,0.16964970481977085,1.5743334808462864e-11,0.02004881433945279,0.00497413906372307,0.01899187191641365,0.078085813205136093,0.05001788750789251,0.0078405833156498898,0.12508878517152763,0.0039939510761545635,0.023988744759151498,0.6377008288860716,0.0082195597277854183,6.7409297325888359e-29,0.30425196967288781,0.01508359377672365,0.0061514546580562776,0,0,0,0.00028176364170223571,0.061219278348677311,0
F32->seed5:GP107,0.00055845315005734414,0.00048417875157193174,0.0030322764337354139,0,0.047982263723028946,0.0031538445814119982,0.046108445841785368,0.013589440492222493,0.0081840557943146409,0.04705294508759629,0.028153863639786877,0.17202343534584649,0.18578531878052224,0.0023345727681029203,0.012207829733708394,2.3054485742030144e-44,0.10070685437526493,0.47185154878498253,0.042408234693435284,0.0062631037854543412,0.019654292606918252,0.0034632480757957715,0.01089163838393588,0.010527557334200592,0.0052198990643874902,0.025826641640766233,6.6357375883102077e-19,0.024950741785763578,0.31620315366921364,0.48717809405799839,1,0.077491824879355881,0.01226166733729604,0.6481612664351587,0.77061662757138216,0.05459243050532666,0.21489003932480483,0.19304110338153976,3.1507797180774528e-42,0.036747536167108748,0.033995678974585657,0.33444662932659691,0.057312514005600092,0.26212919549373948,0.0058814759666207935,0.17279661363417698,0.055927827778688009,0.39858875039461594,0.0039724246833005294,0.088042030171866584,0.077407387825325691,0,0.036602938432534739,0.0022289941358610071,0.11635139401253489,0.19649640980178368,0.0043701045720733944,0.063081130579685063,0.035380515055655065,0.17420435127289965,0.035047152571205317,0.029039205843666611,0.016574038866174243,0,1.1515332923680738e-26,0.0011815978787413971,0.029974672341963805,0.094515430059914002,0.12929717939125707,0,0.026928266428703388,0,0.059726725958705422,0.012349994451553764,0.034380291580839939,0.028921019327958666,0.0067677929141576982,0.01537290169598019,0.023062476426788329,0.027598258218232533,0.012315430398046456,0.080202306186317754,0.034104270213327771,3.9075783322262055e-08,0.0064093649011746417,0.011796782085619443,0.057349465735347417,0.078785577298155676,0.0041873070915905532,0.088239391939475526,1.0119078724306159e-06,0.27140403047741535,0.0059532695564286208,1.8417324923466792e-34,0.024975068879118569,0,0.033606124255071146,0.029790830493276851,0.020996799115199579,0.1344850150453574,0.0080217422244135937,0,0,1.1082195235836631e-33,0.035729281010511926,0.27781429181384393,0,0.012355029551239825,0,0,0,0.065310161218481835,0.14345012838274626,0.055687165075958382
F164->seed9:GP46,0.00023547607201113792,1.5096529772252443e-35,0.00035375394827910818,0,0.00046141821454048673,0.023239640883860411,0.011804399247319821,0.015041580920981144,0.002588167935063241,0.12532290470078067,0.018918827763348203,0.12781607576885193,0.13510978360043877,0.17181210448097553,0.97380660439502831,0.40565249427806505,0.33935263448391106,0.51692219259672012,0.036294651926246438,0.0039613523658396819,0.053725467713515593,0.003483721445340949,0.14128366981140489,0.00018763528359792345,0.0014070440781895177,0.00014336932017286068,0.0046916789819574558,0.0026301837563953378,0.11250909262531734,0.1867413598399528,1,0.0077974947455312863,0.00097384835677295138,0.027234816078223444,0.24015778218756553,0.0035739556735077784,0.019061097897490716,0.00096153893918387028,0,0.0058106152480218833,0.0074443340309804096,0.23044476465402139,0.0015935276231715198,0.088578724509571785,0.00041296341342166883,0.16798038814497857,0.017287444002782489,0.044933250512299003,0.072334026217042324,0.011932644908395938,0.2425521279532,0.0020718582969982738,0.045596714753756845,0.015800174723251362,0.017418526784113982,0.10753446448577487,0.0020730365257724814,0.090174200009978764,0.030862468274693803,0.15041431458161456,0.0057942018001302005,0.0058440494732140387,0.0017471530431468537,0,0.08784179503922937,0.0029892860433295872,0.0012701863208370832,0.14295428501033491,0.77217931640178006,0,0.00070750789655821635,0,0.012592174510746826,0.0015588773781995281,0.031987422667268763,0.0018723406706292215,0.0074909858730416142,0.017798394681826101,0.035108596403895395,0.0031706143361771694,0,0.011528888720604825,0.0021570634536745579,0,0.01107227859130782,0.0037882612970743172,0,0.012463024781883316,0.00057142950882604687,0.031192578177013899,0.028259183208292089,0.069751279529326762,1.4349841473414682e-23,0,0.041087316981258358,0.0019583317830109965,0.0056635649769680224,0.019554689745929492,0.0099602032762395893,0.078984416909207558,0.0025368173707973514,0.030473852792051746,0,0.0013052060670628251,0,0.20507353607183079,0,0,0.030003577143484575,0,0,0,0.077769174822091253,0
F83->seed9:GP110,0,0.00016782747264345056,0,0,0,0.064329382713412347,0.011850872162982556,0.0053050396938992064,0,0.13016799339664015,0.020891719982165602,0.051657352966852942,0.06593406468131871,0.099980266000394682,0.8671688826566224,0.30783311384333772,0.078904546421909083,0.20509162389816754,0.0071684584566308321,0,0.046036104879277902,0.023482711330345775,0.50711308985773829,0.000185296700294066,0.0016032778479344431,0.0021317023373659534,7.6559980468800412e-16,0.012987012940259742,0.04817971703640566,0.05061692898766143,0.35863684082726321,0.0049596995008060101,0,0.01599573148008537,0.11596140368077194,0.0044117646917647066,0.023529413529411729,0.0011869435562611289,0,0.010759115784817684,0.0424134351517313,0.2033643259327135,0.028945351221092978,0.22148908357021835,0,0.15133265697334686,0.012613193747736125,0.029427224411455514,0.17303850853922983,0.0098199670036006603,0.094039366119212695,0.040919441181611178,0.13979250920414982,0.0081214348375713043,0.0055367659292646825,0.12907467941850642,0.010236329795273405,0.12747465345050696,0.1383655952326881,0.050069536998609269,0.020524659789506808,0.006183440276331195,0.0086268874274622511,0.0069686410606271789,0,0.011992619760147606,0.0020905913581881728,0.1636125807277484,0.49211042015779166,0,0.0034934495301310099,0,0,0.01347016113059678,0.12093959758120806,0.0038159846236803076,0.015852047682959048,0.0039946735001065298,0.0042275849154483017,0.021612196367756076,0.0096153844076923116,0.022770397944592041,0.0072744016545119678,0,0.05004169099916618,0.03746485125070298,0,0,0.0014107688117846239,0.10993458980130821,0,0.099721846005563095,0.040555304188893922,0,0.066589336668213275,0.0024174052916518945,0.017492711650145768,0.0067997686640046276,0.00409836051803279,0,0.031315233573695332,0.18925851821482964,1,0.012889366542212668,0,0.093658534126829326,0,0,0.1481481450370371,0,0,0.033994333120113344,0.27160964456780712,0.043478261130434778
F199->seed7:GP250,0.060053308798933829,0.091286260174274797,0.052076368958472619,0.061156336776873273,0.10764513684709728,0.039241961215160777,0.061000807779983846,0.026527262469454752,0.028753994424920111,0.15977490880450182,0.021454445570911088,0.35245094295098117,0.36923075261538502,0.12551772348964554,0.10007942799841144,0.38461541230769175,0.12716079945678402,0.13713790225724196,0.035777261284454777,0.10268949994621002,0.13322370933552583,0.064347454713050908,0.11816796663664067,0.06398696872026062,0.11578454768430906,0.11881626962367461,0.034749035305019299,0.061690198766196025,0.13868035222639297,0.1697317916053642,0.48755021024899581,0.039994736200105276,0.056292004874159904,0.091204111175917785,0.16560884668782308,0.012771152744576948,0.31766456364670875,0.11572703768545926,0.040540541189189185,0.11297070674058587,0.066446746671065079,0.11293793774124126,0.070578310588433793,0.15388787692224248,0.11663412366731754,0.11620772767584545,0.17018535259629294,0.10303274793934505,0.059938525801229485,0.20130932597381349,0.049575329008493423,0.15345278693094427,0.0829276303414474,0.045617819087643618,0.094800598103988054,0.046202576075948479,0.036679025266419495,0.22052196758956066,0.039457850210842998,0.18660172426796554,0.11031296779374067,0.095856382082872379,0.030194105396117894,0.28222996235540077,0.036144575277108494,0.20111069597778608,0.042334148153317042,0.10075685798486284,0.47948585041028302,0.096774190064516208,0.041921397661572046,0,0.050518138989637223,0.067350865652982692,0.066504919669901616,0.082044538359109243,0.20079422598411548,0.059658511806829774,0.062842759743144808,0.13459061730818767,0.057696694846066099,0.082542700349146,0.171578750568425,0.015241319695173608,0.10759919784801605,0.1775865954482681,0.089552236208955291,0.015372488692550227,0.059252986814940269,0.18973037620539249,0.034883720302325595,0.2216096955678061,0.21075878578482432,0.031496063370078736,0.11699707266005856,0.042304625153907496,0.26676389466472211,0.049979813000403737,0.059401423811971533,0.2324999953500001,0.046972859060542826,0.028213553435728934,1,0.11280066674398669,0.09263771814724564,0.24878048502439035,0.039421814211563717,0.038585207228295858,0.11111110877777784,1.9299204811714904e-32,1.4068252938404843e-31,0.15297449694051007,0.14400000911999983,4.3890644122187126e-16
F130->seed5:GP45,0,0.0019087580010739846,0.00023650114418649138,0.0013098504559259454,0.0053959870191515108,0.27446261961128987,0.0065652016837320793,0.1910640857599919,0,0.57190035384168414,0.15505840409399313,0.066086688852642045,0.044833196597346719,0.055526155470266868,0.84749209026815664,0.21871809600270867,0.047167785149408441,0.05738501993433829,0.020382338726173347,0.004634612953563844,0.11635128677690504,0.026478829123690366,0.017270697389926391,0.0024288124134097823,0.0063759447478567354,0.0023481621790592574,0.010978127758212787,0.012308810307067115,0.1424643401702464,0.042629060261246764,0.9322811969735767,0.0047204805372857055,0.00076198180003927214,0,0.031068233617285838,0.0041813752677497609,0.22300668701243553,0.042883038328783145,0,0.061183539386987174,0.30960363737627722,0.0023062208817603066,0.013921102454292959,0.056692670672470934,0.0077303924604305843,0.24685949369413665,0.20054899683440125,0.017929595951272741,0.8428067857671514,0.065150065826051692,0.056488732459963144,0.092168948926478908,0.0064923952442831473,0.031555853082144009,0.012257745145389107,0.019906700506904098,3.2955144739122011e-16,0.032903520577756598,0.0037394447864976606,0.019772844818786571,0.15579972411687859,0.013674576199476565,0,0.019814182362303107,0.13702823596701799,0.0069946743764267502,0.012490828111690526,0.005380041027051319,1,0,0.024832642715662559,0,0.029464611936218531,0.0091202391267594628,0.010412401877215347,0.038241794149019077,0.022536342514519348,0.011358196934281937,0.021035813910084529,0.02225512757106447,0.045566669015261484,0.021581215062874953,2.7184917949593693e-13,0.019260525301616725,0.47634450371660858,0.019665433853419133,0.084875674886919134,0.058324827496279062,0.0013357262841823616,0.092722938657375992,0.033062036511493927,0.055450238422181018,0.014384276629667483,0,0.0036962433230671872,0.013746987415341829,0.01243441065595571,0.023200377276452296,0,0.071042229611481558,0,1.1938978843482533e-20,0.94777839705616995,0,0.0067537654145016805,0.17198709830996139,0.014945256415658746,0,0.49144064569183826,0,0,0.016109547561120756,0.0303289079096636,0.20603877183162472
F57->seed3:GP42,0.00094761971980829253,0.0062941172196720628,0.0022661577304419803,0.0034787956790587964,0.010837631785852368,0.10579881882510463,0.016282461161609741,0.1078890494811601,0.0055268330656314951,0.58323401119417506,0.076487743234582059,0.26136439712594611,0.35086914440070677,0.20310512508465689,1,0.26613781498213446,0.20763321301887233,0.23158719079140272,0.017050973197813062,0.031552344575080632,0.052638488345239355,0.011653158578957337,0.062411849114767541,0.00096903204378027854,0.012794859086769129,0.00015306583908308445,0.0050093487190531914,0,0.04820760861385804,0.029136413764112728,0.87543353426107795,0.0018043097833561246,0,1.8163937318847161e-44,0.036433785961352327,0.0019079766411766077,0.036972912379761219,0.016681285176410755,0.0050093593579307637,0.0031020302092226088,0.056282905918589234,0.0052869767164272045,0.0020636407276992258,0.035032695087173923,0.0070680981579172714,0.061589059082098399,0.053792578215211516,0.015453639144841829,0.28941132236058525,0.017516634274311781,0.089641303755523788,0.039812241974783259,0.011012370679253411,0.017971986018957959,0.0042905809605609021,0.058293067344095034,0.00073780161866629978,0.053853933400626393,0.0059731038795575262,0.033516629084615404,0.015597343394424708,0.0017827881124814792,7.8811333777917323e-38,0,0.0010795031384688838,0.003989205950505865,0.00090406052223914639,0.046712524553750981,0.84765568440418382,0,0.0030216573814348985,0,0.0080668923319641185,0.0074276532971438497,0.0054121563447930478,0.0016205156482320003,0.0034239478539308059,0.0017275955617716584,0.01515449207144136,0.0035214946844534857,0.0041584108111754918,0.007385716398662096,0.0023031197859769213,0,0.036791008332057527,0.0022235010989182075,0,0,2.8655147270608929e-08,0.039868957571637269,5.0144294318060921e-22,0.022886701143549598,0.0058180456122414554,3.4288064476787784e-15,0.0075498509259715758,0.0052273333523622199,0.0018912888351466995,0.010966050822696617,0.0017724372630579248,0.0064871204710168426,0.0022133056030556931,0,0.43247711992609866,0.0069679061391513279,0.0030817675586889788,0.10596997501161194,0,0,0.19221097932165479,0,0,1.7307637416672937e-42,0.040655814146593354,0.018803248230962247
F184->seed7:GP62,0,2.4402224009576499e-19,2.7317578418056245e-25,0,0,0.010102925620075663,0.00010614509091316268,0.0018680034640024524,0,0.015055387278051689,0.00035894726100633116,0.0054568538804074069,0.018573353251981249,0.0019229781294175486,0.052212607270306487,0.054172101089884697,0.011862901264732733,0.0055018540103391892,0.0037862220760225577,0,0.083752216498885659,0.0015353669030580028,0.028201757860820031,9.7869642717175685e-05,0.000470450385812886,0.00012462906588766754,0,0,0.098280852513060249,0.030888902410245132,1,0.0039260846610143169,0,1.1960477286973674e-37,0.010071701216900934,0.0046603942362683755,0.016570291087334651,3.0415223948519125e-10,0.0081571887241184866,0.026504816032441113,0.04573393604778786,0.0092618691627090292,0.0081166755717473789,0.17892039576164637,0,0.025480632452987408,0.0020486608258633121,0.0011102007435478305,0.030307976353683184,0.0034577936146662773,0.026361449514741765,0.0054033551555346818,0.016083166693181203,0.1871450860539253,0.065186105623341914,0.013310757950187746,0.10630379149392606,0.013575562726099787,0.001413036763511268,0.70684571477586344,0.053858137310640271,0.00072576843029519022,0,0.017199942618744447,0.025454358767638238,0.058160554696738163,0.001472273085761526,0.012979609160972379,0.25737920622455635,0,0.0018451541888844733,0,0,0.13222284969766038,0.33469339162728046,0.011791295753681453,0.081984144942178247,0.063729221742425346,0.26948717932466321,0.0013781552348881413,0.12550153985007773,0.30463336736912222,0.0012501254422698301,0,0.077531000350076359,0.0003654590827914755,0,0.043338496801248523,0.00049675802244249364,0.022331743095076476,0,0.0046586812494493748,0.0015790073972382207,0.047134410520629257,0.001739195432823895,0,0.0030805689026130656,1.0486863896774583e-37,0,0.11619861224405287,1.7572684156118425e-10,0.0066229212763399721,0,0,0,0.047567862947533124,0.0027762310613863236,0.0033966428585161198,0.026082863096479312,0,0,0.005985019604910196,0.095315158517831178,0
F31->seed1:GP253,0.0018893950655484691,5.7953999188644017e-41,0.0032439174625851553,4.8913362515212925e-27,1.4384568698616037e-34,8.3000352637995056e-11,0.0039188101911366569,0,0,0.02826086990434782,0.033121017856305751,0.033577225809918836,1.9109999732460007e-41,0,1.2004032131943549e-10,1,5.1565900678077389e-12,5.4012058643831173e-18,0,0,1.034408217518285e-31,2.2058534631180513e-33,0.015792670698902608,0.01204388857138556,0.013895075025468948,1.530520502572713e-29,0,0.084415475418183339,0.010951078946684895,0.14474058877363177,0.23311416633640167,7.9562311586127629e-21,0.020903094907356673,0,0.057952322188667485,0,2.0348886195115596e-28,0.21602199537569206,0,4.8349966183100468e-32,1.0093307498693694e-26,0.031784839655012241,0.02193270269294216,0.14645459974963559,4.2801121920784294e-12,0.12942989098798152,0.063065976377076324,0.054649053434913247,1.5502803982960745e-10,0,0,0,0.055555553822222249,0.0075413323944213458,0.00020202926357159031,0.027301364617780894,3.8552610960263445e-19,2.5055746989219542e-29,0.076948371722722786,0.00076470457929413583,0.0080854151468041872,0.026794915304871183,0,0.090592334331707311,0,0.0001690721502329899,0.027177664419512696,0.036896877683443713,0,0,0.045414844164192184,0,0,7.7829436310387895e-32,0.24483388457232561,3.7241290578621936e-30,0,2.1542137978410068e-31,1.4248848700516116e-32,6.7697915052229185e-29,1.2963255058514429e-31,4.9231177410763516e-29,2.3932167924949648e-32,2.7238330478663373e-24,6.7465155255487823e-32,8.07851214690083e-29,0,0,0,0.019801980622772272,0,0,0,1.3619541589326418e-28,0.025349366285108872,2.4385117818608352e-10,0.056851235204082709,0.017679056992493201,0,0,0,0,0,1.3563140570116033e-34,0,0.15219492386927108,0,0,0,0,0,0.44192633321303132,0.20799999188800011,0
F155->seed1:GP28,0,0,8.0893552858283784e-05,0,0.0022157800123785245,0.026948870702771084,0.017398739817963329,0.15835535235030523,0,1,0.23010030028230971,0.18842215047882171,0.56396013197016548,0.035458353578432272,0.64162638718639864,0.44886590229990803,0.033418884680155962,0.022775180785977955,0,0.041037613675663207,0.049746434755411323,0.033317145034527214,0.033865472435997933,0.00012013931480859774,0.00069300282698736191,1.9165533005962464e-08,0,0,0.025852091414353406,0.012110078227451302,0.84736368937605933,0.0013398674463088304,0.0010439886936066203,0,0.01512119867065072,0.0028557649029538456,0.61023255054013081,0.036938991613180053,0,0.011626333502037088,0.018332532606441888,0,0.0087522509502715538,0.033082999524232069,0.0019830948723265282,0.13000715791488382,0.37633301576569655,0.0081227843044043343,0.23317065286018995,0.095503397869975692,0.01654890664795235,0.086230665363199996,0.025860587159089714,0.0075156791402410583,0.00071471083774446312,0.010893023795009766,0.0077427348136471863,0.016904261721377385,0,0.010800030421138255,0.028630885391279247,0,0.0027966724254166664,0.0090364018873554264,0.18738837640206629,0.0023924791321495022,0.0013556167652371196,0.0073607779719837649,0.5684115769936835,0,0.029445135165941085,0,0.0050390818262486189,0.0124764934464232,0.01119327342729134,0.0090837946752115577,0.0034259419952143112,0,0.0075377636417603647,0.010150479599748073,0.0062342485998301547,0.011072594094486811,0.0046037530036983857,0.019763781028491224,0.074614365390547902,0.028946200489305726,0.43545945449686274,0,0,0.02271485045598641,0.022617274071503678,0.0085781062724730323,0.0029074522452317195,0.0051052116233645233,0.011378465802089099,0.012538826825530881,0.0028354018021606786,0.0026451755459174402,0,0.0097254278312957267,0,0,0,0,0.013860467341818833,0.19735515045042346,0.020447679726878863,0.018762882787976727,0.10379654249370084,0,0,0.011493665439836362,0.082988880723851924,7.1477759308109716e-24
F108->seed3:GP202,0.02981129815437563,0.031225998887804272,0.025191524101949685,0.0017070848478845609,0.051830946249442109,0.013556926640429031,0.017467916971963596,0.038267256933919823,0.017366608113300763,0.044047182696048369,0.026763665567995493,1.3371848977663006e-10,2.7191522311935104e-25,0.022635216209894726,2.5249495215887692e-18,0.19124087689234376,0.013590757319369628,0.080602894811583073,1.3698589289507411e-10,9.2742825919888484e-17,0.22890232129091079,0.024336323751584163,0.012986211816005596,0.046759603726571695,0.017846251470795316,0.095762146442286353,0.1180626045666852,0.0027052994575062473,0.11420877327913966,0.032639063249568612,1,0.011862437826826831,0.0041863619982290797,0.012671643006651695,0.11280716053566783,0.07495604619192299,0.58497211157280227,0.093489936239680563,0.17278133659195544,0.16530881629915681,0.069216876078483786,0.10937571749751188,0.097870046731314053,0.22597576678258008,0.011311343352243843,0.028734297097073685,0.043868749567413143,0.056298154375630981,0.038160745099536743,0.29296475043616693,0.0084610260124919155,0.038150352573205627,0.060205462348833262,0.011767421615261427,0.017941277378273043,0.015630450594404179,0.019284043392340171,0.021608665221926008,0.014715674083691534,0.05470150164323339,0.030912467391901025,0.045343223362792999,0.0010706560522779727,0.31184922528168862,0.35944067116000111,0.017253585100873291,0.10405252738125641,0.014112382485542649,0.18822446365196391,4.2065342692325139e-42,0.16136073030208289,4.639121126706779e-42,0.038644527865753682,0.15453212300502875,0.12876117864106867,0.054756865302595999,0.013136758009121915,0.019862771515378613,0.014574176414290523,0.095312529087736964,0.023905109238623264,0.42457652730010909,0.073999043237205575,0.057428202515089823,0.18661535987646513,0.18122408953891614,0.11131931234799793,2.5030385497540523e-27,0.033108352864381338,0.090886761290815313,3.6962109567985948e-22,0.16449969987422167,0.4236457048003418,0.21533421213104817,0.063008379058261399,0.042630772498693292,0.17244952755548451,0.026151288154160828,0.01021553371671468,0.037291970471919449,0.062283041282509645,8.9373384511839143e-18,1.5811795480093847e-42,0.072849709182297481,0.062831346616037106,0.17463569474045984,0.1568124524154457,0.21583782527548326,4.1319503282886751e-42,0,4.9155794814208418e-16,2.3670975331212364e-08,0.3580030358647322,0.43237068337983398
F17->seed0:GP229,6.6803757149910444e-07,2.728116242089889e-23,6.7048160563385711e-11,0.0020925062059734545,0.051744535085893766,0.017441665230388943,0.0069714384409549591,0.016064749107808987,1.8040538534559203e-38,0.077978915406639579,0.063934246860474955,6.2720062548668553e-11,0.039932378118707659,0.044100076343475653,0.028862957519865059,0,0.043706508992624779,0.094631415523740256,1.4037748612770112e-17,1.2001449468588145e-38,0.023234311386682631,0.025425735066227393,0.047823447836191739,0.0016833493822152516,1.2489366003209923e-27,0.0075027122119872523,0.070151470702968649,0.019663670451426543,0.044781188130361041,0.085717485315899886,0.27150674636272887,0.0050063323404575246,4.3203760914575144e-10,0.0038863240596487139,0.061892572167550404,6.2942086920075843e-29,0,0.29832762038196742,0,0.021720540072402931,0.059936202015105827,0.12586672411050803,0.098773591429442822,0.11839894660611662,0.0046334134124029203,0.058148257002031065,0.029381033161354292,0.054103509964787674,0.093080077507033218,0.029736875737466386,0.015458790711932617,0.015489540863890983,0.064705241834102492,0.001756669588642428,0.023366637897505989,0.019078646643737825,0.0051661165568536501,0.043865842248702547,0.065722311790475621,0.075810419479945004,0.020717480410207462,0.006241577153223779,1.5920425453624838e-39,0.021102477334701695,0,1.7049357007260169e-33,0.0094961141646926709,0.0085947186187488814,0.095526980563392247,0,0.042315530793558258,0,0,0.069926484746875905,0.10931004851875162,0.0064197707980554993,0.016001084848456439,1.4591235359097231e-35,0.012801994879837972,0.011852075494899878,0.058234715288692188,0.068953438837698292,0.0053755142210390903,1,0.03030730783557907,0.0031429217889817496,0,1.8172865045382563e-40,7.5812292727681636e-10,2.0639997723758717e-25,5.6594286263723272e-21,0.020032229672454913,0.067896981621931654,1.5011506029041484e-16,0.0059048529689486751,0.014640798659808437,3.9972308638114016e-43,0.01441349231119925,2.2024220602665408e-09,0,0.037931589646750537,0,0,0.0097579117099641267,1.042268281707825e-29,0.017726079289580154,1.9986154319057008e-43,0,0,0,0,0.15441273756133525,0.19380513884726622,0
F23->seed9:GP213,0.19443356310671492,0.15010499427601354,0.053644408266877261,0.097101838933522713,0.035970273717984863,0.10637707809848711,0.098701217112709516,0.014909839793132458,0.035916994978594748,0.037376532275971965,0.011794794882165201,0.021780400938070054,4.2260600808130298e-29,0.11767282850731436,0.0066969933624420695,0.10809633976493747,0.056098065797109978,0.11801924149152276,0.035260908490953181,0.006871649653444523,0.010781987883981282,0.12316805114381249,0.012752118299947683,0.035472850624862905,0.20020785200628222,0.072616995187696307,0.056480033634322656,0.045625079424865489,0.027908380061910251,0.017896757725223283,0.12569198281697838,0.012777853811300819,0.01182902936001703,0.002112564157079248,0.031341739935402457,2.3603261464903453e-15,3.8108957694842858e-21,0.11165308979252539,8.231731336606829e-21,0.025200085738383466,0.12208956770748879,0.070332345676980448,0.14778286246810526,0.022181852318720417,0.14748425195469483,0.091940445246015398,0.029108864138759252,0.070890292709802377,0.027946374152025735,0.11039626296395925,0.19369048531257174,0.1509478337483437,0.010008920036327012,0.0048911434158776341,0.0077452824496611608,0.28036184956937221,0.16781517945095598,0.85088676260336027,0.097041435564478418,0.0029316809734851131,0.027915761009601671,0.03901829146220806,0.1604467441268769,4.3428099957559129e-24,0.20316901672083973,0.0012963584053294727,0.0050969786039192916,0.11172332430734097,0.6117502967218541,0.27198433060386101,0.04663719925462715,0,0.043686601757046653,0.070307691928922736,0.062789566871082544,0.010689144263346008,9.7000230753685647e-18,0.005613524624608744,0.0066107511959934522,0.046750150350764491,7.5127592420864487e-18,0.0079995392346019628,0.069851403665024167,1,0.027705401470941762,0.14945543883941351,1.2105867173834623e-31,0.021619267952987496,0.033702266330359415,0.047091679801841875,8.6946122016019608e-24,0.02788814021163236,0.11973002527026039,0.0051995414841300011,0.15344971701139645,0.027176516181897311,0.055231001740804191,0.0066886444768994042,0.069121251382431095,5.6913593064897295e-24,0.09681279818893769,7.4073669985940283e-36,2.2129701715954823e-36,0.067923057304888693,0.030041025388166685,0.020317150401758285,3.8276911775061763e-22,0.013555489010296701,2.9500690945740706e-35,2.2276111590620699e-23,8.1175222585234505e-35,3.4458764565946982e-20,3.9175291318939771e-29,0.061097931904661562
F166->seed2:GP128,0.0038096277469180737,0.018485983907578073,0.0040879825049662186,0.010565761093864248,0,0.024947061297493293,0.062940916122316865,0.011588039188728883,0.013957478134811943,0.16859731343866508,0.01001737996246683,0.062060607458587103,0,0.064321653944383855,0.022652233910363112,0.16802657020247963,0.034209000699995322,0.098124888024994861,0.015658389439336645,0,0.016759683519808714,0.031129178559881187,0.074975488368295304,0.017463674882382828,0.096318762482714732,0.048707088589578229,0.02530129746183872,0.0024967413717156017,0.048991271486914047,0.035609798676312907,0.50323700326511578,0.022570214799350619,0.040629103265495868,0.031449494898526886,0.22756381313833945,0.0096368180238900099,0.051396366813275557,0.028519644233046409,0.02530129746183872,1.7948478981333151e-32,0.22468056897653763,0.15413680721138037,0.13601403188523903,0.49843162254092399,0.037540172405138579,0.19884072858752844,0.050873500059173911,0.15667758315114799,0.069512667739704492,0.042900178517810694,0.15983014399248444,0.14526252838939083,0.23732782389003693,0.012894493103650291,0.0054282591295916633,0.11243523798202658,0.052170889814497967,0.83868789343609884,0.047407694915800692,4.3914385369114838e-39,0.011110562039493576,0.076538391420974766,0.14133075912598747,0.045665757673179382,0.00016863209695452887,0.0080624677344882743,0.002283287752598246,0.074395869699953501,1,0,0.064563159538514228,0,0,0.072205627459108732,0.25233878515359859,0.0055569523716158652,0.0057710580178297628,0,0.0069258795255759103,0.076943671805077052,0.021003320947658145,0.099476829185021168,0.077550726725155575,0.022194872616185659,0.045682479710817132,0.2313405244604525,0.097806507453226721,0,0.02466310251399368,0.019963553323562318,0,0.10114940254003545,0.19590546642479845,0.18078267104636653,0.12778100696836758,0.068645826875862292,0.047762653224729425,0.0044558269662941961,0.089522350505914047,0,0.082083959858197539,0.041084865618853661,0,0.042232719021144158,0.031130814197703267,0.08951854188130591,0,6.3171268448926499e-42,0,0,0,7.0741004221334824e-14,0.27959620453388845,2.8505707235770772e-41
F4->seed6:GP40,0.049248845650719061,0.0018398959835449378,0.0062338301605636519,0.0056795080423924981,0.017019746019930476,0.016472420090500654,0.046644149443313576,0.0024161562717162086,0.0029101945362394765,0.024269697310038939,0.11997835176657728,0.061120149881634278,0.1979777675211461,0.029018402091478407,0.019534385357683634,3.4675403567941485e-08,0.091523557961764979,0.12887924893036359,0.058780749741557475,1,0.034944664743411596,0,0.32762027107567016,0.026040966590069849,0.0055470097591941462,0.087805953455478342,0.021101719643626681,0.026616941587207378,0.085364728463874481,0.056382750167307885,0.20415854038111494,0.01962302779592728,0.040745880290898477,0.083771640376988601,0.13237617918244443,0,0.042866770453577216,0.018919106055302191,5.0597539884041763e-34,0.1323805596568419,0.057092870702769652,0.75852491418724433,9.7867457720770603e-38,0.31181607691489993,0.019334514941024825,0.042788107736169194,0.029816323401980805,0.037817539987883328,0.061741543265997539,0.053669301782986983,0.044137050642710965,0,0.20899501861086767,0.0714881835131842,0.060720305206752659,0.05824218366785347,0.037062516174006764,0.034916969105221837,1.5943297040706711e-07,0.2957738669587347,0.15535362014919846,0.065320855403081537,0.0098226990007435604,0,0.032923765808853367,0.0067224295865384162,0.069630015240115847,0.057608629889810435,0.028689975818578951,0,0.021387123810023497,0,0.077872627937589034,7.0563507177774848e-38,0.33659375349269738,0.11136023431029117,0.0036098716163021419,0.087327413271115845,0.11384408079857443,0.070149162941350554,0,0.4595364403275819,0.048946841590513913,0.0023139360024441026,0.061594569195509347,0.026816280499018835,0.059998005148901974,0.035034266349785938,0.10501190488877885,0.051855744392350592,0.029134177237327984,0.2051205914815486,0,0.12543339506441048,0.010657137836832658,0.081472506169691872,0.11352940806756043,0.073354620853954763,0.1100601051368509,0.061485136583082405,0,0.21229456791115314,0.45544546527988988,0.043507046606553336,8.6251120054238085e-37,0.064184361405807092,7.5972237138060913e-28,7.1701269135199258e-37,0.033736700423372991,0,0,7.9613094530528189e-34,0.21203958221806127,0
F51->seed3:GP230,0.00093603177501953155,0.0010808705562722824,0.0032141567873367337,2.4581375493934292e-32,0.014669132708993841,0.03709482008229089,0.14949234579114151,1.034637711188332e-15,0.041152504466845416,0.95208799664214705,0.11486004837540065,0.13307689466004172,0,0.082067784451629655,0.27623498354344511,0,0.06921964622136062,0.16222677934011637,0.023083752491745834,3.4733138107773255e-32,1.1592660794649076e-43,0.29202948152752006,0.86845201113730108,0.00059668939884402613,0.001720949661498169,0.009046060809997758,2.3185321589298151e-43,7.8787335806382772e-32,0.042799323081350878,0.030731550222382008,0.2771706271961813,0.021294870069844232,0.036244864741084487,0.01030184004122041,0.13599665698576444,0.19889369692348557,0.60615221735527969,0.015288704783696018,3.0913762119064199e-42,9.6605506622075627e-43,0.018210274405236603,0.031493236725765789,0.072438290527690963,0.17071881684376516,0.0065662194810645856,0.041220792967366429,0.06873613179649686,0.087992403097528052,0.039592418276185246,0.12648839137997567,0.02191843697545625,0.26354443980823883,1,0.011208219181046525,0.035497155122398788,0.013525447165636941,0,0.055976148023130605,0,0.067180462409599462,0.03205228660983532,0.026549090551896439,2.4757796470127526e-13,0.17952242256315121,9.5832662569099023e-42,0.027746470981521991,0.026928363770894706,0.036558375500348898,0.081266457231080599,0,0.011249548948889581,0,0.0500546671240873,0.037179797377291872,0.12129385532560266,0.0081905537435368013,0.051046504267915349,0.040534634967591944,0.027227199380859171,4.070892907695139e-15,0.12385321341988052,0.03666243122364167,0.022858675186087321,0.22903930615297471,0.064457385031139042,0.040102255769493382,0,0,7.3444154791080541e-16,0.01962031176374528,0.22466396933787589,1.1592660794649076e-43,0.086641715138801631,0.10142310731071059,0.075350413289949986,3.0696249024574195e-17,0.02816487174923436,0.035033728073737974,0.026379860889616153,0.096605506622075621,0.2016816429675326,0.6056771887581176,0,5.8383762051826766e-30,0.045893354012579275,0.15079883866269847,5.1297524016322159e-40,0.0088212211538855386,1.8296621952743521e-13,0,0,0.43787199399407428,0.82436697696097772,0
F79->seed4:GP107,0.0014294626859369145,0.0034899632194754886,0.0074372470904542302,0.0090617281246889551,0.014212095254568778,0.12227083905153535,0.4115242627273244,0.26100368723217338,1.4083090649888931e-23,0.86605913078783137,0.63498941643587314,0.70326908270838007,0.24503734376604402,1,0.74647849459897919,0.42031712530963533,0.74290397630162885,0.39171467115021785,0.36395146654587901,0.032051810221568333,0.10899625900088164,0.54771379671609854,0.38620788031950154,0.00010124922251030522,0.00058403353850886952,0.0026669805913131237,0,1.9597743257067765e-08,0.029861544871203904,0.034549858547036176,0.027057004633005852,0.0049684106084542882,0.014057527090344073,0.00064716091515536743,0.015138564629769341,0.0096425658740151299,5.7970457817667896e-35,0.013703408155501348,0,2.6314641801334283e-34,0.0046349851937636114,0.0050586758014520483,0.039876107189256889,0.0101388570694943,0.026124453691776135,0.094130787175613198,0.1691431109528119,0.14470620495461087,0.12764653033380224,0.18243550622168794,0.47919947051361722,0.34100718995192841,0.16956453889009027,0.0063395050792059227,0.0012043841566910405,0.091801885069089872,0.064068983383784653,0.027498100781023889,0.010316644685603036,0,3.7910721430442031e-14,0.018019771941601752,0.051852336822895487,0.098996505541995072,0,0.007056527943140275,0.003427011306663967,0.064809783695580464,0.088908849685063393,6.8078938530350063e-06,0.0038177258601826006,0,0.042467277240596457,0.033646927946917073,0.0085756533044443091,0.0046334493606520121,0.011549000111861472,0.004365475497157368,0.0011550038731871195,0.0064158010297812491,0.010507923870726953,0,0.029098878460870056,0.016656081572586096,0.0054686776072345655,0.0045369004510259847,0.048932420589172937,1.4825910500592548e-32,0.0061665383909756512,0.011303035353864524,0.15248708183578186,0.0072292667119795246,0.0098011127921659724,0.025817462795569023,0.023405564196879867,0.034343014487044327,0.047791140466405951,0.087560387819662522,0.020122174235588128,0.065569268020745655,0.20447142306546859,0.059181800859562969,0,6.821740808442407e-28,0.015574690613851966,0.21749706216101414,0.0086162211201018472,3.3930018780400454e-07,0.08094991897583674,0,0,0.13002438003106156,0.087426088482294217,0
F44->seed7:GP138,0.0012809296095506626,0.0061630695507051102,0.0021992356635354288,1.6124771643861019e-22,0.048526662231745434,0.037467982547985633,0.058882486221073414,0.0077926034468292424,0.0093859811011719058,0.12932760001663976,0.032933452737770652,0,0,0.024065328011427856,0.0070003468968595261,0,0.098783393229447597,0.36439228887765474,0.047348640686066097,0,0.011270379309153493,0.037986818976950394,0.030335779590760416,0.0040968725344411473,0.007455062931461782,0.021836045051466944,1.5784864720800911e-41,0.095190957202657564,0.2377647115644273,0.070642901411489475,0.23706194576704748,0.042465122587850575,0.023595177005532722,0.051684670754691041,0.16044632828711214,0.058236997184635854,0.069124998501715801,0.21792319830443585,6.6594960547532971e-32,0.0052680351113207529,0.14950267540677534,0.10034330097744537,0.14205043013095356,0.13527199851370209,0.0044928307982364662,0.1347345463442218,0.015677199780862718,0.12340885743314656,0.058696041497889352,0.014327545373333642,0.14497427886700101,0.022540757736963339,0.025095424839366307,0.00085211608846998035,0.0080743282046183817,0.077079900499827617,0,0.025505221432303288,0.19993703680984623,7.896841722667242e-14,0.0045679676356511264,0.02420068300607281,0,3.0501400807592811e-36,0,0.0013550793420804928,0.001535441824621075,0.025014484001497576,0.21315356919499481,0,0.04361817037994372,0,0.045665538723067015,0.02541482025172585,0.0069161147692748098,0.0032011852838173321,9.5658342552187881e-20,0.023471201038716367,0.0015524813701579862,0.040193430252931525,0.028248193774329491,0.025085684229377792,0.083326141569172424,1,0.073506510309252912,0.035041033597524911,0,0.022598555372001054,0.0082891480509261518,0.02679992758880595,0.15372273387158752,0.05823739026390249,0.059225221375897294,1.7390257733085429e-35,0,0.0035509408695970994,2.3773271879003504e-27,0.27464146059089506,0.024080427190791159,0.02203359117923075,0.30351344119569423,0.055256653439461206,0,0.0047333172223714632,3.1497256553495091e-37,0.14617406078732897,0.011579280562706191,1.2774371090800254e-39,0.10880785756640572,0,0,3.7197889499248741e-36,0.11751249216485499,0
F48->seed2:GP107,0.0045091077552823558,0.033425082699708356,0.03104934223887441,0.077178188371456569,0.028274083994601514,0.084244544451402711,0.088610587937936719,0.032917683834081078,6.902434690285018e-31,0.17199707626146721,0.17706198082205929,0.20834639637461189,0.12273593714044061,0.16379590628206545,0.44356652616474584,0,0.13002247643542766,0.030303219667841535,0.033367994370541235,0,0.023804284498835839,0.19448116243364563,0.44146454460702372,0.017178842128506372,0.038151390624267624,0.0078148956161084998,4.3772653230916858e-22,0.040292927089596101,0.069670510914485118,0.064221135034672763,0.022253378064313982,0.010258290624122422,0.0024942985199886032,0.019850653371720338,0.020678059984145274,1.3143975358869247e-05,0,0.0552371803398874,0,0.17796286995026198,0.042921117920087584,0.01517110806347147,0.087243841066895769,0.19285900913886089,0.086979512497537714,0.25174001385175676,0.2531285122920659,0.19187895993508,0.095363464534108197,2.0832096835268602e-20,0.17120067284854271,0.21134096479276293,0.37635549878740354,0.012598342130200333,0.01025993972255757,0.13031740239837253,0.3602052424837392,0.45097816164783416,1,5.2208784834295858e-33,0.17751471502503097,0.0072613528951143242,0.080295356712891688,0.17296116314548132,0.22427649366267052,0.044062849135024694,0.058374410013115725,0.64273843266065978,0.31318525587235596,0,0.12367690239485431,0,1.1257889993164964e-27,0.077612043291970537,0.21245041582261828,0.096193853261549625,0.12293326119667847,7.3989214721253595e-35,0.0098370357910763737,0.059834006394086467,0.17898991259573532,0.10596746531131959,0.0055128975357566206,0.25219237575572512,0.13972856275347281,0.16424968292224637,1.1844506640715937e-08,3.6352103048194368e-32,0.0087579976806516687,0.093500541750894658,0.10822645466621142,4.2203159768654895e-21,0.055650067380535122,0.48572157001021327,0.15705775969595981,0.0075071826715960542,0.054270993689494659,0.019251613106429005,2.0937399746859018e-06,0.046537375413396163,0.19431133824328706,0.20889286615914121,0,0.0099972881740599106,0.066324051062893172,0.12712645370195699,2.3490872028881766e-05,0,0,0.00065505816036414723,0,0.15820071763611279,0.397304093565292,0.5395637869375991
F98->seed6:GP84,0,9.9386990442289707e-05,0.00029554452015490462,1.3907603707676689e-29,0,0.013709584750017498,0.0041591425029411482,0.0031416306344174928,0,0.002574771254881631,0.002120468579724749,0.022943506502504814,3.2122793072854134e-38,0.0075462043642340734,0.0056444548829101436,0,0.0030911283740593389,0.010469601975854691,0,3.3416610496745811e-33,0.013631141812202131,0.0031821855067746788,0.073472494978462366,5.4866110688084782e-05,0.00015824282247900689,0.00020960265806606578,0,0,1.2791463261673898e-43,0.00023548176381486913,0,4.4880163531751431e-39,0,0,0.00078925975446786259,0,0,0,0,0.0021238400185902596,0.00085989790991043485,0.0057916611740360295,0.0019982290929751057,0.0092908508703702444,0.0012075392173827456,0.0025268585551971182,0.0063203572229306873,0.0044306096873304463,0.12382965395183373,2.5547435897891434e-19,0.0070539675388194261,3.5531842393538608e-45,0.064283996067335689,0.00034353517670162876,0,0.24214389188086741,6.7048799787661713e-37,0.37550052462765288,1,0,0.00073663841056120056,0.0012206031388118934,0.081741067383651861,0.020634055067959976,0,0,0.0037141299832964812,0.14725614230076498,0.18068306058498915,0.11461884459686816,0.0051915262240986191,0,0.046025703024150634,0.13786191402217968,0.23577822018869538,0.001004362741736448,0,0,0,0.0011588990032252251,0.005694205502674304,0.0067422850598906963,0.0042049519307470178,1.6690731199125064e-09,0.0034449940430866226,0.005016919197392531,0,0,2.4872289675477021e-44,0.001804104780560671,0.041249981789930772,0,0.0026555935825228814,0.028000148878419624,0.54367385748249075,0.096884983781490533,0.0051795690484963451,0.0040267274071668436,0.012135474387404388,0,0.34866732495326669,0.46813536352805613,0,1.1103700747980815e-41,0,0.0069330423749199201,0,0,0.087732116201916094,0,0.12252359936142172,2.5348418140142558e-30,0.028425473914830884,0.051495425097632615
F186->seed7:GP81,0,0,0.0015929258762412129,0,0.0058176484322861478,0.27411879485540558,0.10625173048178942,0.081277331500559824,1.40131220924995e-22,0.75682290897435978,0.18866348280487888,0.10552408242333024,0.10101611531274916,0.060424072985731457,0.15939217267619046,0,0.031437804385541848,0.15929102490484268,0,2.0215264580630494e-21,0,0.16205660904624483,0.31640397151315963,0.00047314825425871646,0.00068231841355190172,0.0036150959601561738,0,0,0.0021210676927093325,0.0010153607031869055,0.1190464486131939,0.0021107361265765845,0.0082115918839101819,0.0040844513415178967,0.039135701333091473,0,0.36048887987346268,0.024246530303578141,0,0,0.054149778063220882,0.024972741273132076,0.033095020686113433,0.13875520829822321,0.0013016802756023976,0.003631806791516702,0.029729839542435795,0.021468946929440468,0.38458918255073787,0.025074921664865968,0.0086901746629888636,0.039183572633659992,1,0,0,0,0,0.044386605105740946,0,0.0053271131488425768,9.192466344848635e-44,0.0052630632607148916,0,0.054214365863837516,0.36917534690835913,0,0,0.0072472929718692151,0.33831358689423952,0,0,0,1.4108040435820959e-22,0.019545355935361029,0.02805269244275085,6.128310896565757e-44,0,0,0,0.0099939841436083865,0,0.014535841732694109,0.013598323539271137,0.42808862272953746,0.063889810518755391,0.0026501949415696198,0.11433415595693268,0,0.0036023458561280967,0.0038895094654825954,0,0,0.011450506075913839,0.10053003454528853,0.0049791281987484771,0.012345509418907434,0,0,0,0,0.031984921597454544,0.048054895570518175,0,0.0082281297436956544,0.01819569810959994,0.044841299728944808,0,0,0.56743619355902275,0,0,0.043401635401045857,0.32684324270991455,6.4136769191265206e-15
F28->seed5:GP32,0.00011924887868700154,0.0010380899105238773,0.0013972199698351062,0.0019842494347343874,0.0056080955379498769,0.023037377953260219,0.20902131377136149,0.64569630400053335,0.01048552019623673,1,0.6189136749110189,0.059627449728417992,0.15230779603049613,0.075294292817260966,0.14928818304046121,0.12622953055176392,0.074143747332067911,0.0072977145640157736,0.019043606373194095,0.014042649351398663,0.028316290977357033,0.025040438355365922,0.0067141668320368168,0.00042078193012884299,0.00011006538319738521,4.6503931444551046e-29,0,0,0.033977205355560917,0.0048914033794192173,0.073159139777217733,0.0020521984498905309,0.0108869627785966,0,0.0051763470192537128,0.0036198175288289277,0.38604457427471262,0.018045227353474868,7.3885041301348785e-24,0.0014712946136952476,0.0017399610062847877,0,0.00092285158822049925,0.00081516381835352182,0.015269564831260664,0.066079566122550878,0.39362946429868101,0.058548816259052019,0.094584201844561053,0.055983020641394633,0.051181848073085352,0.01049222181028057,0.020453859709761477,0.0017791781004269332,0.00045222777591334657,0.0025846795677865082,0,0.0023770892822075618,7.8719168107819739e-28,0.0008515597658388215,0.036717000236843204,0.00084557749348607343,0.0017695729295160831,0.0027673887635696853,6.1141587190125427e-13,0.0011353670899797899,0.0042893167962198822,0.0058217331773020228,0.031059450696073361,0.079402444255326526,0.0073294912321493159,0,0.041449689625130522,0.0023683205207773914,0.00073369911027987614,0.0060222925033735757,0.0021677462781624218,0,1.0290707431594233e-12,0.00081089131171405994,0,0.0046663757530454493,2.6416725787213193e-08,0.014587360410322112,0.0021961603488049068,0.00085154258473765852,0.018369222060908037,0,1.4345919170943441e-21,0.0012497946513804425,4.0610082687372337e-19,0,4.421121195339914e-33,7.7189314123057157e-16,0.0063996566831997434,0.036363460927542175,0.0053822359327518905,0.0057891447144459143,2.2005593753010696e-42,4.0962071266912245e-19,2.998441836581932e-23,2.7092424281434903e-29,0,0.0013219526671001162,0.011693472220300904,0.1003342093397549,0.0097035841598517823,0.023744139041482613,0.060777180465117514,0,0,0.013946038394985837,4.0825447052006106e-35,0
F111->seed1:GP33,0.0023238160564858991,0.0036594242724066624,0.0063281592592407156,0.010645545434553283,0.015772392605193742,0.010626574685409541,1,0.57066995934096698,0.028711031242020416,0.88803033039845225,0.64515035985381686,0.060931271714569503,0.0084645748017212596,0.16580115857253941,0.0059655432315631482,0.049362026381192005,0.22992457839891145,0.046481971106166788,0.11752452848500906,0.0031388600142270022,0.0098500799739338497,0.020057587394582879,6.0537078981432872e-15,0.00112620683997626,0.0013580228702727664,0.00045438666559341506,0,3.8332490522713328e-39,0.011968742574055323,0.0095716485953434485,0.002302442045376205,0.0098536779343963397,0.057087415958044591,1.9451198954272931e-12,0.010956515593665402,0.0084956947333515373,0.24171850946919879,0.013160193970970596,8.159212639001167e-29,3.1676058003343766e-29,7.9654280752606125e-36,0,0.0007219002253443231,0.00042557710061079054,0.066435588920500166,0.026179733954278708,0.13766552755644101,0.20310109375379121,0.0039460872083685889,0.062641689431539957,0.080410776781254245,0.0032833601068527241,0.0018203858236814506,0,2.0477380259590802e-17,0.0013480508736666036,0,0.0018596723783935963,6.4006210737574198e-22,0,1.472686118966859e-07,8.0821018220500053e-23,0.0027687861716922699,0,0,3.0811050845551522e-44,2.3546987430246668e-24,7.8922083088931088e-31,4.833518648966231e-28,9.6815762625502071e-35,0.0011213947700552018,0,0.031560591279471251,0.0012352089432156182,0,0.00027216317840638311,0,0,0.00030979860741752938,0.0012561475556630518,0,0,3.5625277540168941e-42,0.096693261738721517,1.7580447846326801e-34,3.2736256249347675e-22,0,0,4.4499075861043702e-22,1.8166125098258365e-33,0.044783504225543051,0,4.5901922262948443e-28,0,0.0062301824283806746,0.12600528948715392,0.030793030232188223,0.007420048981868081,1.2530446902738369e-27,0.0096269771547612109,1.4215429326959553e-24,0,0,0.012410466359916978,0.010181928086237049,0.14220682611128718,0.015137172724055074,0.012383862558064387,0,0,0,0.01091042880894876,0,0
F112->seed2:GP7,5.5216232935980679e-05,0.00038256134505700289,0.00085714627638058729,0.0015751412481407611,0.014280041770319909,0.035195080163686658,0.074689240869273268,0.49578719138501626,0.0024275737633865152,1,0.71449335319560925,0.0078385124565223969,2.8348421327682256e-35,0.030453855711404663,0.16693500464457856,0.087672765819348408,0.025010310711375373,0.0014840442297092233,0,0.024148826926779783,0.0029149512255995502,0.042810989986260824,0.031574282928290807,0.0001055955848249397,0,0,0,0,0.00074672760143413772,0.0010618087170365823,0.039515651754466724,4.7871566683558458e-19,0.00061089439349185017,0,0.00253123410980499,0,0.15008247087430615,0.026860560544818605,0,0,0.00053711237213105152,0,0.00098388280749598126,0.0017621002891147859,0.0095833642869326743,0.043194074543075299,0.40449999495092565,0.024736033137610847,0.18173487882574807,0.067450242739664684,0.018159215984289014,0.04410566839635266,0.082741595872679166,0.00032313720441345175,0,9.8504865358738333e-39,5.7443193867109328e-43,2.54988377213133e-24,9.2515774140382557e-39,0,0.00056803167271822356,8.7165011295907735e-13,0,0,0,0,9.546637114726847e-27,0.001078283744166524,0.011539031499089331,0,0.00062687796218537334,0,0.032480039003016839,0.0018129593304238962,4.1030852762220949e-44,0.00032223566539859298,0,0,0.00040153107082980594,0.00074347419673386655,0,0,3.2968290194444526e-40,4.1856190645024833e-17,0.0019011608015760042,0.00039430752081626234,0.017011132604946036,0,0,1.1215549726692349e-24,0,0,1.8763329185949933e-22,0.0029914591772534438,0.0029632652826762471,0.067042776738342177,0.0033228744929811823,0.0033582756847952448,0,0,0.0047588535861204659,9.1861145120495873e-12,0,0.0036726506594216514,0.0027072350409318093,0.082975697403114015,0,0,0.056283748588738122,0,0.078603169355277877,0.0046502968912723666,0.01043495963601257,0.016518057097030241
F187->seed1:GP97,0.0041965088677257444,0.0051120864918827299,0.010368258276301038,0.032054864185253475,0.036757421488034542,0.11470852910009062,0.79579220409005769,0.32923095988440843,0.010214811093232169,1,0.67041443467624917,0.17397722659987769,2.2606749953384305e-21,0.4580368152767515,0.038097883762312879,9.3899587479828651e-34,0.33818535630125335,0.2553517605387931,0.37868602618612984,0.039258466984190568,1.8894754218241283e-21,0.36842354142735356,0.025246279568357798,0.002054131954275945,0.0025551849319640982,0.028826691459313124,0,0.031141908166687,0.098643607817318638,0.055295939676598307,0.028584781873053366,0.048407824454864877,0.068117422071210382,0.0025571073979691666,0.11541303045021943,0.01410545334631667,0.37614542256844452,0.094686165074059497,0.037033620470699635,8.8318579368313143e-22,0.0023010278857804084,0.0052997576559093741,0.024831869830549056,0.0057683658185294917,0.061170109706117748,0.045489892641932338,0.16728203227571328,0.19923445702109177,0.039310901014342294,0.095071123472904195,0.12291806226015935,0.15644907110064465,0.066838924148006962,0.0037161470263019978,0.003524419529024124,0.0033572656035985018,7.6697569231028957e-30,0.045052510763814557,3.0987051961734458e-13,9.4567081143546426e-28,0.030821641041459964,0.023064911307395821,0.020357117507629245,8.4395064414073268e-34,4.4605134326113459e-08,0.0029494848869214378,0.0033420600609725686,1.4185209356288976e-21,0.060509010834025857,1.0849074285091647e-35,0.016754073022822894,0,0.062122460787179958,0.015337503424239705,1.1373972344420582e-28,0.0088112114020084276,3.2247724655063006e-27,0,0.0050687213255893723,0.03753894233388505,0.015371324745301791,0.0091002847586227533,0.011351131130923743,0.31635748755571824,4.6021150483153508e-22,0.032887027330228691,0,0,0.049595671147145241,0.0024350617399051112,0,0.010575202250751798,8.3472595339657721e-35,3.2002611438380187e-31,0.026253236242229756,0.15393334837313125,0.069910406734453187,0.037169855334025469,0.0065517129255553029,0.023979269633650473,0.030036663344099067,0,0,0.010208000021485425,0.068462634351051904,0.27193561239985298,0.037811314225116618,0.015420751775041456,0,0,0,0.054343953080434534,1.4490489437994981e-16,0
F73->seed7:GP17,5.8232731826207105e-05,0.00033621744647769676,0.00064987079103236351,0,0.0009128619453374451,0.09203923036872072,0.13127422442766126,0.26396785072600742,0,1,0.36531531945196571,0.076155150576155101,0.095104093909944079,0.10080790523191624,0.14872230560705904,0.061641589271984744,0.022773980251152022,0.055561519666894869,0.0086165661440915954,0.0039185360621803158,0.0061483935916660055,0.076018347303185005,0.090739224248080827,0.00011136434063279339,1.5558689652257743e-12,0.00028362694214322117,0,0,0.005990916931954496,0.0017951711757383797,0.091962782470775856,0.0016560046530325605,0.0033329658385115564,3.6458519394615345e-23,0.0064078767490641985,0,0.13216192876411781,0.0095114623526076098,0,0.0014369527935191799,0.016500657331721229,0.00092468559840361406,0.0089625532232429118,0.023620580620342477,0.0021307119381181673,0.016811342310175663,0.14733387955917354,0.021054669430394406,0.20814364358085993,0.051149401357666581,0.01704496516307755,0.081978581222213409,0.17544093007955053,0,0,0,0,0.0023216074117727551,0,6.0370832886385586e-08,0.0032395859331829022,0.0008258405819002437,0,0.0055842552236632301,0,0.00036962205265106169,0,0,0.078237692285094487,0,0.002099582546396782,0,0.015570090485943707,0.0084811550402315479,0.005659457117032452,0.0008494176425112625,0,0,0,0.0015681813559539617,0.015410397317996186,0.0068425676704532094,0,0.18526335507514755,0.026534385038444398,0.00041584879836645749,0.081134221401478454,0,0,7.7409506724025357e-43,0,0,0.0071869116006031018,0.018929307282518109,1.1980515498272734e-09,0.0067800780047425581,0.0017522026490494808,0.0010897651698472759,0,0,0.0025094176357800006,0,0.40067033267192276,0.0012910966710594559,0,0.068016228494400963,0,7.4524680386484038e-44,0.089037849835076885,0,0,0.027241042482000728,0.13880787628749197,0.01742044935112803
F69->seed5:GP96,0.0007329395543597076,0.0035944398717958569,0.0056702211486970655,0.029560603132920204,0.013787561235282004,0.14483162449545625,0.21484303718889608,0.32276120976850065,0,1,0.49035149631309904,0.23159112698940723,0.46536865710922931,0.26302202603236641,0.71095875762795346,0.15516897461194634,0.16007367931765659,0.095601686287635823,0.02169316466261206,0.0049320209774733796,0.069647336940363333,0.2378777485640636,0.12768739761844519,0.0034481929135518879,0.003255731173367582,0.00071398530298767595,0,0.006549339853235631,0.083655663201909536,0.0176419477574714,0.23154089879302853,0.010422727762630984,0.020365394999680174,9.9563759037066166e-13,0.022208044221146157,0.0044496985491252637,0.47486251241559313,0.063370567354105081,0.046730423394042674,0.03581178417633897,0.024728968954920074,0.0024660104887366898,0.015758076920912314,0.014036257374845706,0.011825546218019541,0.074570323499237465,0.31576296357977685,0.045578053618660151,0.33331721593216601,0.10894841945482073,0.077211201033030599,0.18135411949578392,0.19395267039416364,0.0052657915785227381,0.0011118114750611255,0.017732875921891645,0.00172066823108335,0.02339072641046373,4.2361129476005535e-44,0.0084168792640637279,0.094277313987287906,0.0020788697663354045,0.0087010661630614206,0.014054101092898985,0.14582144069838252,0.00093044120992342137,0.025207457882598306,0.014313126691305916,0.22879013043778473,0,0.0615150893671568,0,0.038487176348111177,0.031053701627448027,0.02221585863921649,0.014532881707211613,0.0026647248526634527,0,0.0010659838133283001,0.014144762382203531,0.0096980607619568965,0.011579374801772607,3.0701600760515411e-08,0.070372123762517932,0.035358946728035433,0.02006557623874684,0.1353611162230236,0,9.7635891931433298e-15,0.01829365860548493,0,0,0.013568588084794636,0.023600001282937062,0.020131453846671955,0.065859226220716119,0.021560891430664243,0.050291989213888173,0,0.03025794962571824,0.012633799594216687,7.626220885573936e-10,0,0.013000193711393502,0.028748646788847865,0.20665423145624914,0.023856465243328677,0.029185970986378294,0.14942560426487009,0,0,0.085039937165131488,0.032275140014123196,0.043851870876257512
F81->seed2:GP71,0,0.0001850180181133633,0.0015938090847274662,0.0045707089241254868,0.018837798615171729,0.1012300008202078,0.12494046878844725,0.15790772926792487,0.0070442799766108491,0.77056737213357218,0.48938412977274953,0.017076834288919523,0.01247340476196776,0.050292708352625858,1,5.2916632491341529e-44,0.049280102287850611,0.02752998388688541,0.0039513613465166309,0.032345132860435027,9.5761847372556908e-36,0.22324429227972789,0.15686535098279417,0.00020427661640468525,0.00058916710543374445,0,0,0,0.014614257592875306,0.0050039729146216594,0.10050323717499267,4.2043111180490699e-06,0.0061677437406238347,0,0.0095501186655483628,0,0.23237958820276597,0.030624469180030325,0.012769457445767067,0,0.018207732178339636,6.0904437853383892e-08,0.012399623762742987,0.011055967937812375,0.0039369334943762848,0.048924826631882801,0.22199759626196908,0.058186652837786713,0.14981866131503124,0.12990948610012357,0.028923530174386765,0.22662635301214704,0.26810813778432768,0.0012790446166586851,0,1.4100020372903512e-30,0,0.0031939059883107162,4.1605378181943268e-38,2.9857344696298221e-35,0.0027426505412048588,0.0045445630805946774,0,0.0076824380280087739,6.0756853365365538e-36,0,0.0011523656380555255,1.0718925369027368e-40,0.041732371485343422,0,0.0019256415480231673,0,0.034273090834045505,0.027578941693808489,0.0069208261344664559,0.00046742842363997649,0,0,3.3024608879940103e-40,0.0021573970176185929,9.8269533513426271e-10,0.0053921387050770873,0.0058249233370286785,0.01680164861768527,0.016550240373803093,0.0046923612195167129,0,0,1.650936227520353e-07,0.0033585068778393084,0.038456855085156096,0,0.014830921437321573,0.034722200908578582,0.012898107039764205,0.037309883768616742,0.0048212158654647539,0.0067534283363275341,0,0,0.027618284548607895,0.020735382441732175,0,0,0.0078557949004241286,0.073663365550743098,0,0,0.081661526036306109,0,0.45617788455178293,0.12554701245922115,0.044671815675494046,1.5858892507798591e-23
F185->seed0:GP43,0.081479787891852978,0.050606013864197559,0.10653770703601548,0.079561649731008627,0.050689847858173785,0.16679543165682184,0.7702194895296226,1,0.1415536290155702,0.83485842163041002,0.84535299058010083,0.25823700328354648,4.0839060977687902e-15,0.12497207860643764,0.012460990295074262,2.2079230835146104e-07,0.19426918868454918,0.015396597686221302,0.06569515696270839,0.10272577907943915,0.020204201203719165,0.0067019587224299883,0.003176472181067245,0.0069389514633853774,0.0031765878044247697,0.012121717477196862,0.0018074280900373678,0.00012009242777454406,0.015506146503171579,0.020948462637637687,7.1874768890558274e-13,0.077053280215826928,0.37708165578797825,0.025587721998023078,0.052335712622521936,0.011767437155410626,0.12765523078971255,0.009626421873140438,1.7523761541274104e-11,0.066144561577721361,0.0037276730433758913,1.4375162433560107e-09,0.0014174534885826094,0.0052029695090381233,0.37012032955763197,0.12487498322520016,0.38087794556778648,0.24696829124334585,0.050989955577725683,0.30570473722858438,0.11670020162391673,1.1673678378742774e-29,0.0015437842436144297,0.0045405913759785123,0.0028968972558294334,0.060413995000991982,6.9606100558183143e-23,0.015154042787168651,0.0096899585553801224,6.102871591585796e-15,0.13357992380656067,0.022291036510216605,0.016854605086931981,0,4.5203921166143614e-29,2.5410380555219917e-07,0.07262351249452359,0.16714940856534699,0.084218996224214943,2.8712428331167764e-13,0.017208905176076494,0,0.40447210752012125,0,0.004232147008400155,0.084911879783837976,1.0751942464562226e-10,4.3171926159315562e-13,3.3547122542529084e-06,0.0065340886681485083,0,0.014884610556214869,0.003730782637092984,0.013332817081055865,0.0094337050339272192,0.01108468734769525,8.1265806238534357e-42,0.040222360189318587,0.03624070279171264,0.01958385129825891,0.27622707209999603,0.019269485979342235,6.1211193734136511e-39,0,0.042138894997769592,0.46772120607367468,0.046951484282298839,0.23550825941413381,0.054569560596413207,0.078330282937101869,1.7349025938319633e-26,1.4440078751900297e-35,0,0.056618974411091968,0.1100272246726251,0.025364041788446409,0.040443252573843402,0.025343491580030991,2.2050555614944792e-15,1.206145919563858e-35,5.7452543514623128e-33,1.1593303986232131e-24,5.8652262140397642e-39,1.2107136069677492e-09
F110->seed9:GP42,0.0009308569614662691,0.0012806364138235619,0.0024116964778624268,0.001281221016893011,0.083258766699790224,0.047398164403224023,0.35564646130065147,0.51009144860329025,0.0029396121784255273,0.98816357513525444,1,0.027674650822568182,0.027304448216848846,0.035329960251738991,0.0065773531522579226,0,0.022594887931986309,0.0071903235066799161,0.0065936529755989846,0.015747354256376286,0.0035297902175113172,0.04394293364248647,0.0039121425416804682,0.00021323548084354644,7.3481163740753009e-12,0.00016283010378712599,0,0,0.028123183725295351,0.00091467174561112963,0.019877626421552393,0.0047886074307165729,0.0062551910124765383,0,0.0082824638401236619,0,0.3825760737551066,0.041357364469471129,0,1.0496902947996025e-31,0.0013004995307496962,0,0.0019070241249861987,0.0033541636303411728,0.0098379971292922603,0.020420459313238382,0.19628856133377498,0.037078440708843988,0.073572568179308823,0.013545749144308269,0.0093940874461742301,0.014119161974163632,0.015072840620514521,0,0.00050712766368554707,0.00096615187148062275,0,5.3945318538147294e-27,0,0,0.00057225996466821248,1.1814818096499944e-20,0,0,0,0,0.0018916885558131831,0,0.0029025187700121454,0,0.015240219443524347,0,0.046537666997902176,0.0026558331401126201,0.0036112893342166281,0.00019506362482058076,0,0,0,0.0018005844650546539,0,3.3262796731809652e-08,0,0.54151393949431381,0.0023021650380920834,0.00095495445511758863,0.16479377829303302,0,0.00048365303080490232,0,0,0,0.0041260028155018216,0.0036224356851054435,0.0017944955283206358,0.083454877442861883,0.010059385282102241,0.0015650183835707186,0,0,0,0,0,0.0044473081594346917,0.0032782612896102466,0.096470271613116929,0.0036271955393618197,0,0,0,0.3807304571050017,0.007819535166169813,0.0073607888925692833,0.080008551396709732
F12->seed3:GP48,0.0010093728665660363,0.00026781719681171894,0.0031269686258404172,0.00036519329802890758,0.10440308479884682,0.093900315478874855,0.31953315469475518,0.19705112069843606,0.0068094860934234105,0.56375785284332214,1,0.094758449477502296,0.070265180906248365,0.15004503689687818,0.070623612198908656,0.081975739604827527,0.053713486688331182,0.038502966130603861,0,0.0052112763412455942,0.016353216322443079,0.037336121420011081,0.12616939436099814,0.00069071394623284427,1.9545512906218455e-26,0.00037718925132608993,0,0,0.0044297910680583061,0.003390071447118908,0.025029535981529724,0.00066068481915449557,0.00085727207292300668,0,0.019545080664544717,0,0.13790899509629492,0.075943909353549971,0,0.0076438826069978767,0.019519548033783137,0.0026055857389404797,0.001198633016524484,0.023929898457095443,0.0069198662940948043,0.039888809026484964,0.18154723208992876,0.092938791957414724,0.28371234086424929,0.083720822647980267,0.076160420230982018,0.016353216322443079,0.33049080082936688,3.1970537998295205e-45,0,0.001119024778381829,0,0.0046311738066149473,0,0.0022232641420555864,0.0092539431982009025,0.001098266499882764,1.049524665238095e-23,0,0.038518718014675622,0,0.0081942375151372489,0.0045369732558137301,0.0033617810377495963,0,0.015822390937145346,0,0.20706300798387456,0.0031063706476188759,0.028180331609929509,0.0018073940692989543,0,0,0,0.015745697772657375,0,0.01516630850072947,0,0.032469192070616014,0.013334569314332348,0.022674133769462625,0.14315166458762257,0,0.0015034346908087708,0,0.018587522129207137,0,7.8602150888279026e-22,0.054548886437388033,0.10663091976872001,0.63720018908654985,0.016412558436548617,0.018026231378840067,0.0021837798882169321,0,0.020023301406914676,0.1905500652550651,0,0.017184381573742059,0.0037969761497868302,0.14979351188623038,0,0,0.15787919983370205,0,0.11024323888660939,0.0090568096638496132,0.06926743156818238,0.069500848466107934
F129->seed1:GP32,0.095337528309508909,0.030136020109335648,0.096522751175009122,0.019918294379983131,0.073929750361343208,0.1444945229182569,0.027484574965410617,0.36649568905831048,8.5787954196673698e-05,0.13753380261219952,0.21413555720094346,6.083568268402182e-07,0.031439466287795127,1.0372046169533191e-09,4.0349747603347594e-32,4.4209136175175066e-23,0.049843350712901809,3.4289512864733479e-35,0.0085456651404231757,0.026420822637994196,0.14902714851863594,0.08204660154287538,0.0028963245416978038,0.049409966320410427,0.031024512401252889,0.012396860405368136,4.2057298789342928e-12,0.01548155490299523,0.084271600198209479,0.084829184514484055,0.017131778975833779,0.041013657800263899,0.13420189214520561,0.026402598123418587,0.0072994593870841125,0.095159889359744482,1,0.06193560366344214,0.21424159984344657,0.025645099179124376,0.02675669729453219,1.4304956495766307e-44,0.034774176234775231,0.0029411012012730271,0.096743634008260262,0.028432431396289641,0.17965417481572357,0.02034825416588943,0.014025267416856731,0.091689328101915379,0.019519346309264003,8.9877498074552855e-24,0.0033962384258596993,0.03543503661496665,0.065860128424177433,2.4090251973225698e-17,0.018965125088261581,1.8041435450886507e-28,5.6292942048904645e-23,4.0446570701389184e-13,0.18375216577041348,0.00972280141401634,0.010284177115960556,0.029967210178720408,0,0.071204088242126845,0.021007721243318157,0.013496686829026017,5.9921113886908449e-20,0.011353320409281973,0.031696354696546095,0,0.055402715996260114,1.5834905924884104e-15,6.7079319839372508e-14,0.04767091275922012,0.078883519602940183,0.042763515895095458,0.039244375005006736,0.013836331413798905,2.4625748006175165e-29,2.5006657526753133e-37,0.0086180233296674503,0.067033263601438728,5.0487312647984777e-09,3.6733373062965845e-10,7.1693503718716499e-33,2.9252749126539359e-21,0.019497216541565054,0.0048459999908448273,5.5518537507023741e-29,5.7144939535809893e-07,0.01069120834539718,1.9923296823269702e-10,0.0036526127144742128,0.067646765992655261,0.045525392442176509,0.02231437316252834,0.0097152036224727439,0.070405468269889901,2.886204500224874e-13,0,1.2204955980787872e-21,0.022911589360774438,0.13594679643360269,0.04196712892656751,0.075181708709887482,0.12662305466896615,0.17660440100569566,2.7495678472642634e-26,1.1702841994316928e-32,6.5135167533928506e-11,0.0003493665193065415,1.0455685390519592e-14
F181->seed0:GP67,0.0013738651435356265,0.0013219429374156876,0.00074118513434692638,0.0054436227868420086,0.0071793394156478268,0.029910296732623003,0.069017437732848935,0.049953313462296547,0,0.26818289672827444,0.073922657992231203,2.9518338168744998e-15,0,0.037285839475676888,0.030034627786742749,1.8391360163959686e-08,0.26309636507499851,0.06462281898355203,0.062177028060513069,0.026385166299402261,0.16254223540655743,0.031763067664567067,0.11894032166122624,0.012789124057850996,0.022788373458269402,0.033712928746924102,0.1095227831551841,0.11257394209417282,1,0.64186039036850273,0.92366544056130473,0.1533200702198198,0.10311037500673553,0.13251224923687466,0.30134049144420461,0.062559232611188467,0.94316751132753074,0.072956738427389894,0.018249797461007106,0.086973920918567496,0.3383291974729184,0.82418513151090766,0.28632543691229423,0.87548611721642888,0.012096821673988321,0.21385845998519595,0.061143860823333999,0.031461473160392918,0.028435512246400854,0.046402642791171657,0.13609522783155184,0.0080591605763167869,0.035905186227159415,0.010513282492973763,0.10686917729937295,0.02450674830618791,0.094080992909008232,0.15519820461117712,0.062157658053678268,0.015680456334294744,0.048607558367625522,0.035920359871849772,0.013592229687253325,1.4136966462189728e-24,0,0.02167136027740043,0.067624928981368307,0.35077327827675953,0.099404790602568863,0,0.024799479306990502,0,0,0.10005142647007385,0.063442629707672657,0.023598500124312145,0.033301300503582362,0.030096372637714697,0.0083260608363796892,0.030832990647756093,0.075745697996163819,0.098651709504727167,0.035717201681569943,0.11885140302565368,0.11145159719839179,0.021160539448545644,1.8501819305912812e-08,0.057958000455653649,0.029503415039028341,0.069385231527829369,7.3287370925704817e-08,0.067152221406079099,0.014130635523401406,0.11035624174600428,0.024578213138139626,0,0.096461424002737703,0.018696277536558642,0.0064572370939884917,0.094533980701838966,2.0472308642010319e-33,0.14538837856310283,0,0.0050770111389356045,0.02256344126274672,0.26508407377051507,2.8662235860320409e-28,0,0.23341716604226989,0,0,0.18687335570006644,0.45373360899433834,0
F180->seed0:GP3,0.00010096732369955568,0.00011661807678608609,4.3337917009070304e-05,0.00024002305454122569,8.1099757054070636e-07,0.0020006627503263213,0.0083457876902254952,0.0092450856959097258,0,0.028352679876795132,0.0085573134185891464,0,0,0.0041027413062475473,4.6084062584472019e-27,0.080158484861052731,0.089244966901039918,0.0088837721414359219,0.016984238004896433,0.0067942020600697721,0.039412338452002808,0.00022635387074326199,0.015135641858060139,0.0048785901841674785,0.010839931832585933,0.0080014138673628193,0.016093594518096107,0.13530618960870011,1,0.40656435441136413,0.31719547404050741,0.063251213427071518,0.064410395009615096,0.019039462196867276,0.11439676069315348,0.0015323957361395046,0.40260752655117443,0.013194223151369465,5.6004355395069013e-31,0.020006671269794198,0.022794626387008261,0.019525854244530277,0.010962882438721126,0.082813050012431777,0.00053121168474675959,0.0012382351917505508,0.0016850909937440955,0.00036505878157729157,8.8813495597399603e-10,0.0034109991961547145,0.00038468623669731921,0,0.0014844163014071773,0.0070777426973979958,0.11536271929376658,2.0841205230225504e-45,0.0059959459687586166,2.2617292739945319e-40,0,0.0022322143759715908,0.011017359265072411,0.0050116804534712798,2.3906358797604178e-11,0,2.0841205230225504e-45,0.0051268802153813511,0.023819628122038593,2.5901816665336301e-36,0.0021915042077351302,0,0.0059698930033364687,0,6.2523615690676505e-45,0.0013368316824667317,0.0043619738038554986,0.0063009799326287199,0.0018389823906404649,0.011101559818323047,0.0077094675551411408,0.013594913453769101,0,0.01384170312661845,0.00061660372970040564,0.0094208904321569798,0.024337217369810722,0.0017969845693800595,0,0.021375596657654237,0.0030803893220501827,0.014816214332621884,1.414811469415427e-32,0.0023191163662441665,3.3026937049348013e-34,0.0082575764554403581,0,0.0016793880063448966,0.024685446815640992,0.0051926759002931741,6.7351001534537944e-33,0.067348488085187175,0.0021743744043323031,0.019599878037266993,0.34735298978551687,0.003356058236162951,0.017326957036063833,0.1383204322799424,2.0509928020729499e-32,0.01340270397964898,0,0,0,0.01180809751683292,0.049818441840636891,0
F178->seed3:GP177,0.0023173797338923259,0.002909539601733852,0.003157690964986182,0.017488556915527732,0.0075958380578606197,0.0051265864189820824,0.033956547924769979,0.056597402582854499,5.438446267372065e-15,0.046385273541428303,0.14858397005598539,0.024111149687026989,0.03517124359373304,0.16105863444084975,0.34649618974592417,0.20516558096222809,0.2087471933887477,0.018232483629217897,6.418854058455289e-21,9.0263498398868351e-26,0.14324859016318414,0.031950932181806238,0.022680803535171965,0.012238183707544167,0.012023334970698263,0.011522843001081078,0.077131694309435408,0.0086632340947226955,0.067026305511812032,0.24475000766139562,0.062175099416109637,0.0099212528554201446,0.007505317168575428,0.0063994593255107361,0.016884465274194349,0.011766849849368561,0.03137826786527434,0.042024451974171616,0.015446828994369614,0.32039118645852532,0.010406996538489453,0.10107792435470046,0.058734040592834394,0.051251549582271912,0.0047587292501202021,0.055043625146756738,0.059500422596980268,0.057443227058240932,0.0062302738666875565,0.087374852203077308,0.089681488379923291,0.040928163474258469,0.013297798326943236,0.013151385256338294,0.27412878329916579,0.011202600665737271,0.17294272724719537,0.10431645028458385,0.16663214571166285,0.013910739580321952,0.036925902422385262,0.045826371731874677,0.07864574210838246,0.24759811047180355,1.2678720755772873e-15,0.036889165330356577,0.86020832754894638,0.018924923364039992,0.050482383070900194,7.6832859873754617e-36,0.18714601051727583,0,0.16927875581815985,0.26195398153727684,0.085097925438097813,0.20502902008629895,0.02113991484688851,0.015981607209569298,0.012685065111460704,0.083511772504479415,0.25627009015962349,0.045549089222092692,0.033142125169520885,0.027090164344336965,0.1001729114975584,0.06875085965659504,0.17913711161625204,4.67843382350529e-28,0.045152825038609033,0.054816729415430317,0.18472467344651503,0.061753245771249687,0.059801608661033692,0.021001223182814981,1,0.32055495229010916,0.15746308347528587,0.11336253811994393,0.021861905564717669,0.13042195766380804,0.10571824563562499,0.050165876616084383,0,0.017188975943857931,0.019005838103468928,0.17173862790845981,0.031543978051041775,0.012864079320689057,0,0,1.814374186401795e-14,2.9811612083257086e-16,0.064011660364051925,0.038965695591108879
F84->seed6:GP25,0,1.3035292685462991e-28,8.4378729739257463e-05,1.4202492030119429e-44,4.8676647298863553e-27,0.0002782448966134665,0.0042985708742394697,0.010763540579816737,0,0.0058806432714425937,0.0047257258361083146,1.1464755552286728e-34,0,2.9893384935721046e-19,0.0032230778321924846,0.052023799318787617,0.17431962201081924,0.0078140707131933544,0.0036360706776871242,0,0.018161755225122179,0.00079323689503090313,0.00041080765007088564,0.00053254739447675234,0.0003614371704578021,0.0019161973233374843,0.019582916431015202,0.093737762143764725,1,0.72542721856874393,0.35766807254430039,0.065704779899415922,0.024207056102379679,0.053878589996880527,0.10084135765679171,0.025361392047111696,0.14320326048638463,0.0096336022845722891,0.011750244511117254,0.0060637357119125946,0.0033790867290392776,0.029746289725765096,0.010144706756581967,0.028706628759539127,0,0.0035762246225560937,4.2666688308559285e-35,1.471159455943109e-09,0,0,0.00057542072092864013,0,8.5145516197181327e-32,0.0052964343122062808,0.41708669353304745,0,0.072488525147287444,0,6.2867270103500667e-39,0.029628958881249414,0.0021031496562236083,0.0027748208076652878,8.3329956859930466e-22,0,3.9424900519151816e-40,0.011539496369487976,0.012227769422541892,4.3236443594549289e-42,4.7063272609226049e-28,0,0.00047134903892243665,2.5844461408532149e-28,0.0052562885337702299,0.00065071440056607081,0.0040978135770751494,0.0020072917623010066,0.0035736284070129877,0.084238936639132428,0.0092760661126004007,0.011249760256862213,0,0.0019249785821347867,0.0030013720621764814,0.0017179740753797265,0.011845281298107772,0.00035096478035592462,0,0.015608979018354185,0,0.005191938665523704,1.487572667304088e-20,0.0044782681075432986,0.0015156250237764934,0,0,2.5592890638275211e-40,0.011827035965274907,0.030410605203691633,0.0069294228462301261,0.070190845986654732,0.0021178784520298152,0,0,0.0021792991577414991,0.0024096526222618991,0.11361890148796466,0.018662933778344753,0.013047764502392867,0,1.2660696682957263e-32,0,8.0025381882185251e-31,0,0
F47->seed1:GP60,0,0,4.2355626378089571e-05,1.6789230668446813e-06,4.5462347197698183e-29,0.00056113428042196345,0.006022755185250305,0.0036178525979004938,0,0.0087631889158951617,0.0065546247731664608,0,0,0,0.0032500321103284286,0.0524588573502291,0.11211276672696464,0.013401296205678285,0.011011469412411065,0,0.031677545851891815,0.0015843182239729267,0.0049722572490882161,0.0016672364417181478,0.00027334490437218897,0.0035938331720417587,0.047134586406080696,0.06204729807390813,1,0.49944846751590688,0.14405951558843411,0.069727253908754769,0.045586260944875515,0.032728352513670983,0.11517135785709968,0.018058746413596498,0.19387616857965387,0.011218733552279604,0.011848815530899424,0.0061144513990794369,0.004808074756363522,0.0058342062828056762,0.013302520784558333,0.035051211012547601,0.00034764576974093684,0.0061586736329132521,0.00033083689765821495,0.0014525659558830477,2.3560627675801029e-13,0,0.0019757165922567686,4.0383268634618905e-37,0.00048573014549548862,0.00098902415985611947,0.15989924701637864,4.3863997547871598e-42,5.3531949950687775e-37,0,0,0.0099327068174186062,0.00085077386198397756,0.003498788032019245,0,0,0.024649340687699913,0.0065156453509052289,0.010313669727912688,0,0,0,0.0029789456494381948,0,4.0934220084416103e-28,0.0019757578170492402,0.0010703429170303075,0.0014459105967439083,0.0020028411758710204,0.014503705464386138,0.0035971207213729003,0.011343735715813997,0,0.0038821544604386634,0.0043272746050327313,0.010420086977560659,0.0068253390856819769,0.00035361865908987034,0,0.01049177167463536,1.6191598841483083e-16,2.053420825095706e-20,0.035684223327160321,0.0067500090121692721,0.0015290384983094969,1.9116652332441474e-28,2.6883065661335488e-42,0.0008242930807367204,0.019385307042049736,0.011587830883175811,8.7973502544705166e-44,0.057210504674523203,8.647190328872368e-29,9.0667095704573021e-27,0.34098257482238453,0.0010987623273893388,0.0048596088157960475,0.11564053486743846,0.0053925731623450336,0.016440498385031539,0,0,0,0.0057957377206278261,0.0096180366466513973,0
F190->seed2:GP4,9.4755880394434353e-05,9.7266183926519292e-05,4.0672031945619218e-05,0.00022525833521834941,0,0.00026822795873443104,0.015766415262733098,9.1675594943834351e-14,2.9338771568031186e-44,0.00035440395009396719,0.00033220805452943198,0.00505215348050248,1.8639195405704847e-39,0.010151729369000282,6.9412511636490261e-19,0.15150598359356335,0.039435435974634482,0.027052340466273275,0.020635293935861727,0.0031756292212991267,0.025318139370313682,0.000547414066004608,0.0019800889492876399,0.0048856414780599289,0.0032403159316277534,0.039840297330846576,0.071870230310334765,1,0.39770637307553552,0.88012762756815721,0.17259073381842058,0.10465890890868865,0.33277775479574007,0.15134361305211533,0.38751285160439564,0.030232702422609944,0.046021272369713116,0.0034855581363894945,0.018879517107291008,0.015204611037813079,0.010138922017251785,0.014407661057386931,0.026759535614188115,0.079713364113616542,5.9171608049268012e-27,0.00069547921802785362,1.1857117835361964e-19,1.7074814943253436e-13,1.0288467603688353e-23,0.0040862162832724898,4.8869521387817782e-31,0,1.6119665807920825e-22,0.00056731649111812707,0.035761228167919872,0.0034230278257711181,0.00055613255139639348,0.0075531429305736109,0.00064318254476094139,0.0007104766895147241,0.0014192420680430658,0.016691707308199983,0.0070842896061436168,0,9.9577384775153037e-36,0.00060981424939148953,0.015516165320848317,0.0046259814185824156,0.0082255509992443313,0,3.2205711339542786e-16,0,0.010134290403180245,8.3602343463717779e-08,0.0010249564392589144,0.0023513398087914019,1.3580203448733482e-22,0.013022090041276718,0.0010336012843340642,0.0089350653770516233,6.918178762504307e-31,0.003711419539837015,0.0052080657759611213,0.0016561541545118581,0.0032412000066110035,0.0026162976680468605,0,0.020057918646911505,0.0022994569295586853,0.015796851304357776,1.9592406226195866e-17,0.01468378427514213,0.0058623160789083861,2.9322097366190018e-35,0.0038283456932688151,8.2808027518202992e-13,0.0622284224826136,0.029179264490688216,0.048841119501021817,0.01493211839524352,0.0020438469897002334,0.006131404641608813,0,0.010504631760765399,0.020901429844591549,0.20782011264719139,0.0077105839716227571,0.012578260341892527,0,0,0,0.0055408799108336059,0.010431563158991594,0
F132->seed2:GP233,0,0,0,0,0,0,0,0,0,0,0.087048831901804666,0,0,8.659813530360747e-23,3.4900276110398896e-28,0,1.4124509168501963e-34,0,0,0,0,0,1.4163449943346202e-38,0,0,0,0,0,0,0,0,0,0,0,0.22767658658929366,0,0,0.20276952743892188,0,0,0.24151743828393024,2.6766853992932581e-28,0,4.8531902755872387e-29,0,0,1.4520782366916871e-31,0,0,0,0,0,8.1452752174188991e-27,0,0,0,0,0,0,0,0,0,0,0,0,0,0,0,0,0,0,0,0,0,0,0,0,0,0,0,0,4.0999999836000008e-42,0,0,0,0,0,0,0,0,0,0,0,0,0,0,0,0,0,0,0,0,0,0,0,1,0,0,0,0,0,0,1.1717541653129834e-27,0
F10->seed7:GP18,4.3683365205978416e-05,0,7.344369937381401e-05,0,0,0.00024730946009909898,0.0036224654096756442,0,0,9.8186363749730676e-06,0,0.0015523142357209735,0.0039634736475715306,5.4739268430236869e-40,0,0,0.0019354949937528195,0.093942742707548835,0.79725850829023892,0.0029394953063147148,0.004612226050057476,0.0016151547579027602,0.012401010419625524,0.001198445893636947,0.00033071858199764309,0.0023208425855014668,0,0.033990312637096363,0.010560453306360051,0.017795478517708574,0.0097013888752383003,0.62441697387101935,0.035181885433153127,1,0.17160180054551175,0.026685799571181383,0,0.00035653619095071999,0.010444280621359055,0,0.001699698783170861,0.16235067536687114,0.032500855658927526,0.19702362159654099,0.00015321838394138782,0.00733312135197555,0,0.0061401388534399401,0,0,0.0066528213336730421,0.0030729032587210529,0.0029751028724838537,0.0024410061513847336,0.023755109810809704,0.0084060376671708861,0,0.0026123327019758574,0.00059302217651173818,0.0031351646072452937,2.0062497230683932e-18,0.0049560437743186971,0,0,0.021727473618933846,0.001109090034615346,0,4.0149320259931317e-36,0.0056888356883648249,0,0.001050003104519403,0,0,0.0086760861313967853,0.014601309466988012,0.00063718822550558091,0,0.035078495829962288,0.0044473027623441975,0.0017645601373901772,0,0.017109871150812972,0.0010670890520254874,0,1.1857363356467518e-16,0.0031198773513758898,0,0.54780208772663108,0.0012719351608273598,0.0023859595869299426,0,0,0.045825736067303738,0.075732510135854594,0,0,0.011829755405529132,0.0014306016201533676,0.0061590860698834803,0.0045084510644696416,0.0018824431483869923,0.011306248494966323,0,0,0.0021417820576163094,0.018667473366821265,0.009380639091693543,0.0028993253680063757,0,0,0,0.0051087264370538983,0.038345146346756113,0
F195->seed1:GP228,2.7289001251017789e-07,2.1006404166577648e-07,0.00012966590940922051,2.5026401460391166e-23,0.0011831916383585317,0.0078129933983292869,0.0093973484120145195,9.0130851238080316e-17,1.3795145481262032e-23,0.0172017955784711,0.014515247461763248,0.020437776464248665,0.020868992562734865,0.020166182639101547,0,0,0.023297978193834168,0.16382145815974569,0.058496039234956332,3.8807884972831315e-25,0.012142444161165274,0.018237428458162119,0.082668926569766196,0.0008630617414072645,0.0009886440438971935,0.0034423062406084646,0,0.020552795087084609,0.019719073154867459,0.015103014074543569,0.085135003097871365,0.045111720398711481,0.0038169869699494611,0.17973151781454078,0.050259181449803805,1.4033587097662473e-26,0.037236831672826799,9.1286335894715117e-21,6.3870536988109408e-30,0.0056756673479609835,0.11858052447793152,0.21669005856282508,0.055179892559648863,0.35552656929143023,0.0034791773193086407,0.03601112385076094,0.041464647946502967,0.031601535404752919,0.035111555178905039,0.031081477577820666,1.9398441331538707e-21,0.048569775695121983,0.058613526659497643,0.012108015771844741,0.013975910192590271,0.013294212321694358,0.0053997108653387358,0.018339722307285099,0.0062449136750249851,0.0099047944603887893,0.0099284911586038933,0.013047599921188254,8.3736778261251439e-29,0.044113314200120116,0.22880460146656317,0.011679447937957116,0.0016542492587660264,0.0044916704054769416,1.9668753278877268e-40,9.4953911745086745e-45,0.06890999556090463,0,6.8071424332414656e-09,0.08222436185036687,0.039739944974208144,0.018658639262967736,4.5698133918249432e-09,0.15809949745642207,0.0066904295477582566,0.024775823784530585,0.030433946023448868,0.099098004306159906,0.028092874421077871,3.1145136579332807e-34,0.11879137913435267,0.041968724080549406,0.070861126580685899,1,0.010719797178444514,0.026516705953847652,3.2118818678383982e-23,1.9995922679029667e-16,0.19162610947711256,0.22430057660762909,0.021606512888806596,0.011477105899723922,0.020762517892877745,0.023673913074441492,0.058373306556330225,0.023738477936271683,0.069381769323714496,0.059532608360217155,0,9.9681790450959875e-23,0.011277187085318465,0.03731164585989076,0.024955035049862673,2.4477782446345105e-33,0,0,0,0.080697379509420616,0.22788938818820817,0
F127->seed7:GP79,4.5285209646745925e-44,0.00012666837391907035,0.00056498620046449035,0.0010430775103912574,0.0017195826605649373,0.00062102596812419375,0.0040879674254429964,0.012011991523514459,0,0.0016407685081217891,1.2909966436866869e-12,0.0058556873581582323,0.0099521158721716258,0.0013739439319290841,0,0,0.0078699997486670857,0.013284648562998406,0.0027052095878751571,0,0.059792765823614556,0.0101293866367422,0.0067207046016339355,0.00085834392441173945,8.7294681954047733e-23,0.075997367117911135,0.06196238927483208,0.049009956632618978,0.0056426258809954503,0.019346423476033821,0.018857350004630413,0.0096703277494405576,0.0091019453846786086,0.014297766103250731,0.010554736119686997,0.0033297948829071654,4.084533447995484e-35,0.020606355371607033,0.043711589368210187,0.10647459397847096,0.013514060265104145,0.0018453630096369189,0.023681367377848241,0.072711033039409678,1.1227599614441725e-20,0.012048158103346735,0.0021968892230937358,0.0015864498501399198,0.0023199388740240186,0.029646619130782099,1.3968158157688985e-18,6.5745130764439239e-14,0,0.028468293447252806,0.019967752402210551,0.0015850615867529893,0.0025446635569313205,9.8040690119423898e-28,0.011913241689654571,0.015659472884688233,0.032560323861705306,0.39081869545538012,0,0.052580090855716112,0.38192343946601487,0.025331149227672069,0.055004108500645195,0.0085685277302849135,9.0479848874198382e-42,0,0.059985015124127891,0,0.066486250391434035,0.21119255656066077,0.080430906883872638,0.14615060094605331,0.027916907074523375,0.77694389592734248,0.026347953889693833,0.48179629218288972,0.34740322154452907,0.38324288744836632,0.79193243990143225,0.0038344799774841934,0.32609970037041036,0.29289307505366863,0.10138479906839266,0.55735935602620468,0.33013500200273838,0.71221860619823185,0.23695531232869452,0.96631957817732916,1,0.46957791693922701,0.0058869300771456183,0.040139994697101944,0.08326289898250927,0.15276367709562402,0.60308962871335892,0.13585562894023778,0.24061709249481425,0.11246973079980699,0,0.0024320736120139849,0.0002628094989350051,0.0044180692515011482,0.077359754536049624,0.029138267292779973,0,0,0,0.012828671334213225,0,0
F22->seed6:GP96,9.1114379591448994e-05,0,0.00031003071519919098,0.00043396695654552756,0.00068444506694035386,0.00051661519582602174,0.0052556624989962631,0,0,0.00068263319688539523,0.0015999741807386728,0.0032441973452207442,0,6.6603979972060788e-05,0.0029929588251738702,1.7262579513772665e-07,0.0045937650854931435,0.0012266064850282386,0.0067529302054345781,0,0.11511825142557026,0.0074232754008947141,0.00632365031902727,0.00054355280195319015,0.00036387972007429105,0.04475254789045293,0.014548811611221762,0.012234203761224284,0.006260233736663204,0.018285141335397666,0.031538566843343212,0.0077870451291070456,0.0065637415651710078,0.011050249324307444,0.0099210873390775528,0.0027657905112104465,0,0.014732437730532146,0.036380571390201052,0.12015322593620917,0.0097374638574617006,3.6022104935250818e-11,0.020438995645806913,0.058796905321122916,0.00064029473297242886,0.012952909578663341,0.009306522977126629,0.0070913897473642547,0.0019303969312006743,0.044286857268734388,0.0010686713597281396,4.001785794560448e-05,1.0203421639954922e-12,0.02423193067143984,0.020807664326391036,0.0013188938398415243,0.0021428121674738577,0,0.0012391105136356183,0.017328584051285522,0.037040620533464672,0.39248222014899431,0.0027089397911179555,0.078783127512144974,0.40859268935830051,0.012747260970896922,0.093187946625271439,0.0089123346019513577,0,0,0.072608710413433364,0,0.148181921942555,0.20859675894414895,0.04850553314834051,0.18773587347838466,0.013273923785775946,0.71978048955384422,0.022569035342732795,0.47783777025582663,0.31185562300140474,0.21534153226765199,0.77397407153811926,0.0095718920035916359,0.5933972024687163,0.30289271814308411,0.028120410152456105,0.9441638879496812,0.24041511735084128,1,0.15335435425149446,0.81270364179324495,0.95150044688197566,0.14460669280320496,0.002561792233549613,0.11952872914709355,0.1024164032646067,0.30336365966098766,0.68587059010916551,0.16135987019829848,0.23723873023344688,0.070873695240849216,0,0.0040474062287347646,0,0.0036762293267393986,0.054477526032443567,0.042406659621007758,0.046520185692187757,0,0,0.010674603564874303,0.010048359868351913,4.7918866551007528e-17
F126->seed6:GP32,4.127298545591289e-05,0,7.0861827338739955e-05,5.7931672318696446e-44,0,0.00023000064917550451,0.0010026204880811548,0,0,0.00030867255877210754,0.00015965111843056965,0.00073347944609824232,0,0,0,0,0.00082287786487028505,0,0.0030535353399387937,8.4839502857650121e-36,0.15048973561518242,0.00076237024370321067,0.00034498592004781746,0.00018417115878509104,7.5515596143318193e-05,0.028150749456933171,1.9469567385013725e-06,0.0073760723109949373,0.0024748343963511229,0.01665840061216739,0.005092465594124229,0.016099906917433567,0.0041092928706728243,0.012077751119742552,0.0028460215338841498,0.0012528476057947348,0,0.003340100661392272,0.10930387769056411,0.10455239008189324,0.00040147802438684864,1.1352903901749248e-41,0.00079851982873353018,0.0067764442323312241,0.00028952806644694657,0.00060585731803959901,0.00027545615654364647,0.00029845380366581398,0,0.013943311813988897,0,0,1.9167237322036882e-36,0.029898188493645325,0.024224116852953913,0.0011927705362240783,0.0014027559289232904,0,0,0.0071117875107152293,0.026138726249505237,0.35181471815474674,0,0.015832346081084237,0.42289417093217008,0.015152482125097313,0.076299910904495727,0.00080612900054404663,0,0,0.029507628493727105,0,0.052834167350629575,0.011477608641906103,0.014754985659355293,0.20703164415368047,0.011253961717047059,1,0.031447431352246209,0.32763557161436657,0.013637248565892933,0.056899648542175024,0.84376570864151423,1.5539663345421174e-18,0.12724354458004053,0.1157474812927555,3.2599368578849182e-27,0.80276668036012377,0.2827536729958155,0.66717766945312329,0.049531184534015518,0.57337986836901722,0.08075298565356212,0.015128972089372214,0,0.012966150353476915,0.078012602864925659,0.12029146446667166,0.57711712574393215,0.16075126814986515,0.026618245443886957,0.0053412937130674944,0,0.00091569058898279313,0,0.0016623148508012376,0.14094858512965536,0.095878860102337995,0,0,0,0,0,0
F125->seed8:GP122,4.3701019533132102e-44,8.1491464520802868e-05,0.00018175160794987969,0.00033552969801838018,0.0022125697999967483,0.00039953394902048826,0.0053691305670510274,0.002575951643598258,0,0.0021111601274694642,0.00074226781837693134,0.0012541547870300734,0.0064030713426136039,0,0,0.11205390072095611,0.0054848188193604369,0.012330140109547385,0.0017403830516724934,0,0.059715666017230669,0.0037508107267473717,0.010761362075707529,0.00044986147068148123,0.00025949953825502758,0.051999143926161361,0.039374953640501774,2.0264572090396315e-31,0.0048402072220771024,0.009951308906716444,0.015672810117147284,0.002006889378327359,0.0015615175464546208,0.0069902979657874625,0.010688854218118547,0.0021422068758484916,0.011425104231301686,0.0072439171239881243,0.028121632290182226,0.056641095354983663,0.019221300273143026,0.032054537590480769,0.01802553637029004,0.053066992905459957,0.00074258316493388231,0.001035937416877019,0.0014133576885913127,0.0020408979196042247,0,0.038146008136197548,5.3710752624202512e-35,0,0,0.012393873093754242,0.0064230820394578243,2.0873614262521115e-16,0.043075650660109724,0,0.0038321622139892088,0.012151000016256779,0.020607322099995974,0.1482775301419042,0,0.037221138695906805,0.14040493131627296,0.015242533957585888,0.046695285201885019,0.0027562992251925771,0.0030635134302847253,0,0.027987059370631902,0,0.045286046771394896,0.19576716586244167,0.057391709893287353,0.077674413536687956,0.016677330200999634,0.2990533601684785,0.01873592936423582,0.22083331318230764,0.25679019158002547,0.26854544536029479,0.18958865745282139,0.0024669562606983737,0.48513221393851591,0.12621602311282829,0.065225403157928907,0.10458519254465268,0.17879466877861069,0.46324324727476068,0.1185686593418708,0.61757590328113665,1,0.50476737335488242,0.0009468317663992883,0.03639231826974728,0.057285592164255696,0.067771409988922671,0.20697161199251535,0.09468554232178622,0.088231866072573648,0.10046216741557588,0,0.0031293248349805796,0,0.0028423427452316215,0.042112236920590761,0.014051777317551009,1.875361545818101e-31,0,0,0.0082532615090568032,1.6947279556179434e-17,0.021111604188095948
F173->seed3:GP57,0.0014565716900304597,0.0054566703755159944,0.0058226790942191436,0.010744267045455553,0.020432360150476885,0.93954402596729569,0.0093457332059417985,0.053722646645479578,0.0026961611371443942,0.11449897381525707,0.069736364181138447,0.030028099540084622,0,0.06935576428933804,0.052996799456029808,0,0.021022486948667318,0.023075266569167703,0.017839423322327123,4.0435646037898009e-18,0.032374621647620769,0.027025488577332269,0.010785883560291806,0.0047739528952253059,0.015308794808444715,0.010093856023446333,0.095685958176949457,0.019179511455200016,0.015761087249741595,0.019269818041737177,0.019672467987534841,0.0020918046919555862,0.0010176988038473568,0.00067493877031454515,0.01100662663668093,4.9209362928480897e-06,0.039712079905976888,0.037339595262418201,0,0.045398001879682542,0.99972346291470082,3.2420890912208581e-41,0.014661041053896174,0.024298842536725342,0.022907141743016057,0.029758167648006647,0.031529282234235345,0.004878022284134551,0.63126725302925579,0.024861167522206701,0.0035900389736780391,0.03021631336899969,0.0060106726656369925,0.01699900375255483,0.0050687338837019646,0.00089570994852227858,0.0014397215864220925,0.028248689853975103,0.02817065793927136,0.0026408504288805883,0.043031902171847783,0.045869864326191938,0.0036401045154736337,0.0029404127772336181,0,0.0027247644846077096,0.014990577662755543,0.0035927559891494572,0.087353637310789642,0,0.022090100354632294,0,0.016396990897770317,0.017859938662590905,0.023840185413267496,0.024086030755592333,0.0078035527433033304,0.0080831564712045105,0.012932373378585195,0.048721224212435771,0.016204964841966638,0.05044174919592722,0.0014987712543104961,0.10075339963016489,0.92478034314750945,0.045089056561948067,0.094466237981440798,0.0263419966514278,0.014286547611328962,0.11149435015468531,0.029438318318312236,0.039078029458959232,0.017043602098198236,0.0066448699509861252,0.010696208378580003,0.035012169733060317,0.0073810363307652907,0.034648987905407658,0.013834400489346334,0.018987715277335962,0.029357855976052998,0.015872697799650386,0,0.014934230478407133,0.016825651734972105,0.022290823290372064,0,4.8962988461823672e-42,1,0,0,0.021579981459382124,0.074263063351904413,0.22014767227193305
F15->seed9:GP50,0.0035885881493359344,0.0017130720151952894,0.0032634889491615069,0.0034117719285170502,0.020992900309279007,0.47752709457942888,0.00099209359582703971,0.010479057025455899,0.0042072465030878027,0.01351444221522803,0.015060149040902842,0.00086651849397502195,0,0.00059943477120261331,0.0015689454669015092,0,0.001819720758232423,2.9378497013431842e-28,0,0.041856447948621915,0.010103847961931502,0.002543081984743437,0.16254764453795439,0.012867743260401947,0.0069488842929750182,0.067521856670367669,0.19066575647371251,0.0064133190050173275,0.012538934442541944,0.0069751550232045679,0.039836768525565051,0.00068034107860551478,0.0076278660080561127,0,0.0026325637707082543,0,0.069716555776817943,0.016402602002486392,0.0076266496169108636,0.12520678698851795,0.90411896550338033,0.013816310280324432,0.0040742999681798566,0.13737785891178267,0.024013903915726654,0.007925272260357958,0.033891610383555704,0,0.72656133472597417,0.025863205615752786,0.0033612632516363456,0.0033679494523306524,0.18986907755734042,0.0043925312398500329,0.002180760978488109,1.0318278283864489e-19,0.0002049868560423203,0.0047687374359663796,0.0077946822610724239,0.0034341137825077226,0.050767508639922805,0.029852328574230962,0.0056960685736458768,0,0.071396465429652056,0.003948135041066436,0.027866220401107648,0.0028031726041059858,0.010331091674707301,0.063719427431769463,0.014950010136263662,0,0.01535208982932065,0.0066746992992397875,0.1953959733423476,0.041679091482628911,0.002609382215717508,0.0039453443340024411,0.0045233272631635775,0.042415679728280579,0.0080163224363346743,0.36726542490342207,0.010518954378477757,0.10537406467214734,0.57999453749906937,0.034037079544810556,0.44207948525518825,0.020259512053324154,0.075229539507853049,0.0085250860328094161,0.011484315615931944,0.056579349680316096,0.016238104754349138,0.11405944905303318,0.027603855813758075,0.03899678703256719,0.013350539335547423,0.020081930402871002,0.0242861697057647,0.0049382557049742247,0,0.17987507516765924,0,0.02121689366214979,0.0093838591690065289,0.019271242642715049,0.0077869999154373095,0.006351454117787236,1,0,0.20434162355190838,0,0.2067284484595141,0.18607920334004657
F188->seed7:GP206,0.00054251459240343513,0.00084962659505456511,0.0010527136873701658,0.001166071671029023,0.0019223467158498676,0.17495200496773011,0.0030634770688488877,1.1826047838803516e-33,1.3408747372435881e-36,0.080706943715022558,0.010318470744267503,0.017434353295480008,0,0.024575243584723926,0.16084193629289115,0,0.035914975513193226,0.069213868658294708,0.0059858602346995297,4.1896653515303891e-27,0.01294757082513588,0.036838790657824298,0.020500101098127149,0.0011276496239625545,0.0090184267916415695,0.0047781971890366905,0.039092664305719116,2.9760002057400041e-27,0.016708847417563007,0.020801579054533552,0.22392374538337961,2.0391924583328399e-16,0.0013566930250797269,0.0026992802036097043,0.021365518279017264,0.007444853224453131,2.8176891448758942e-25,0.014020772247941411,0,0,0.35547242592878903,0.0082518336628514648,0.020878246568662738,0.011182904787636725,0.011183092100140707,0.086405121711108826,0.070403459996073531,0.028376249665495307,0.60169059153592508,0.03314239101677581,0.028715259985199273,0.103580564576087,0.031250001139062525,0.0039156919582084542,0.0074407495618659279,0.046071053404009882,6.6048114203522423e-17,0.044000483772510278,0.039953965674021763,7.7360465093909879e-28,0.02204053280586132,0.048694987709768489,0,2.5534883005116262e-24,0.12198794659224385,0.0015567342743306033,0.0052920030824550662,0.014368496142830542,0.59621452566955868,0,0.044213975477046981,0,0.026230569744899609,0.04546183821606406,0.010593775575117731,0.0057239775091345218,0.0044583886284907583,0.013482024023993011,0.0017835125103996409,0.046233592057463829,0.032451923714603377,0.057637576224798495,0.03594707176387528,0.025719728046544221,0.55734037709348294,0.040282823656010006,0,7.0925616382169349e-09,0.026187398768982222,0.082271195498262908,0.17659884637772547,0.12279614435941806,0.12107623588537002,3.8727533510460089e-09,0.026324342434392276,0.0081591845446326704,1.2692154937208291e-16,0.055077064920387636,0.027663934637858611,3.002809788809708e-28,0.042275575573355977,0.031739812199471008,0,1.1866976127173242e-28,1.0125000215156256e-44,0.079024391429268315,4.5764267922490697e-16,0,1,0,0,0.028682720259507806,0.054000000810000011,8.915275314449599e-24
F168->seed7:GP216,0.0018585276816502009,0.050860919924512804,0.025251486659118163,0.083292454741693112,0.20584304194865477,0.68833094159909403,0.068385873720768847,1.2182922415214433e-14,6.5859145498366395e-09,0.029097444705885753,0.017050747142226257,0.03457122210860291,0,0.097462313622011326,0.063787885443786829,0,0.055488241043765721,0.14378229272883611,0.11989614768429557,2.5811230772331932e-20,7.5326453854921729e-19,0.12811668777319596,1,0.0044500828908778916,0.023411226050165948,0.030793306618830375,0.077518285744527765,1.7446158674574742e-29,0.044474009736495908,0.029273090407875482,1.7116381233951765e-25,0.0055320885232654615,0.0053808587483706316,0.010705004524204434,0.053515512034174983,0.029525348032868524,0,0.06906713851919781,4.0992183289427099e-29,9.8643790717137188e-16,0.066230285258176799,0.065451461152997131,0.048927558359908231,0.088725559679062968,0.1625550507781415,0.10946460997599325,0.045452991841494553,0.091436002644734199,0.12342563749040007,0.13143853880122677,0.19359786323595418,0.23962601168189981,0.34320063913071025,0.0116468220585865,0.01475453691332408,0.042164304392425488,1.1724130260145569e-18,0.11633357059272741,0.11883927794869752,0.041885748800204431,0.016043694651576831,0.041382332176590056,2.9063241126082392e-33,0.18654806695164028,0,0.023554115741091345,8.8987358809847131e-27,0.0379890945270819,0.33778733436380415,0,0.023379604402953988,0,0.10402712820110452,1.417361492968992e-06,0.26494100545032717,0.023886169137224134,0.017681406463408475,5.9337541147291989e-15,4.5334640548805635e-15,0.018865431359823989,5.6041272533786582e-20,0.038097222491034109,0.098528579504209499,0.22762526529056218,0.066979937138976153,0.11132094723116039,0,3.3807837398157218e-26,0.020269220480419355,0.11092094845185635,2.6928217776658094e-36,0.088543491269172853,0.060021632820595514,3.4533621460413354e-25,0.052199509424776733,0.094714976726869196,0.050014985649193017,0.10602168518202784,0.082283750296038849,4.3631601023874807e-14,2.5967415609151781e-38,0.12587608827655639,0,0.021573789505275213,3.3621825819052864e-34,0.039175095425096527,2.7451400439434489e-29,3.8844826493728309e-36,0.99146845950497731,0,0,0.22750409113844597,0.21415718612874984,3.0158179309476384e-31
F66->seed0:GP57,0.023616268004060879,0.016891467289431725,0.031192811769431655,0.17653882920682887,0.015179407818332507,0.013312451400066962,0.16233582585115602,0.18440352246129138,0.030874686414262109,0.13740132648076192,0.098386725663012237,0.0026363664590966854,7.7218690864403753e-39,0.010852822760051783,4.6769712457426357e-26,2.4766996832342334e-05,0.052529817706730493,2.8843602544733371e-10,0.018398265017987907,1.0638440750323866e-10,0.40307737975924135,0.014588585126995065,0.0086991352342953888,0.033917562632479505,0.023157576500283029,0.022962691725721497,0.059124287770029142,0.084514139078195258,0.012006949947358812,0.028128130077596371,0.0073213067312067033,0.037613223260551859,0.28825690883817706,4.6326315100331819e-08,0.019202162799218957,0.24320743114372814,0.40830968292250791,0.026579923077907668,1,0.031312668689269026,0.0082077946193240773,0.0081899166419092933,0.0069645855958693969,0.0057675229686261461,0.053298971263013077,0.011576917590987862,0.02740326726284013,0.038483454878715205,0.00014029293867049016,0.092502989716917117,0.025239058236262078,3.0884401960771703e-39,0.011632083203881514,0.0032284885374127847,0.018890289101813524,0.0094651813345145823,9.1009530654711112e-28,8.8792960319794833e-31,1.3534649206854603e-11,0.0021295711802496609,0.025717114078484635,0.023519371595708084,0.048428961710984653,1.6011726512755116e-29,9.8941039726382175e-31,0.022229414160017082,0.089650162547388848,0.0057940790407232908,6.6009225972134927e-27,4.7112328779875197e-14,0.065809605297349055,0,0.048025393562617535,7.2470137892291064e-33,2.2834832830928603e-17,0.020250692211253852,0.016178860982006334,0.00097878392640485755,0.0024318259109289424,0.0020055236042031866,1.5289798449566827e-37,7.189896370566035e-42,0.0018115965434358848,0.0051856670089522779,0.0051618185391416665,0.0019490937576572547,5.9957776813000655e-10,6.4522038165366269e-27,0.0058982690293866496,0.001554778650711221,0.10681875318500467,0.033760597518358887,5.560326568277773e-24,0,0.0054429965234340091,0.052210406254254452,0.097474539713429342,0.0098250981154448698,0.0041734096442232272,0.015309762354327279,5.2051340514533226e-35,0.019198347377209705,0.00093386330341197312,0.1042202425714254,0.07294283989515489,0.13459104463498689,0.59296722797464962,0.82348271598519118,0.075608135704578291,0,3.9331688108664681e-36,0.051845699679498425,0.016331393959837875,8.0532865634861415e-35
F167->seed8:GP0,0.037158012088861804,0.024812148754468966,0.046920014395254818,0.032328263296565893,0.0050084900480980143,0.0014371289347248747,0.031315086384663272,0.065305397432495971,0.033411620753334155,0.0038088755677325634,0.011808804747281845,1.3060029788720741e-16,5.2487709131792763e-19,0.0063758995064108802,1.8030285724793198e-17,3.3445073434187681e-05,0.01004310800906796,7.5156640862034092e-12,0.013081699375592688,2.323019536041988e-10,0.55325264985644151,0.030337591841988438,4.5578035152791972e-13,0.097647710287616138,0.028811350185588461,0.025980308972604359,0.020284720277607759,0.16172973171763236,0.021486287994410019,0.075151286247540597,0.0062784452074046253,0.068225716544823622,0.14958433964395385,0.0027978323057888366,0.014740683144154819,0.31877630877296215,0.00042871765073644336,0.0021094921995056231,1,0.051703093140976306,0.0074281721441311751,0.025677399187246017,0.0062286565392021143,0.0092818840971837305,0.042788245276228654,2.7423160073657473e-05,0.0068939547810371411,0.056377464596341818,8.1903882778494347e-28,0.085643244606376456,0.019971798960284334,9.9862803764831976e-17,9.3099387676295891e-19,0.039866458268208817,0.047010678231905453,0.077627636787756679,0.0004666100593410231,0.0050736289964563508,0.0064900733159784707,0.0036888866005920971,0.044439343177095789,0.054248622862711829,0.051005613624005401,0.012209640092360795,0.0013171258875541462,0.014866857027274806,0.090637704534767952,0.019956450676550708,3.0056370556975532e-15,5.6382436738371494e-17,0.059185764458956458,0,0.017911304215340405,1.5437819066357396e-07,2.9704846840267832e-17,0.094253755769266132,0.0092339192131995033,0.027981917668599171,0.040890629161949243,0.013250208967613305,0.016838897659720343,0.0099674397198704426,0.021397043719019335,0.026690255620847904,0.01751710539795787,0.0072683611737911803,0,0.05387113514990241,0.028473314927721635,0.021397152996866144,1.8393656631142612e-29,0.034745208718060527,5.938730853391685e-22,6.2114227923116728e-23,3.4014883852884697e-05,0.013448937036521393,0.15580732424260732,0.0030147467302019276,0.022324392338992489,0.094901589519834198,1.2812613185317892e-20,0,4.3235636136292594e-14,0.070892500545075801,0.31936925667422328,0.061202269616818288,0.91071726721323099,0.68181853047564767,4.7637607340529218e-24,3.8644309540008566e-26,6.0198902493163573e-32,0.029764899220081905,3.0715973741794311e-07,5.5049671509741754e-05
F40->seed9:GP157,0.10450442280267465,0.13331160860696442,0.11331964321674816,0.17390399155030295,0.066659602420383393,0.04398834125378271,0.18959768729271326,0.38292066627669469,0.13960137239080672,0.19124495353899559,0.13159035956419948,0.020216453620506131,0.00030660968235550376,0.029065802289692549,0.0046601377870506477,0.03765734615400422,0.061904558699228868,0.050346346478676439,0.1081021470833613,0.013678118325896925,0.5033706592215812,0.04285514961635252,0.01061506136578777,0.06576184265864074,0.12841964088787575,0.064971060335604222,0.12193900546189074,0.085228202096807121,0.30072880006904423,0.050427433020944781,0.053825104422528691,0.16038963405195031,0.13375289567884574,0.019995579937175243,0.10665945172863979,0.57103790308329005,0.13483280751047649,0.05891091652088383,0.84120775322720065,0.049717295439382879,0.013530015740437582,0.032619775962475013,0.029675495604595824,0.015152858279894845,0.19276604284851231,0.062459124864548667,0.16056577900096855,0.16421990309150961,0.074311071596387238,0.15592702135849978,0.12685878265729822,0.048485417833956879,0.016993713414442023,0.18764391403994976,0.042036459182401398,0.063925540469637679,0.047844094322072095,0.023137946646903218,0.011238664898550209,0.023509140139211775,0.15018863866448756,0.11088807439240403,0.14367683744607634,0.017999731494711405,0.0065841558591004795,0.051993391482080695,0.023465910102785467,0.047053937369771516,0.032613994879220565,0.090196186950916968,0.15887978497658115,0,0.057364990472172028,0.026924244520642713,0.0091459853664617712,0.056732044051306427,0.041230879615105888,0.016319891858125095,0.15239221088076585,0.052034212505496821,0.035408287634920488,0.0053104544452009473,0.066112290007630484,0.098517939852075506,0.018539027791667294,0.049625013870490044,0.041738890936165611,0.051605127355072215,0.11599192840224284,0.034252705944241318,0.039857836039163416,0.074451386158552374,0.013108113106482897,3.334696294490025e-06,0.010179859500497967,0.054198895292526923,0.09859302543813625,0.0099640237161405937,0.038481958773478799,0.059729549417987388,0.0033408758889100464,3.9961710597876345e-22,1.5769993712044515e-18,0.12146351821383707,0.16614688746203596,0.15523883271435557,0.77316669794661952,1,0.0049828553893532176,1.2217607097307138e-09,3.49426439825362e-11,0.0136678116955972,0.044096712591117131,0.00097513421839617398
F77->seed0:GP28,0.12581792271684064,0.091693653984680643,0.22274939322941537,0.020832526279534479,0.05521207428741462,0.072894824164397604,0.020753777246096779,0.091433354253995319,0.14975754120156828,0.01726645927412274,0.038688715415084493,1.4808080599390824e-07,2.0141007109413722e-31,0.017000594361801812,9.4174060075641941e-09,0.052074398274813853,0.0040872943385967565,0.0050676637701082125,0.0083067879443572534,0.037739752172040911,0.5298099276813617,0.0068862118392134172,0.0081657037367191387,0.055614209555493468,0.033946280678353521,0.0083539992688266441,0.00043362485364565001,0.0054533050572655884,0.0058882468796005406,0.0017289296977573236,0.019977812844312229,0.028823329922702732,0.013633747656503728,0.006735385036343247,0.017615334282531734,0.26098368767862035,0.01456418565756345,0.0059984021015061116,0.85168352539441661,0.052380508460270356,0.010614949043364729,0.042585380614533319,0.00094458708735757938,0.026712530199953993,0.044291896901029318,0.0065365860049589782,0.014762788164061999,0.0092512477440580831,0.0051450346097960606,0.072005019951055224,0.0028421738373474383,3.7591683268400332e-41,0.0078551324363568022,0.059520345742704081,0.01027382618583242,0.010655491623378702,0.01271432714288342,0.0082190798956805599,6.0696207044510118e-12,0.082738624673497851,0.18842089482819568,0.0098468431174591458,3.7835893153954827e-05,7.8161953134861671e-29,1.0279828761316243e-38,0.029110371651234847,0.023809435361327382,0.019102889092188564,0.05287759044364989,0,0.02310495713867829,0,0.04965500560221902,0,0.041777471848440016,0.063740417837102548,0.034015398984571038,0.012518798991071471,0.064642764369433531,0.0057985302458097993,0.008075480169505234,0.061300299347713756,0.0044620036014445088,0.016871127798369499,0.0084055028983641318,0.023222870558380113,0.037605220305656668,0.012920769984502249,0.0050476963378091461,0.0059766321832680231,3.4161497600254781e-26,0.0055552707344462523,5.0390996338338258e-45,7.5323554288613936e-35,0.0049130275590878528,0.020466815135338878,0.052806292222930776,0.0017090270178885519,0.010312210015563261,0.049581359161070544,0,3.2680976869776816e-24,2.8517837026951375e-38,0.053542338389145981,0.097330783884858607,0.014295784566396815,0.88450252622662395,1,5.8167569211403581e-36,0,7.0748958859026913e-42,7.5124842433653325e-12,0.025961975458073053,0.03651327261050305
F37->seed6:GP23,0.0062512708411421071,0.005913143743182349,0.013773170349763967,0.0026646964023419534,0.001254766098315215,0.0027082618627177978,0.0074844930697418729,0.074287219499209536,0.014082986773338845,0.003417033796716372,0.0075366435294024741,0.0028577070643715841,4.3278305709484008e-12,0.041680701392290381,0.0052432165327597384,0.16945853699753263,0.019927097741665685,0.010537631850336442,9.115448303122449e-07,0.0053372677818379274,0.56523111473144083,0.0050132509156483335,0.041200806134681092,0.056059824263326848,0.012672850173963189,0.026165708333403554,0.021348105573916604,0.12429366808760313,0.040574485128213572,0.10314108543208203,0.11020407246118349,0.01145463070274215,0.094216232486498047,0.0018840372967980077,0.039143489997186948,0.30229135214721803,0.056411253330324991,0.01112528379654289,1,0.12558900990029323,0.010884225219535361,0.040297085129000022,0.0012402278441752726,0.12046845401115581,0.0085963268589373688,0.0023499487169523063,0.0040579633424763515,0.0017123189715355707,0.0016931187663439002,0.029744815329974913,0.0018742885776185179,0,0.022501892362469026,0.011902512676028041,0.069824191620787179,0.0011566071166046541,0.0028243768008505065,0.0032293740917164076,1.9756949845116573e-32,0.062675339068033423,0.041811095715787866,0.021972561892487377,7.4049049651883633e-06,0.0069974853644470215,2.2595007797950975e-40,0.01422608166024435,0.089556313657092462,0.0015629578675372378,0.020147656978187184,1.6191690047962762e-43,0.021364964758125726,0,0.041318177713182851,6.3930839409925919e-05,0.08558025250907586,0.052217903006291269,0.013079459859759479,0.019909839382730478,0.023419905012937326,0.023621750290632577,0.0052955553447331426,0.14889091714589939,0.024486354816699002,2.0804892877596084e-31,0.019280707631047694,0.010315002390587382,3.4331988861306845e-23,0.0084727796376742569,0.023110635141512233,0.058195144693733686,0,0.014586320328399197,0.00027808573380921046,0.01300955372496934,0.0077952591855044596,0.024689191422356371,0.2191876681973762,0.009133540699316451,0.033948148326587178,0.17537206273242303,1.0264004845346725e-23,0.049461143859630345,0,0.024190078941758723,0.081231580919937166,0.12820876256594935,0.88251329527757472,0.96234338298663802,6.2852605029793215e-39,0,0,0.0093609817345509886,0.1145534478931753,1.2716926928257629e-15
F55->seed3:GP10,0.00064195011990695759,0.00064970943132402407,0.0019501602953614333,0.001190266896928897,0.00098316533655915862,0.00036943197955891102,0.0023085087389632213,0.048043715165648905,0.0055143773915242557,0.0018801337933192818,0.0034099126813063934,3.3707449910353278e-36,0,7.3917417312768939e-09,1.3833601277599132e-30,0.066317963716093553,0.0023803563437807089,7.9118858619563709e-31,0.0015465950918561757,2.6972748286936209e-29,0.46294156823201421,0.0071182620103462666,2.1198407826982705e-07,0.031733268611779102,0.015546752321841315,0.081734375409385662,0.0080021156274436931,0.042620489741500754,0.022929361613638937,0.018700866600519436,0.069000204220339659,0.0082479365409113305,0.026191442380712075,0.0034535940346120341,0.018020148531979901,0.5625651068837686,0.15228597848209402,0.042877424715238449,0.90483961298795801,0.15696075500218151,0.0037124950951390279,0.0020714404586382874,0.017028622536915779,0.0079645608843279224,0.0022947270505063204,0.0006137605156128625,0.0060898808200337256,0.0016168577366110629,1.8913294070971953e-32,0.012711588893271781,2.757687078310112e-11,9.7984069777906244e-24,0,0.0036184139328808936,0.0074330593273549518,0.0019767181045784194,0.00071075435493142937,1.2084881771232418e-25,3.3657003240496276e-44,0.0063188965328833582,0.10045812877210865,0.15479886212403446,1.1642660075555313e-09,0.0090209069019329177,0.11226821586918383,0.0060847804895426657,0.096446524665871405,0.0012324878728639324,0.0027223977104124521,0,0.10827203184843123,0,0.023545336552945006,0.0037616402745707257,0.0054145548623133425,0.18310309181516568,0.011809656287433709,0.015546369149804423,0.0081673681476542061,0.096326938744357674,0.0041490388543694613,0.019521425116222811,0.10821792433222176,0.042813504888084254,0.035669883620296397,0.09189712824985552,0.038117814423983175,0.012300579148999761,0.19417519992518825,0.064404332660849162,1.1261020985711102e-27,0.10728091336200635,0.019349778800996704,0.010205793675113815,0.0016836104478380139,0.01500177553637095,0.22275963970229812,0.0072394357657128766,0.014143937229378277,0.092322350828795932,0.0027025056447972434,6.7710400542157383e-32,0,0.027247417912381399,0.049120899787360235,0.043442802822673064,0.78189485200083642,1,0,0,0,0.014668556446988616,1.0029051689597097e-12,0.018760871859296743
F189->seed5:GP30,0.00024419066951378835,0.0085835334564684541,0.0039296596162703154,0.00077399698338442022,0.0051043053003681756,0,0.0026538806616231135,0.0029710944973009674,3.0068958893958701e-08,0.0012175002615999676,0.0011415058574534554,0,0,0.0020390217095378107,0,0.043080870714910208,0.0030977120402989628,0.0021877005473739902,2.5157280889949317e-40,0,0.44584833626789022,0.0030166108754751228,0.00068036200462257392,0.0068976895127950116,0.039273564612570956,0.0096856428628505804,1.1342020266823231e-23,0.01461499037372605,0.0093579513520165112,0.0071082833672354798,0.012051314051752372,0.0060158156922210694,0.0027025699432961492,0.00089716627925677246,0.0011196050173160024,0.034591405716918662,5.1278298076647156e-42,0.021628024806330338,0.68773357920033951,0.24493050849724413,0.000791778489311768,0,0.00031555533556740044,0.0011134221516467962,0.0077691910710705791,0.00039825186031684074,0.0027765328397175489,0.0020450769843172417,6.825658961413518e-24,0.016452195016945698,1.3441231474874746e-44,7.7989116500462482e-37,0,0.0054763585875927095,0.031598554234260105,0.0035284996783177284,0.030570461321209885,1.2052505952953407e-09,0.0011050009513031576,0.0061201300654204907,0.026989639969222275,0.06186951131513109,0,0.058291129546656169,0.040587717174177328,0.0077326537715524278,0.23915610169071205,0.0031790992345285883,1.0564202411773606e-29,0,0.26252358180054575,0,0.0043527304416808828,0.010769468162057434,0.0068960933665573694,0.22144801849029569,0.0044389801358088593,0.020105168899490437,0.01445934192133936,0.082266670806565967,0.0053851087553560793,1.5035022136700148e-23,0.11412899240698113,0.047853237075298254,0.033630868433261164,0.18813030386793614,0.15855519934051943,0.060465497400499439,0.038269040898911928,0.084153571042856104,0,0.050628787529010386,0.015281540034472728,0.0044098529872028062,0.003281473701995398,0.0061271779751443413,0.16507102447520561,0.0072792585198421808,0.020677906493250586,0.060370471254279946,0.003507628470114329,0,0,0.0089869125417375434,0.0079817275194899538,0.0098350475271864034,0.71149075421370855,1,0,0,5.5260578770018459e-16,0,0,0.073049984781165672
F67->seed4:GP28,0.0033068004423339823,0.0032354191008249597,0.0097269870355065277,0.018284691809247106,0.0030753287847403036,0.0015709907285742753,0.0031856943004743028,0.092372331737896066,0.0097752996879621364,0.0032017168082782003,0.0072320075576864772,2.122843095574555e-20,1.0136243352153447e-33,0.0022055656883866867,0.0031250415843913784,2.7269514268733433e-18,0.0072508041944215626,3.9108593937049834e-10,0.0023363760680868545,0.0016033640911919389,0.3700068876146288,0.015231910765158703,0.00079672624850065028,0.039512224679851833,0.023159162524294036,0.0039899245274035971,0.011132898304694614,0.013159774363239929,0.014117070168877385,0.018687483486742276,0.010489109168396769,0.020504503508434031,0.013833052956332996,0.0010988123832267993,0.0074709804394498805,0.70196534079921113,0.075571143786677134,0.011142635790374927,0.71917493419780332,0.042179866091865942,0.0026867290165308653,0.0019678613395889108,0.019487056655302724,0.0017382700539067489,0.0066680992091932437,0.0061024613828307758,0.01125738608631021,0.0044613755516633062,0.0030235571765462261,0.021749349847345199,0.0022924550814798317,0.002547181143871272,0.00061176025277801438,0.0071644019116917698,0.006938280205318198,0.01118866811317722,0.0002494665885768685,1.7628581102203267e-05,0.0006468611186579991,0.0029273892753485758,0.07592866233316814,0.0070165686380012577,0.011114427654176038,0.045798604259618805,0.14221651347412972,0.018215128081892774,0.03850138608080169,0.0037450057908293799,5.4613503698674623e-23,2.6384930898594677e-36,0.029166929140984021,0,0.010993700222917912,0.0031646915023439727,0.00051460264798387258,0.053310347731090682,0.016549302119972763,0.013521055424148987,0.0085501258401227444,0.0057480474763414073,0.0031548855536562095,5.2160385611987485e-22,0.0084161010435296838,0.0083128885349447578,0.0017807396247558299,0.0037366086455794048,1.2803187543195142e-31,2.39085285037272e-23,0.0042559959724865273,0.0022481272514837092,0.012465610618218988,0.012338201945018301,2.7982084332653883e-06,0.0051628213605370175,0.0019055511498342428,0.0016064126623512674,0.020933931820681217,0.0039254841151067756,0.0028460695839908306,0.053309076837331701,0.0020875645799942042,0,1.228564734035971e-39,0.036723081102891832,0.062448886364588729,0.0099535643749986465,0.63119568084985411,1,4.0319019908767141e-22,1.1494113263389584e-29,0,0.058864468230311912,0.0052462073362834066,3.477840708222269e-17
F96->seed6:GP15,0.063663524743518343,0.054720771699656522,0.15889457480004388,0.084134480697078878,0.2319599677775484,0.11821034111295044,0.14973631655229977,1,0.10333848235618695,0.6923901645795002,0.87150233334296212,0.0076755195674926419,0.017828977910602183,0.021340076016694375,0.047769478188754329,2.4960970420851951e-30,0.095986305792530133,0.028433755825700149,0.081830536330113557,0.10780638582690928,0.1970782292198659,0.020586040161322084,2.4254069837761332e-18,0.043319624726695247,0.030213308186541468,0.0060428274565803904,2.3166570017970971e-29,0.0040624894327620188,0.094685092743581431,0.01871286328216858,0.066117517948836024,0.10696466114946167,0.026625283668454607,0.075953558070551597,0.03870182380251861,0.18854783103551304,0.41503718866837563,0.09947883636484231,0.21039561151375094,0.092565390838752773,0.023717193858413262,5.8467107855068386e-07,2.4503796830060084e-06,0.011576349292276482,0.27320194919674207,0.1213507908989582,0.52590791464363196,0.10058034808915381,0.030153074599995774,0.17322215203947935,0.070831655997463924,6.4906304982092836e-20,8.1483215366651491e-10,0.13388329002405031,0.091659690199255447,0.018499697503048688,0.025082479685334873,3.1666661297783649e-17,1.1438882299245098e-29,0.049401079976342417,0.18069655254516123,0.023566801763605899,1.5977716635881843e-15,0,0.21208306024641904,0.013547061348923584,0.033293328993867624,0.015623217211786961,1.4240433402993272e-22,0,0.19939181293220279,0,0.1395687611066567,5.5674739477592201e-37,0.0046045010567634043,0.064994933798767959,0.0077521542995150567,0.023934790286236626,0.10514973225028351,0.0195187537460061,1.1555715530666469e-35,2.8033103370871686e-21,0.026250815520127618,0.29167351199250918,0.029362627156053204,0.031681806828750957,1.2102532569008585e-26,1.7236950300531587e-05,0.013655261064400948,0.010462926040890434,1.1742989915459809e-21,1.6608218893831606e-13,5.834460226672129e-26,2.7652049979477663e-08,3.9581371820725708e-16,0.13920101902455775,0.00025610041972871228,0.01898417846505113,0.016218130816513635,2.9583763526086619e-05,3.1546514497383565e-31,5.1225433465571562e-19,0,0.024830158026294395,0.14923090222741225,0.080209975078349163,0.36163213480325251,0.35100572469033298,1.9197717425547718e-40,3.6682889670844696e-20,1.7641056443383977e-16,2.0121119536384807e-11,1.5717977116834835e-39,0.048163981952314923
F43->seed6:GP79,0.18465966438140646,0.14261337047072317,0.32245078222898405,0.16739166797482716,0.33139123063905113,0.15040149750888704,0.24887268083076555,1,0.27292597239195093,0.57585983453264655,0.70122620405106584,0.058292353960741464,0.012229138362778183,0.060452243938999346,0.083807615083709069,3.9139406062235812e-07,0.18382966262807748,0.12347001188676414,0.25138121585370926,0.28496702763553317,0.44768528360942356,0.11209409078072917,0.0034559830301112353,0.2338455436267696,0.13055465679871045,0.13048589552726839,4.0533221505889458e-11,0.10884744271890853,0.21256743399258596,0.052567899322301027,0.045410655559190743,0.3917903509804993,0.2731790023766576,0.2198886740369517,0.13466903354494247,0.7618292815582649,0.29768561962938711,0.16007768596167454,0.64043745813365049,0.16766311648829565,0.10726175292391826,0.055780467080726683,0.030076986576674493,0.023395431213028825,0.377255684635114,0.13741256934351292,0.34835413945773974,0.1536095936526802,0.069127463680992554,0.2280577689229179,0.089413438453355268,0.24749105016620473,0.0043909431450050353,0.34201526420508171,0.18013817975158528,0.15647341996345121,0.046421326672629749,0.0135576556262557,0.0030962010324479877,0.22126764435035268,0.55708077720629667,0.17132374114523669,0.079586082729783542,1.3680028998754593e-05,5.6434140388399216e-09,0.058090621478887355,0.059553226002531774,0.16037289224525711,0.10787194663873205,2.7788578463604563e-33,0.2177498536690993,0,0.25540585441325608,0.032722858752177578,0.0064367993491316472,0.19876257519952981,0.044765500009987899,0.10243697899235629,0.29782209471693655,0.18590199275596575,0.029537293094548743,9.1271577869567612e-07,0.14088036952370306,0.27318257114040867,0.015491043121372403,0.15327137681376043,0.1383509688197111,0.13560669145984172,0.42352994394399096,0.10986756225024735,0.16148424235539519,0.092013213324614415,0.013748065394026973,0.0021660120302562568,0.028071196744138036,0.19972053335498693,0.081148904628218471,0.15733172154985012,0.12507964484219319,0.12897472337330301,0.019306361173073966,1.0772127992182461e-14,8.26317954881464e-38,0.10951244708322852,0.26271589688200814,0.1610288495617303,0.70221257327378772,0.99758348346473558,9.1009714035887581e-25,7.6565087136465209e-24,1.4269832558703034e-19,6.3740373085978144e-06,0.033165528207856294,0.11363318271759876
