rqvi_gp,flashier_factor,corr_cluster,corr_cell
37,32,0.26126623931285425,0.021326577351808648
44,80,0.23703973484804652,0.0193577858604542
