rqvi_gp,flashier_factor,corr_cluster,corr_cell
38,58,0.5725950877933368,0.34910853505155226
45,35,0.43638792123167525,0.14557735925708734
