,mean_log_expr
Lmtk2,0.04763720260189843
Wnt10a,0.0023387413749037995
Chuk,0.04870119756336991
Setd2,0.12106302218699397
Arhgef38,4.5052212071144325e-05
Rd3,0.0010207182227675762
Memo1,0.06597694106585356
Cdan1,0.01557212333970088
Otoa,0.00031500664486413084
Asb8,0.04675553165114757
Abcc1,0.03018402935662534
P4htm,0.009162246194283057
Cd163,0.0004065614304332287
Atm,0.0782028730316912
Ptpn7,0.0988449836825335
Ephb2,0.0002652687836907035
Cdh24,0.008993323598769474
Dzip3,0.027664989442823945
Prss22,3.0136012173304855e-06
Casq2,7.760724089000554e-06
Vps53,0.0589896343726254
Fam114a1,0.0035735509200547364
Stxbp3,0.036575103002621276
Mef2d,0.11642452405401757
Cfap161,6.603707436847058e-06
Bcas3,0.0838223698464671
Vtn,1.8905865501188276e-05
Sv2b,2.4074274863103873e-05
Cyp2d26,0.0001520526985738939
Sgpp2,0.0002840780770947418
Asap1,0.17961166767465622
Sned1,0.00020527689677258173
Zfp106,0.11123448851214565
Srr,0.01934479945547946
Tmf1,0.08857958449309995
Tex14,0.02370708836443054
Sgk3,0.0358230429054566
Mfsd4b4,0.003270385720315003
Stmn2,0.00164532399136298
Megf9,0.00763060792035499
Lmo2,0.0010008621654155356
Slc16a3,0.013281244436946022
Pcdh11x,9.259777283472018e-05
Stat5a,0.06700143522547325
Tmx3,0.09191747342172174
Nudt12,0.0008220918916153592
Sdr16c6,6.857775171728822e-06
Vmn2r99,3.96076943159974e-05
Fitm2,0.004277268653620181
Klra1,0.02078492565504801
Sfn,0.01794377796115365
Usp32,0.0603535885870026
Odf1,3.792807050416564e-05
Serpina9,0.0012914121399977502
Tbata,9.874583417478866e-06
Fbxo43,5.431515209442798e-05
Aplf,0.008847183506686175
Zfp219,0.013242292393624898
Acox3,0.022056927102437812
Rap2b,0.07634034131328604
Tas2r143,1.2499901451574259e-05
Ccdc136,0.006612988591004441
Paip1,0.0661320996656506
Cd6,0.20318216141316645
Aqp12,1.946054620221295e-06
Rft1,0.015328290551352652
H6pd,0.016476211950869887
H4c3,0.015068070780131029
Hepacam,5.6312573980286815e-05
Dsg4,4.446595965535502e-06
D930020B18Rik,0.0003252484933859905
Oplah,0.004854597297444002
Gcfc2,0.015309877601723728
Slc38a1,0.17200637280615633
Dhx32,0.023378822099363587
Pik3c2g,4.813376581055832e-05
Iws1,0.09076458850490911
Chd3,0.3287835569777978
Nufip1,0.05686036276687411
Smco1,1.4123875777422723e-05
Cep162,0.021959495030363704
Mgam2-ps,3.4070937693445756e-05
Fzd10,0.00013451094216846947
Rab11fip2,0.05156292540834928
Cep290,0.010758074502820613
Nat10,0.02592727973185995
Zyg11b,0.07254539982350759
Cited2,0.22851718975406693
Catsper2,0.0041764134385090575
Gigyf1,0.028989713240543113
Barx2,0.0001560305405244483
Ankrd46,0.03721308445123746
Kdm4a,0.047142683308477006
Snap29,0.048539988448121
Crtam,0.045673853085602116
Ifit1,0.04212180743167555
Usp42,0.028180565471406547
Dll3,1.6042615558402454e-05
Cenpe,0.01143536754367493
Rpap3,0.02511148721238628
Ighmbp2,0.022095180775664955
Prss2,0.0019168615166994588
Nuak1,0.0002265195563084967
Dct,2.118663744387848e-05
Fhit,0.05055093877776065
Arid4b,0.21851708554025528
Hgd,0.0001314686817306835
Unc5d,6.762514152412974e-05
Ttc7,0.09279915541847583
Mtr,0.03674309362747002
Ppic,0.019174262485714397
Arnt,0.06280048492383913
Kif1c,0.02116754286861977
Dlat,0.05415024630024898
Ces1h,5.679240308789703e-06
Sgcb,0.015806773781063953
Ccdc88a,0.0030215199142789224
Csf3r,0.00015989493490378964
Heca,0.13098620297749475
Slc25a30,0.02376002596455542
A430033K04Rik,0.013273491781901703
Baz2b,0.1077998667828926
Tnfrsf1b,0.1137030586983412
Zfp24,0.038476575975467144
Ampd3,0.0069724089803282615
Nrap,0.00021186516879162203
Ttl,0.006692285624430328
Ahctf1,0.0752574679094276
Zfp7,0.00934863365458166
Mettl6,0.025537512844861086
Scgb2b27,5.299447581793991e-05
Asb4,4.885282944157052e-05
Tmem210,3.757812897826033e-06
Hhat,0.005783474117976745
Rfpl4b,1.6679660072840343e-06
Neo1,0.00048381258682629813
1810009J06Rik,9.528075260351032e-05
Eml4,0.16176910392026564
Ppp1r12b,0.03057050417390034
Nckap1l,0.09312396037633713
Brat1,0.029059736183664135
Ubash3b,0.10952866328722917
Slc12a8,0.0017043519401269578
Itln1,0.00011355826700606999
Fgfr2,0.10431577300594591
Bod1l,0.19433255288280632
F2rl1,0.03366688936129867
B3galt5,0.009570753881460416
Gm21974,0.00010676637347053984
Dph5,0.08053579183604428
Adamtsl3,0.0025004496694814088
Ap5z1,0.018359936704100376
Dusp10,0.17337396047531906
Lrrc40,0.013535540999614789
Ppef1,1.2892838721189437e-05
C1galt1,0.07716016052180653
Simc1,0.03172075935355233
N4bp2l1,0.06774794905785764
Aadacl2fm1,3.361897719284307e-06
Trim44,0.09304437383526247
Ces2f,3.453149125541074e-06
Sftpa1,5.099779981442287e-05
Lig4,0.006449201489448491
Ldah,0.08356897047479432
Il18rap,0.05381768699814946
Nkain2,0.02300804643161443
Zfp300,0.003935971659562463
Cd83,0.028214260382845215
Copg2,0.057601526707199265
Slc35e3,0.005180094827248519
Tsc22d1,0.02333049050669867
Gm28305,0.0009959822691210523
Phex,0.0005001567553967938
Rassf8,0.0012460337018161338
Syt9,1.7992333911413727e-05
Mss51,0.006459470564105704
Nme7,0.016644523678728304
Taok3,0.1531129923326719
R3hcc1,0.02608541530664075
Cdk16,0.0286356317264752
Pwp2,0.021266138578594124
Ldlrap1,0.06753463227297682
Scai,0.03852826921604701
Trio,0.035417555839881334
Pdzk1ip1,0.0022622287830939437
Nudt11,3.235767294774683e-05
Timp2,0.07207943878198332
Dbp,0.030467189310323495
Trim23,0.021947159711192207
Slc22a22,4.8830439477656684e-05
Riok1,0.09910796140084761
Med13l,0.06922860201187545
Gpr180,0.029732455489731493
Dock10,0.5776164563569565
Ubr1,0.08352745626063335
Parp10,0.04160323369439844
Adk,0.09411647631976257
Ppfibp1,0.009244052932855294
Orc4,0.0761604219489925
Tacstd2,0.0030361770957281187
Enpp2,0.001321952981742615
Actr8,0.05160867812748617
4930444P10Rik,0.0001474634875650184
Castor1,0.025557664891151893
Rpl38,1.1342326956966602
Colgalt2,0.0005404937299266626
Ms4a4d,0.003204764180458268
Smyd1,0.00712512068160552
A2m,1.0978381532455363e-05
Mink1,0.08783705064525134
Rassf4,0.0007282459993454045
Ppp1r3f,0.008057373289995014
Phyh,0.06271195775048549
Xlr5a,0.0023311352293937824
Scaf8,0.11445600312655595
Lins1,0.010694316333586631
Zfp949,0.019602263993846677
Mitd1,0.09082976531710298
Sp2,0.06789504533965189
Nkrf,0.008388030344794474
Jchain,0.008377608328472843
Pcolce2,0.00011053021877609239
Gcnt2,0.028329930194321937
Slc12a5,0.00023129758180170197
Tgtp2,0.048170151150522755
Marchf1,0.0008083011282289285
Zfp119b,0.006523553762222633
Cacng8,0.0011719561679075995
Cxcl17,9.78053050381494e-05
Vmn2r110,0.00011921212283499337
Coro7,0.08723414287807549
Cd209b,3.664877270665738e-05
Card10,0.001959078548350163
Psg23,5.4204574611810266e-05
Cox15,0.017454677268620933
Rps28,1.587004782548707
Nid1,0.00015916792344824714
Myocd,7.993120677692472e-06
Pnn,0.19801680579989694
Cryba4,0.0034748845405615115
Sds,2.163460566337808e-05
Herc3,0.10350209437953775
Prep,0.04851364926261005
Crisp1,1.5852640606422794e-05
Ephx1,0.09633229346225958
Scara5,1.2668687715234066e-05
Daxx,0.09235338311448378
Pinx1,0.03580532380846948
Xpo4,0.03484180197304704
Gfpt1,0.0422452724838829
Map2,0.00846370561704332
Nfx1,0.10105134149036747
Cdh4,9.218748577561768e-05
Zbtb7b,0.0378928524238852
Bbs9,0.05143398390336711
Il1r1,0.012792277192144085
Trmu,0.017864996820052305
Rubcn,0.013302370662792377
Ajuba,0.00042966111941721734
Brf1,0.06555749448803937
Lhfpl5,0.00022307276945614915
Snap23,0.051455422641023874
Mocos,0.005359594134298695
Dcaf6,0.04717771688492641
Ophn1,0.00033627100443546113
Flnc,5.482486969043382e-05
Nrxn3,0.0003718391443866793
Zfp953,0.003992134681574142
Adipoq,0.00023739120875086237
Dennd6a,0.049634044619470005
Tiparp,0.06385489003037122
Zdhhc5,0.033743220773184014
Zfp420,0.008001270917303974
Adamts7,0.00018580155295780192
Zzef1,0.0892464072653792
Aoah,0.014787985836223523
Tpm4,0.2239326258645197
Frs2,0.06223862859458088
Acer2,0.005446179744536308
Ears2,0.020956111497596318
Tecrl,6.925845220451805e-06
Clip2,0.010884166722997883
Sh3bgrl,0.0765329678292851
Cst3,0.20106276078415497
Ugt1a1,8.705844843005666e-06
Msrb3,0.0022207721435411575
Gpr155,0.013067390677103602
Cks1b,0.03708942844506407
Dhx34,0.014799416075605247
Tshb,2.839694130235641e-05
Gtf2f1,0.10196977878583073
Sirpa,0.0006713494705464933
Slc37a3,0.04032526565203943
Smpd3,0.00012551231328019526
Cebpd,0.004682349569909356
Klhl14,0.00011837941899880703
Cd27,0.28566848127136035
Tmem273,0.01755303894301292
Mt3,0.006993798778587322
Cdkal1,0.0839553812803284
Cxcl14,8.781216136162222e-05
Stxbp4,0.007315744980672514
Mx2,0.007737205322267689
Dyrk1a,0.09742939937077962
Cd300c2,0.0006517566165639455
Mgmt,0.018882760111717054
Zfp967,0.001667107960849219
Ephb6,0.011068956820406447
Hsh2d,0.03887936766243653
Gfpt2,0.0009122845511717521
Hoxa3,7.796092638028579e-05
Klra6,0.01883219772117
Zfp608,0.0029453562015618238
Pitpnm1,0.06266061132289302
Cd200r2,0.04291879603743587
Trp53i11,0.0466044410495949
Mrpl1,0.03417205402611253
Nfix,0.011511387682738725
Masp2,0.0008328096438816921
Gnaq,0.029019656084512884
Hsf5,0.00028077578377105856
Fxyd4,0.001303869381721288
Dhcr24,0.021314359280953276
Zbtb2,0.02747176274052136
Ccdc83,3.87858340605189e-05
Morn3,0.0008014592160775485
Etv3,0.06131047708609408
Rbm45,0.045712414575130644
Otud4,0.07964036069714468
Prss47,3.15265691772446e-05
Map3k5,0.06359700843307475
Tex10,0.05808941156705506
Tmem116,0.0036248100722543306
Trim9,0.0001205145883672998
Zfp385c,0.00022093462693763147
Pik3ap1,0.03829717765868052
Sik1,0.07574772108288104
Zfp397,0.04541141673689843
mt-Nd2,0.5443564709708627
Pcbp3,0.011322993090656977
Cyp2j7,1.4957742275460512e-05
Smarcc2,0.11046111413029078
Cbarp,0.021973697854489452
Plscr4,0.003240505737407874
Dhdds,0.03343264446549463
Tbc1d14,0.04218231272494373
Hipk2,0.05345072295756661
Ror2,2.9516750299908435e-05
Fubp1,0.221502305934516
4930469K13Rik,0.029779483416537345
Gas7,0.01354909437669611
Spata6,0.07274593100207118
Pik3r1,0.22029800326726454
Arv1,0.019737694774806563
Rapsn,0.009879631779375873
Rapgef1,0.1190119211874426
Fntb,0.043299845206462836
Slc30a9,0.04807403925017599
Cfap77,0.0016602812196039635
Zc3h4,0.05562138198485139
Tmem150b,0.0004951885452709084
Supt7l,0.020274823981607185
Ubd,0.0001333510754675851
Kcnc1,0.009151889216329645
Ssh2,0.2787229126924314
Tecpr1,0.18145296378763862
Sphk2,0.03209781305630791
4930544G11Rik,1.6400040931748233e-06
Sell,0.29768916737718326
Mcm6,0.11255684405005138
Cadps2,0.0006850913599843903
Babam2,0.12626429712630313
Insyn2b,0.03758621787659649
Cwf19l1,0.01729289871700464
Ints1,0.037589950199225494
Fktn,0.009905599225017457
Tmbim7,0.0001880429717086571
Maskbp3,0.0036996584617801243
Bicdl1,0.04040013232091438
Foxl1,1.7517426755829035e-06
Tktl1,0.002874596078658078
Tmem68,0.02517299600886626
Tti2,0.022429733074538046
Ncbp3,0.05822662596358381
Arhgap10,0.06984609481833097
Scgb1a1,0.0005799978273884917
Elk4,0.1277327639063694
Timm8a2,0.0003040658273417651
Adnp2,0.017107980955322257
Igf2bp2,0.0031416802220684318
Havcr1,1.6621886552985608e-05
Golga3,0.05075859129209014
Ubtd1,0.008331194058533645
Dbr1,0.04203563951555087
Ccdc149,8.591059008296323e-05
Entpd1,0.03829152115914148
Tyrp1,3.3476221196075037e-06
Cstdc4,3.2621451602151276e-05
Mrtfb,0.03320908929115439
Xpot,0.026198213817214697
Deaf1,0.0337063471816899
Trip6,0.001694102351560253
Cast,0.21061938793137713
Pum1,0.1574347972547218
S1pr1,0.25854442059266014
Gkn2,1.0170789953475296e-05
Tomt,0.0026853653691370333
Tdpoz8,0.00021788143271732298
Psd,0.0013358440009244936
Capsl,0.0020798727808245135
Bmx,0.00010897623026269015
Lrrc8d,0.06251784057442081
Pank3,0.03175229438179936
Cdc42ep1,0.00037322992195465036
Rragb,0.014396660774504915
Nop2,0.04057863256748691
Fut9,8.266590436967783e-05
Cd40,0.000562348879871513
AI467606,0.19085306967816207
Usp35,0.003082602228335743
Iqcn,0.00039769546414347826
Gcc1,0.021368771214490635
Pir,0.00020630120408362138
Fcna,0.0005879587839594443
Zfyve27,0.03157278143632627
Zfp804a,3.0285834199818464e-05
Nr1d1,0.0067371215516915765
Fat3,0.00022330723187556883
Utp18,0.07424595322172342
Btg4,1.3607911953710263e-05
Relb,0.09907895350139945
Rsf1,0.14212989300945525
Clk2,0.08512837218608478
Cd300e,4.616632959619976e-05
Uspl1,0.05708584977162134
Ube2c,0.028337345072606417
Col4a6,3.80336321903062e-05
C9,1.4592837592930856e-05
Dhx16,0.06755476447613751
Whrn,0.007094313280132644
Tspoap1,0.002487575739371759
Sez6l2,0.0011104048722237452
Zc3h12b,0.00787611920166744
Nrbp2,0.0013397386689877153
Zfp810,0.018695109789223088
Mfsd10,0.10374336248815237
Pdzd8,0.06828891889614667
Ms4a1,0.0013899960235973648
Zfp534,3.365902756405603e-05
Nfasc,4.189794297871313e-05
Aco2,0.10797662677023027
Tceal3,0.002686514346139232
Gm45861,5.849714495668945e-05
Smad2,0.09298672954796117
Zfp629,0.0023229943623595956
S100a4,0.10023374555561115
Snhg11,1.0606815590990103e-05
Rxylt1,0.03391609418002588
Efna1,0.00010240136118754675
Dpysl3,0.0004696624538025483
Il17a,0.02574473476505354
Sipa1,0.15880970744715253
Prss50,0.0003628861766457995
Bmpr1a,0.004923702199382743
Sun1,0.03569198305340777
Agrp,0.0045951277244880035
Kbtbd12,2.341595420027852e-05
Stfa3,0.0005433332152347425
Zfp322a,0.04105144969321525
Tnfaip1,0.016718483687777744
Zfp597,0.03006611314471153
1700030K09Rik,0.006820256673934427
Mxd1,0.09018568285146737
Clcc1,0.04488063702342266
H4c14,0.019209366331191618
Tdrp,0.06385482855737898
Nacc1,0.04286113017058909
Csf2,0.006561088843646722
Lpar5,0.0141832736442878
Slc5a8,4.225529370460196e-05
Trabd2b,4.3484462912746925e-05
Pappa2,3.57234543808834e-05
Stat5b,0.20587360072141828
Traf5,0.09202873046679033
Gm26965,0.0011750660663723655
Serpina3g,0.05356709234927249
Rps4x,2.3175134819561714
Magi3,0.03033270168512909
Gm21969,0.00016509916783999254
Ehd1,0.09595348701598916
Gpr37l1,5.010336627122299e-06
Cyp2c40,0.0007854867303761071
Zfp607a,0.014350393627406385
Notch3,0.00037194231026938326
Ipo11,0.029179758657415827
Klk15,5.411605438299279e-05
Gzmn,2.0929944748611383e-05
Ralgapa1,0.09544258728576843
Sycp2l,7.65958262577456e-05
Invs,0.027289821418157254
Pygb,0.06808089468462528
Rhoj,0.00010371640383573355
Atp2b4,0.05202250786508122
Erich3,0.0002141615369840487
Rab3gap1,0.13577392957850798
Rnf125,0.1748255163622616
Boc,0.0002866929839344112
Amdhd1,0.0018737822265855624
Tpbg,0.00045807562845823826
Sart1,0.10259185824077864
Plekha1,0.04291959359397083
Lilra6,2.1724928924932585e-05
Vmn1r168,7.13357304424158e-06
Hmg20b,0.0649556566308292
Kpna7,0.00026453232853018883
Irf2,0.2441567289454334
Try10,3.0287922151280893e-05
Prrc2c,0.4813058216156044
Prl8a8,6.72466850435072e-06
Ifi44,0.001918266949090233
Slk,0.12242523727113888
Ipo8,0.04903864231414632
Pex12,0.012457731054986309
Rbbp9,0.007941414643488357
F2rl3,0.006461276454759301
Pdzd2,0.006357091143532764
Cyp4a12a,7.591196418819382e-06
Exoc4,0.1942743517987199
Cd276,6.595914639566454e-05
Rora,0.1406074182522718
Tmem213,4.8533518797201594e-05
Camta2,0.02832036617600773
Arhgef4,0.011313937311776013
Zrsr2,0.09894652451823387
Ltf,0.0012483722763029028
Flt3,0.0007423085780543865
Cyp1a1,9.758971259470578e-05
Scn11a,0.0002817650326176074
Sesn1,0.164250905561625
Zfp354c,0.00602163960823476
Ggt1,0.01591900382931154
Zscan2,0.022826901134405796
Dvl2,0.0297703308948017
Hsph1,0.12129952540392107
Zc3h12d,0.04702801849134518
Trmt1l,0.07063096146724816
Cry2,0.01630765085261567
Itgb3,0.0598156480060074
Iglon5,0.0001280355022412868
Ly86,0.0022398325759630344
Trim5,0.03658508945046833
Reg1,7.699443432420502e-05
Klhl26,0.018555840525448626
Arx,5.2448296509707815e-05
Serpinb5,0.0003806446015836716
Saa2,6.264726984408991e-06
Rimkla,0.0008837205733008888
Slc39a14,0.012733435566809623
Fam47e,1.037490282234876e-05
Uba7,0.06170633909294114
Acap3,0.016495538921825065
Chn1,0.001098812722267355
Zfp97,0.003994725112939052
Maff,0.02524388970095447
Sdcbp2,0.030906968555520196
Rrh,0.0001619451399051726
Appl1,0.10748496716562753
Iqcg,0.0024010475851715756
Evi5l,0.014794183054026615
Agfg1,0.2167133538108429
Cep83,0.04676519564492279
Tspyl2,0.03784422431708576
Kidins220,0.07895478142237239
Rassf6,0.0005650309151128088
Nsrp1,0.07057019405079494
Gm20538,0.0004808359909960319
Tfpi2,1.8722652813611753e-05
Slc6a5,1.075342030096675e-05
Jph3,2.7276370460150072e-05
Epb41l5,0.002031329751957014
Antxr2,0.058637574320665437
Adamts6,0.05283910557106216
Ccr2,0.0579648519318156
2310033P09Rik,0.09448980986789834
Ubox5,0.007441434201641
Osr2,0.00021647314641993297
Slc18b1,4.641268836247567e-05
Abcg2,0.009245095823287051
Il1rn,0.0006172520185518825
Zbtb25,0.07149273572853544
Morc2a,0.0252945760815534
Tnfsf4,0.0014184927135412325
Actr1a,0.10772821517911246
Lekr1,0.0020906952141031194
Scnn1b,8.676817896610765e-05
Ago4,0.0009284794296639033
Ubxn6,0.0945787220614385
Kcns3,5.364288699268631e-05
Cwc27,0.053454711788426215
Dnah11,0.0016800301874261687
Sgsh,0.020986213635190213
CK137956,5.491638046025328e-06
Plcb2,0.05150849495209922
Gm49711,0.0010257042232816717
Cd24a,0.00405215404404652
Exoc8,0.015266644256392637
Celf1,0.13315268857474358
Tnip3,0.003902051760210459
Slit2,4.470343473556208e-05
Spef1,0.000802657204213904
Mapk6,0.05451813442324111
Syvn1,0.03521272466159556
Snca,0.00016610501947998996
Wsb1,0.08390392022371969
Arhgef12,0.023573737245766627
Ms4a18,1.2625227534264239e-05
Ptprv,0.004930470409472032
AU018091,2.229344754398236e-06
Mphosph10,0.09172714704468017
Egfem1,5.4089286741914226e-05
Gcm1,9.229120964172468e-06
Gm2244,1.1180333149692647e-05
Wwp2,0.09323463482639059
Igf2,0.0002751469594003213
Rhbdd1,0.03187892768060879
Med23,0.025271980521838582
Slc16a7,0.0006773714060579795
Fmo5,0.013273369101838852
Lonp2,0.18599050850383145
Zfp968,0.00013034273830946115
Sycn,6.847320616156415e-05
Hpse2,0.0001650380652952284
Mpz,0.0003850107858125214
Abca9,6.656765268316377e-05
Ctsw,0.5393402318387145
Tll2,0.00011550693558429419
Slc8a3,1.596380740777403e-05
Pus3,0.027344117007570775
Slc23a4,0.00019933237703735892
Cep95,0.03768076366517516
Tecpr2,0.007620807843585309
Pawr,0.0037376470622541725
Pced1b,0.1923389525896519
Sh2d4b,0.003192327310311749
Nf2,0.04031254419376847
Sp3,0.13005700759374653
Adarb1,0.003271060883974025
Rab7b,0.00011328989695722923
B4galt1,0.14375366696411887
Tctn1,0.00512170723580506
Aacs,0.031106021272842364
Sema7a,0.0035685080404224715
F2rl2,0.008332318436448223
Gstp3,0.14153587066178808
Ro60,0.007749722796755101
Appbp2,0.06644017047792723
Ulbp1,0.01645139027562818
Pkia,0.00030343712489311385
Ptpn23,0.019270240850518257
Ugt1a6a,2.524464738262065e-05
Lima1,0.0018370287639431064
Pkdcc,0.0009369744868790526
Smarca2,0.16933475645654636
Bmpr2,0.011981646998552175
Vps16,0.06568928555473023
Apoe,0.009288545362228864
Adcy7,0.1455958622628875
Rnf169,0.05975773058679137
Asph,0.003016040201605457
Gm2004,1.858808231022413e-06
Ptma,1.448974408150063
Trp53bp1,0.04878878672939668
Samd9l,0.08709628132012882
Gpd2,0.05557686322327381
Enox2,0.04318505056390661
Disc1,0.00928517354727823
Tmem245,0.05301989296517232
Ercc6,0.030543934967333625
Rfx1,0.04136267643752691
Dgat1,0.09583654160951513
2310057M21Rik,0.02115572348711008
Pik3ip1,0.08845188220574784
Tmsb4x,2.788412074410284
Best2,3.205270781030541e-05
Pacsin2,0.044910533913198644
Eps8l1,0.013758442774739294
Dpy19l3,0.019857631289847726
Clpsl2,7.582767783067398e-06
Atxn2l,0.15035689413065212
Casp9,0.01052196564393509
Itih2,3.587690375875408e-05
Trpm7,0.11202748767558882
Fbxo39,0.00015526515163960156
Zfp148,0.14723408491231205
Hnmt,2.7899879299908982e-05
Rnf157,0.04301165187452008
Ager,0.001714636940442143
Slfn5,0.06825625064739416
Rnf31,0.042518802693102355
Dennd1a,0.11353914358412434
Ahnak,0.3041799837137325
Nap1l4,0.20080477182778708
Stk39,0.11674374885948395
Zkscan8,0.01258592050452019
Chd4,0.2520950434443287
Rcbtb2,0.10149361361157623
Zfp40,0.007598536447328884
Txk,0.23275858905723684
Rai14,0.002747967598128036
Mgat4d,3.7814287375915596e-06
Col3a1,6.230162361649071e-05
Aadacl2fm2,0.00042050652915934976
Nkd1,0.00017347174809014565
Siglec15,0.0001573627363771987
Ttc36,0.0005934679653630821
Spry2,0.016972605719464833
Prickle2,0.00015024017153872954
Cebpz,0.16525342647196453
Metap1,0.044938134132446066
Gp9,5.593932552135878e-05
Sfxn3,0.06555021940351106
Hmgcs1,0.05950942790741734
Sqor,0.009629927763256874
Enpp5,0.008931145531000533
Gm43552,0.000950840811127943
Prss53,3.547422683158426e-05
Sema3f,0.00014173646685467447
Spo11,0.00408677315067059
Lasp1,0.1232951517521986
Dhrs3,0.007882493947237688
Kbtbd11,0.1461010276422756
Ccny,0.128668751189979
Mta1,0.08488004965412893
Ing1,0.10228209397182023
Llgl2,0.018446638158933572
Prkcb,0.1760942368480662
Gon4l,0.04738255298023396
Klhl22,0.016077682546495435
Chst11,0.0361656806549926
Prps2,0.07204777950635517
Bbs2,0.009275364250228145
Robo4,4.086602745517943e-06
Ccr4,0.02020535182353845
Zfp146,0.048154247206235304
Ahcyl2,0.09451425521591512
Cdc20b,0.0037299891714437715
Clip1,0.10474758050370071
Vps54,0.083382020833046
Cep128,0.02316094822260976
St6galnac5,0.0044714640298569915
Hoxa7,0.0009369982945610182
Ccdc122,0.0018550985316595104
Surf6,0.034132197711755505
Adcy6,0.008976006158874833
Ctla4,0.15284709587324255
Slc22a16,2.326476843934048e-05
Dock6,0.00244383454438428
Zeb2,0.041695526415575376
Atcay,0.004251815781456759
Lrrc71,0.0016484684528402303
Atp6v1g3,0.001296860311160253
Orai2,0.0964740830735163
Gprc5b,0.004650765935360909
Pomt1,0.006540722853738108
I830077J02Rik,0.0003116101778943085
Ank3,0.001230502447939909
Flii,0.12823121902772408
Rab4a,0.017115284431397804
Septin8,0.005931092464079779
Robo1,0.0003420064412608088
Ampd1,0.01063003870186577
Odf2l,0.008755103265905182
H1f4,0.16400812075866725
Erc1,0.02423295261523479
Med17,0.058070147658604056
Dcun1d4,0.012372623206388893
Gm12185,0.059100025826170265
Arfgef1,0.08663014879845757
Psmd1,0.07940240465948017
Manba,0.03113867016852632
Thbd,0.0005005140338516186
Inhbc,2.3202985953556665e-05
Ceacam12,1.6360927209705166e-05
Wnt8b,5.928957484968901e-05
Gnl3,0.0703131196098321
Iigp1,0.032991286682992525
Ifi207,0.00047532949429412796
Gm44790,0.0005112818195256232
Rdh12,0.008664187969933153
Spock2,0.012640162456599246
Csrnp2,0.004345497781196359
Ccdc188,3.926575287736806e-06
Wipf2,0.039775216326606966
Mylk3,6.421654208111925e-05
Havcr2,0.015291067085864984
Sycp3,0.0003135066545225133
Rtn4ip1,0.011681532790539398
Ltbp2,3.8322226144931317e-05
Cd200r1,0.057582991828447457
Dchs2,4.1597336282368104e-05
Specc1,0.005518891668041149
Pold1,0.025844888871307613
Zfp933,0.013510671267313146
Rara,0.09451256305267644
Agap3,0.024970646313973936
Tatdn2,0.05526514387261152
Ccl25,0.02364144131102294
Ttll12,0.0240706708230511
Banf2,5.71519775565614e-06
Xrra1,0.001285541892303448
Sbk2,0.0016264491025122071
Gmcl1,0.057655150570646595
Lgals2,0.00046643736085965026
Rcan3,0.028461126480633387
Cacna1b,0.0003211066354378669
Dock7,0.0006799512302043744
Nkain3,7.550775903485993e-05
Traf6,0.06537955436410976
Plxnb1,0.0017858165165808237
Ptger1,0.005955224583343646
Slc46a3,0.015192941518486217
Mtmr7,0.006542268297054501
Gabra4,5.787892472355741e-06
Marf1,0.06634514065912964
Clec4b1,0.00011414523630809263
Kctd9,0.014888782418118834
Bmi1,0.0281830283320934
Slc22a21,0.0011120545191872105
Supt3,0.05402874034365062
Plxnc1,0.024655529428547252
Foxp3,0.05127878593340724
Gtpbp1,0.06593939218615232
Stau2,0.0022500752041837674
Med27,0.05651587042989736
Gapdhs,0.0012211562646171513
Adgre1,0.00029197132833767045
Lypd1,0.00012577237535010426
Unk,0.022626125038057412
Draxin,0.0005976706969892866
Ints9,0.03838004523813058
Sart3,0.0651777722484321
Tmem67,0.003660982026861955
Mroh6,5.813798196039613e-05
Lrrc55,5.6734369314418065e-06
Alkal2,9.92199431537443e-05
Coch,0.0013831920567155258
Asic5,2.5058025336888854e-05
Hipk4,9.302606312386154e-05
F7,1.97426497517647e-05
Pbxip1,0.1097275872130543
Medag,4.21412116080545e-05
Eftud2,0.09584987158545394
Mtmr11,0.0005221593326158142
Gm2237,0.0047403286373518825
Angptl2,0.006562222959991215
Zbtb49,0.009911873754611548
Phactr2,0.04695699762083499
Fgf15,2.0300248472253425e-05
Lpcat4,0.07907871945716108
Setd4,0.041721806998745066
Glul,0.08221422222493836
Tab2,0.1151339230534886
Zfp287,0.02963639077276001
Fmr1nb,0.0002558847785020275
Birc2,0.09128071972942423
Gm3055,0.0016289325325294242
Gsg1l,5.6522576984361756e-05
Flrt1,0.00012286179383819496
Cpox,0.03873246731069815
Zfp503,0.00010128203320900626
Fry,0.0504565581566976
Leng8,0.07782536815979545
Mllt10,0.14957778305372535
Slc44a1,0.013449235682745945
Letm2,0.04397447536677447
Pde1b,0.004668945753228236
Hs6st1,0.022326479167278198
Nfkbid,0.10543811690723028
Tm4sf1,0.00010506585878931859
Man1b1,0.034177181381937774
Pdgfrb,0.0004532155488113768
Ppp1r15a,0.21932697401006285
Nsd2,0.04494132072329517
Gm29394,0.002689080355154222
Sla,0.18147645002630702
Cgn,6.495883544854189e-05
Tarm1,0.00011598323441348945
Slc22a2,0.0010543213845695667
Serac1,0.0048085619428939975
Rpl30,1.9643864778080378
Pacs1,0.11910094730349208
Txndc5,0.06487243163144985
Zbtb32,0.00825667616671724
Prg4,0.003850717122552924
Celf6,2.3551742696067236e-05
Rbms3,0.0017230910908659985
Usp19,0.0838967843482681
Ppwd1,0.03881205593481128
Ipo5,0.06627917220422486
Cfhr1,1.0118739507028974e-05
Btbd7,0.09028407830792327
Cacna2d3,9.522729762737076e-05
Hipk3,0.05461428074720976
Cln3,0.05925011939534843
Arhgap6,0.0013848237046125858
Col7a1,0.00040800562310732254
Zkscan3,0.044013496191197606
Qtrt2,0.011634041966985944
Zfp746,0.04824255692412613
Rgs4,1.4653036331627355e-05
Hmox1,0.008373646654683
Fcho2,0.07782881157711793
Klf7,0.068775763530211
Fam83c,1.578760101641572e-05
Tsc2,0.02689387297529642
Tgs1,0.09006567235397528
Armh3,0.02501084791007905
Zmiz1,0.11870677603113952
Colgalt1,0.05906490913510727
Ston2,0.004929077966330034
Sfxn5,0.0017494304942660228
Mdfic,0.060027352287658126
Prmt9,0.04102752197523564
Gpx3,0.0016581377177583483
Rngtt,0.1252501432467817
Cluap1,0.034033181542351125
Tbx3,4.509101189825049e-05
Cplane1,0.04738498634943676
Nop56,0.11874797674363399
Gdi1,0.11295305501121632
Scfd2,0.060194883575702615
Mfsd6,0.07730406737371344
Angpt1,0.000506523416366166
Marco,0.00010567734027519929
Rnf20,0.09984992860235167
Dag1,0.021787440859180218
Plekha7,0.013813453207830456
Slc35b3,0.07448323188144872
Susd2,0.0073021606127934985
Fhdc1,0.000700570278048603
Slc4a5,0.00034192209232226435
Zfp961,0.019999300714231425
Tmem176a,0.04713807827008835
Lgals1,0.634662657152055
A630095N17Rik,0.00033795996907362704
Plppr3,0.002605513649285566
Jaml,0.10732771553083202
Adhfe1,0.0004904649764356572
Cyth1,0.21263680564304704
Capn15,0.03256248616301649
Dhx33,0.015274649045489662
Ppargc1b,0.028657598559659513
Rbm20,0.0014470271468298183
Stard7,0.04420054200001475
Lypd2,4.068650288756256e-06
Pde4b,0.23329114538794166
Nomo1,0.024880431128865968
Fn1,0.000652764203860731
1700017B05Rik,0.03154109288993079
Slco2b1,0.00041880197113998305
Poglut1,0.0231561049047654
Tmc4,0.0030087226082044873
Wipi2,0.047103894502264314
Plcxd1,0.0033371102307224545
Fstl1,0.0006139859916111494
Ptcd3,0.04106681448163745
Ankrd35,0.0006507660478733801
Stac3,0.0008748119518284585
Ren1,2.2960875364806163e-06
Polr3gl,0.049501450643863645
Gramd1b,0.13466485257564734
Erc2,0.00011562319343495242
Slc4a7,0.060619455515987526
Ltv1,0.053898308438073105
Kctd20,0.040836555440237586
Mettl4,0.024826216979104226
Pwwp3b,4.442342783499609e-05
Zfp995,0.020690117683057483
Cabyr,0.002306152616230659
Ccng2,0.061780239711951616
Chrm3,0.004845551571106471
Ptpn3,0.008057888301650036
Agap1,0.004029742166846981
Fbxo30,0.012906675777564627
Uggt1,0.08932841501810992
Nt5c2,0.043967143890833726
Inpp5e,0.0165341884755762
Kcnj8,0.015105095258543056
Il15,0.0029230300892662984
Dynap,2.7319264320399615e-06
Slc2a9,0.027810491233491875
Nr4a1,0.18696680524314593
Zfp704,0.0015309038234858031
Pibf1,0.05625208872491845
Itpkb,0.22023174122610395
Slc16a6,0.05243987917205614
Vipr2,0.004616484066129636
Plekhg6,0.00034803538315125124
Angel1,0.006184431451452788
Cwc25,0.06775130135980995
Brd3,0.05162844923780254
Evi5,0.004878527592922024
Riox2,0.07720228459981314
Ncor2,0.09479436984870715
Pmpca,0.051875849078142154
Kcnh2,0.0030958854683465664
Tgfbi,0.0007101220527969285
Ldhc,0.00011949227383274265
Rpl37,1.9973987281886902
Stk4,0.464494034732111
Cpn2,1.5268498579412913e-06
Naaladl2,0.0003555562191322942
4833439L19Rik,0.04613102455138056
Hnrnpu,0.5316909569755682
Mib1,0.03735097209985828
Cyp2c39,9.677439291554468e-06
Surf2,0.05940278616976579
Gpr158,9.0622989589807e-05
Efhc1,0.0003820916102693264
Serpinh1,0.00010868005383856422
Igdcc4,0.00021170730938987155
Wnt2,6.707394780764587e-05
Izumo1r,0.15476622254312322
Chil4,3.6629908038633156e-06
Zdhhc23,0.009460914971978887
Smurf1,0.04185242436771468
Chrm2,2.8546658594119996e-05
Gria3,0.006169019425935278
Insig1,0.04650770446740467
Ctsg,0.0003161306503769881
Pim1,0.314278870721948
Cdx4,8.733918450527055e-06
Tpd52l1,0.00023223244008502584
Gm26920,0.0001554277755709859
Xylt1,0.04353858264781673
Ebf4,4.794001494406304e-05
Arhgap15,0.7879705342458048
Gm28053,0.05209205893766721
Eif4g1,0.20861543581465905
Cpt2,0.013377782646652249
Lmntd1,0.0004574665583781293
Ndn,1.4589613384051563e-05
Gpr37,6.814112683524936e-06
Loxhd1,0.0001186446522069358
Slc17a9,0.07813138061716662
Fermt2,0.006608739499458765
Dnajb4,0.02607848353833521
Ift122,0.0018696209547670636
Irf6,0.006094168414314684
Parvb,0.0001297750647482507
Smarcd1,0.05924515424226711
Cacna1f,0.00018946136995610173
Cdh23,0.016401465514994735
Acte1,7.557054086047082e-06
2700097O09Rik,0.01857660041304248
Nfatc4,4.764330926180702e-06
Mocs2,0.047708335232448065
Ggact,0.03638238781394674
Erich2,4.7796822529372156e-05
Tmprss6,0.00634131904294524
Fem1al,4.3840116258879734e-05
Rhox2a,2.0531009366131094e-06
Uhrf2,0.11879938641641666
Baz2a,0.11410073673810105
Efhd1,2.797164311380559e-05
Bud13,0.040624381173345096
B3gnt3,0.003347384394498739
Ccser1,0.0003844863815067959
Plekhg1,0.0013420299057508977
Focad,0.035429516344540564
Efemp1,1.642983627203321e-05
Strn4,0.04743034584382422
Lingo2,0.00011651414467719693
Ccm2,0.21142485517794546
Dusp1,0.29294748287361483
Exosc10,0.0868055591435917
Tdrd5,0.00024091240335468526
Cdc42bpg,0.0030205174374032546
Cxxc4,7.1169001675277226e-06
Tent5c,0.0973582055973627
Ptpre,0.07442305176353811
Stx2,0.016881083373730968
Tnpo2,0.022332659788275606
Rasl11b,0.01735182904113028
Dlgap4,0.0678595853323231
Tex101,5.794813747468463e-06
Ythdc2,0.03666607031954164
Dhh,8.417254269431907e-05
Lysmd1,0.00995902498705638
Ptn,2.450892153093681e-05
Emsy,0.06924567309362865
Cep104,0.017657872003894806
Pinlyp,9.524881991860683e-06
Hmcn1,0.00019345524431268422
Myoz2,4.738335330491816e-06
Acadvl,0.07136179052357253
Scg3,0.00011445578548393143
Gab1,9.787131153608546e-05
Wdr38,0.0054392357605706435
Abhd15,0.012720899281261206
Grk4,0.017836251709117026
Vps26a,0.0452160338539404
Stk33,2.2099966133384262e-05
Tmtc4,0.019454272262670436
Scyl2,0.05017533673897703
Rbm41,0.026957041764997584
Zfp882,0.007806289174534093
Ccdc73,0.007721219718900136
Trmt13,0.033796782633852294
Wdr13,0.013408464240721679
Amt,0.0002708541794075097
Prrc2a,0.1704823379152323
Trim12c,0.08835022387192785
Setd3,0.0958885136608528
Csnk2a1,0.0707589859833204
Rab33b,0.024487443684327575
Rbm22,0.08760759131864167
Chp1,0.09408136561657308
Gm20661,0.0011141489724066608
F830016B08Rik,0.0015536388398061337
Tspan8,7.352778231269678e-05
Baz1b,0.120475702640369
Twf1,0.036975738311556504
Fancf,0.019710890661553668
P4ha1,0.06460569661795718
Unkl,0.034397283819739985
Ube2l6,0.01651790320823353
Erlin1,0.007736508667010138
Pex5,0.03615688137787489
Pabpc4,0.03802591187803608
Psg29,2.339964832217424e-06
Zfp157,0.023006874568611647
Lrp5,0.004497481042416115
Grm6,0.0008657802013702074
Pop1,0.015410449864355864
Tex48,1.8774049543522524e-05
Micu2,0.10366801255304658
Atr,0.042743729637160534
Mob3c,0.02272327878947498
Tiam1,0.029636041342735262
Slfn3,0.005824748001068407
Pde6h,0.01458340341382427
Rbm15,0.029217755775693664
Atrip,0.029643848002594522
Etfbl,0.00013631233155419833
Col5a2,2.9875687900596977e-05
Pla2g4a,0.0005975672304032275
Smarca4,0.12947971807782563
Hc,0.00027904797440759307
Pam,0.026714153679082905
Sqle,0.019759198722050605
Lbx2,0.00012634917437573897
Lrrk2,0.002251819487296218
Apol11b,7.214700833845826e-05
Pck2,0.018561432336251328
Gm3512,0.0009888381236434643
Has3,0.0017867883874932318
Sema3a,5.455912456322256e-05
Gm20458,0.0008414682139706045
Csn2,0.0007512836221327026
Tmem168,0.03469520744556333
Gm7247,0.0008894737285568667
Scml2,0.00025072530703747545
Man1a,0.1573526286923992
Msx2,3.3443311272666454e-05
Slu7,0.08649907524613025
Wdr11,0.023596943664304267
Klhl6,0.16337951145502733
Mt2,0.0048026021740595675
Egr3,0.0075030387774095595
Urb2,0.00841809236609876
Cpxcr1,1.7961972004392654e-06
Ppp1r15b,0.08483232405949478
Cdc42se1,0.3080960131926459
Gbp7,0.1068675119771022
Lypd8,0.00024059062694919717
Msr1,0.000127629382210473
Mmp12,0.0001762934200776269
Ptcd1,0.018568842345869974
Trim24,0.05621865522298316
Klrh1,0.02052222665139648
Smc1a,0.21291061172096223
Src,0.004743458884650002
Arcn1,0.0975986288212993
Slc9b2,0.00291139167692649
Nphp3,0.004197207728200287
Zfp990,0.0005297944598204988
Eml5,0.03744609604291313
Mttp,0.006002956374223302
Ralyl,0.00257678926273282
Rnf152,0.0005036129224946015
BC028528,0.00029734254918535943
Pcolce,0.0003185795660979521
Ppp2r5e,0.08781678090855825
Rph3al,0.01894304557574973
Metrnl,0.025739781147850565
Rsad1,0.0059918226752426204
Igsf21,2.784506314196037e-05
Itprid2,0.021188273188152737
Cadps,6.406119105387698e-05
D5Ertd579e,0.0655531616056263
Trim35,0.06521093309494853
Dip2b,0.1872648482242344
Trim30a,0.1251374386736771
Erich1,0.04856582064332151
Mmaa,0.011840473398844177
Retnla,0.0006118179383369654
Zfp879,0.00040044460942517153
Serpina11,1.0008178356545817e-05
Acot9,0.043024359830433095
Kif2a,0.0877266264310257
Sfswap,0.07078274517514323
Plce1,0.002394551949537863
Wbp1l,0.0570100007614268
Alkbh5,0.09488736244289774
Cldn6,5.774298387085028e-06
Cyp7b1,3.1460651626426226e-05
Slc44a2,0.18069766378809507
Nol4,4.199920774668596e-05
Srek1ip1,0.037124457347662225
Ell2,0.04277420962368627
Hmcn2,0.0007978968206741681
Gm3383,4.44930394470239e-05
Gzmm,0.017736950547381676
Zfp553,0.02236421969755972
Lrig2,0.029794582295795784
Nprl3,0.03439667151840762
Lrrc61,0.02326613970362729
Gm5796,2.743192577908907e-05
Diaph1,0.19135352118576493
Ccl6,0.0019651270489783553
Htra3,0.0036895200767867145
Mdm2,0.08420763337307136
Zbtb4,0.031293060348165605
Jcad,0.001049735821797836
Asap3,0.00020749649728651944
Rapgef6,0.5687149156720155
Jdp2,0.015977211769849325
Pou2f2,0.06192577300930979
Pdk2,0.013102722471626936
Abcg3,0.036509780731896174
Mrm1,0.029828816169936382
Setd7,0.06526799356494838
Vamp1,0.048702681513628325
Rarg,0.03489957917490518
Cyp17a1,0.00016444147280922773
Myo1d,0.0029722568651305583
Rgs20,0.00036429966183898656
Nxf2,0.0002133764068280004
Hsf2,0.013043361719430473
Adal,0.016364412649855692
Large1,0.008570333419712107
Hk2,0.014814779491758932
Myod1,0.00029870942970864234
Tc2n,0.0001120474575222901
Ppp1r37,0.03424514427557088
Spata21,0.00021006215170815177
Epas1,0.015773378342728885
Map3k4,0.049893763391489085
Frk,3.218768308976227e-05
Ttf2,0.01839616735385732
Cmya5,0.002743334413054785
Matk,0.049480808925421754
Thoc1,0.0718536859400365
Tesk2,0.01301902807618388
Dipk1c,0.00016317677185064076
Lemd3,0.03896536670408977
Sntb2,0.06858104936869944
Bpifa2,3.194688761634966e-05
Hps5,0.027968538135944358
Dnajb12,0.04295441085536823
Spata9,3.987203155537333e-05
Grb7,0.00827796485001428
Csn1s2a,0.0005454149888319668
Ankrd33b,0.0004954406520509348
Rabep2,0.046130714449207265
Nfxl1,0.007831587163951227
Ermp1,0.03448451682030171
Hdac8,0.07610253527906785
Pgm3,0.018947632553478685
Mtmr1,0.048282099270153075
Topaz1,4.199049310824954e-06
Ntng2,0.009335129588298362
Tmem63a,0.02785919954747963
Tnfaip8,0.21343889271483898
Rps18-ps6,0.04036328161804171
Tmem37,0.01198190480335638
Mgat4e,1.6877659479518488e-05
Etv5,0.004534115174521564
Fads3,0.0014212955465183817
Tpx2,0.014221824615906523
Adgrg1,0.00791787263597644
Gbp2,0.09258706268546188
Tenm2,7.016702848609504e-05
Ildr1,0.010408722819857967
H2ac20,0.025895993178479137
Gm1043,0.011739398718379424
Gadd45b,0.14820444328051266
Ttll6,0.00012986107249399371
Prima1,5.113346288621773e-06
Kctd1,0.006581922542121575
Luc7l2,0.33322212395243817
Ranbp10,0.07067501314244524
Ncoa1,0.08718420409665324
Esco1,0.12334030056879021
Disp1,0.026398127525459624
Cxadr,0.0033231120660613804
Cd70,0.0008163326318950084
Sec14l5,3.1522880701087684e-06
Ism2,0.00011892328781133183
Dcp1b,0.03704205899681572
Defa5,3.8145944278387655e-05
Ptpn9,0.03291774618231011
Mknk1,0.04227108421726429
Osbpl9,0.1554314271745235
Pip5k1b,0.030518781121790045
Map3k3,0.07364455420365534
Sgpl1,0.03507445732142471
Tap1,0.2166242611033291
Zfp11,0.003140862868644828
Stkld1,0.00054603354211464
Neurod1,6.646253667498049e-06
Tnik,0.22768502546332892
Nadsyn1,0.011562322654920118
Nek6,0.009274317083731599
Zfp612,0.0012743505246606145
Fam168a,0.06078444790602501
Zcwpw2,0.0015779374156749226
Nsun2,0.11179718669318309
Pcdhga6,6.135263152385231e-05
Cd7,0.5595129345062143
Gzf1,0.01676916621374267
Zc3h7a,0.37178120109470536
Cd274,0.07382467129148426
Gpr141b,1.5719098831241307e-05
Pi4ka,0.07855302822932413
Dido1,0.09374699050779707
1600012H06Rik,0.022654594585861387
Pcdhgb8,5.2772079451826996e-05
Cttn,0.0010779900183380845
Gm10283,8.19633078877553e-06
Tmprss11e,0.00011568270780527378
Ehmt2,0.07583036891424444
Pcdhgb2,0.00012047862698347011
Zscan10,0.0006126263991076595
Jup,0.00547926218724614
Vsig1,7.764105299559708e-06
Tafa1,5.9588141615164256e-05
Mapk1,0.22033278768393588
Slc22a4,0.0005560453236174901
Il21r,0.2822926816408958
Chst1,2.2125433373292702e-05
Kcng4,3.3972355439781034e-06
Cyp4v3,0.01804637313820164
Atpaf1,0.035551167864401094
Mthfs,0.03326514596951928
Art2b,0.05861901907145009
Plekhg2,0.0543274406791245
Ablim3,0.0034433664034494733
R3hdm1,0.11816666154475382
Unc80,0.00020151146405237617
Trim69,0.001588873077935662
Zfp652,0.11671091093051511
Dnah14,0.0006159362313211037
Trappc13,0.018253550325763597
Angel2,0.07599809932345149
Slc30a5,0.049791829984781655
Zfp46,0.00939573841693855
Scrn3,0.010690332078790762
Secisbp2l,0.07854416268480556
Fam227b,0.0006384312488884793
Nsun6,0.038115558377574736
Flrt2,0.0002850955778395493
Cnst,0.04773622499573902
Sh3d19,0.0048046760192950394
Mapkapk2,0.08949803554683242
Zmym2,0.06904577415768974
Slc35f2,0.013999784114833802
2510009E07Rik,0.004719370834907523
Lrfn2,2.5953878528992373e-05
Proser1,0.026060280539835397
Septin12,5.7621585543528145e-06
Hcn1,3.5350906421191535e-05
Ly96,0.00670619791672836
Ppp3cb,0.10190408731306995
Med15,0.08748607871172609
Atp6v1b1,2.8772228345325485e-05
Cd81,0.03882008446322899
Clpx,0.0521319677022115
Tmem89,2.4347616518148557e-05
Snta1,0.0002774535585562409
Nexmif,4.19350729610977e-05
Phactr3,0.00016261733783677564
Neu2,2.0729709799644958e-05
Ceacam13,1.0668529594822742e-05
Mbd3l1,5.5071568185856515e-06
Ostm1,0.05262717770270642
Isx,1.1725530011543096e-05
Slc35e4,0.0021791093914754717
Pwwp2a,0.04014385999728569
Zfp697,8.712810692430101e-05
Donson,0.06335155873097426
Csrnp3,8.532873871365334e-05
Galnt7,0.07359264077786615
Zswim4,0.013620815796597106
Borcs5,0.03906831964178841
Gapvd1,0.09122012054319698
Usp24,0.12772132978967915
Arhgap36,4.644753069816815e-05
Lrp12,0.005696918605181986
Gzmg,0.00042015223321972443
Il17re,0.006051954452946235
Pnrc1,0.7462375857713398
Mmp21,3.1662256462385965e-05
Gatc,0.011404380619145034
Gga2,0.009385389083317871
Glb1l3,1.0653588813823834e-05
Tlx2,3.5853019300888555e-05
Armcx2,0.007371863545120898
6430550D23Rik,0.0060147247971612215
S1pr2,0.010593540006970903
Acod1,0.002531991474561738
Dennd4b,0.031710762136373236
Rp2,0.014335276501153812
Zcchc12,0.001475876291851517
Ctf1,2.3904600209059974e-05
Amh,0.00033415641303127585
Gmeb2,0.037882336081966714
L3mbtl4,0.00012345498145920395
Pde6b,0.0010710213959301028
Dmd,0.0008434972103861635
Ctif,0.006855921506796876
Sh2d4a,0.00012542180730747759
Gm42957,6.274871425258286e-05
Klhdc1,0.0759814208669384
Kmt2b,0.06920813429426591
Cep131,0.004222653092937429
Slc2a13,0.0004126959793760561
Nab2,0.05263957748485578
Ccl9,0.0008496347820317993
Sec24b,0.0873245031780177
Trim62,0.009920038949783631
Cthrc1,2.7428705808142074e-05
4931429L15Rik,1.1608322553993131e-05
Mbd6,0.02464539905124809
Elmo3,0.004922427518993403
Zmynd8,0.10095252378671109
Oas1b,0.013651327301997026
Kcnmb4,0.029947842201064508
Mmp27,2.4295310808168313e-05
Akr1c19,5.440733928270441e-05
Ep300,0.11891217931395791
Sh2b1,0.06430604460729593
Fbxl13,0.00017750761420688027
Ranbp2,0.13430119634027304
Klhl29,0.00016263001551542158
Cfap100,0.00014652291423466714
Rbfox3,0.0001660399310240265
Dtd1,0.08086287314145721
Tpp2,0.19426642977268704
Dnah7b,0.00014469203992723703
Gatad2b,0.10652995903910402
Plod3,0.009401499667685673
Nfkbia,0.5145270074429671
Gigyf2,0.08037987052301743
Cnot3,0.05735161859748167
S1pr5,0.017667871478144533
Alkbh1,0.07881467336361074
Rnf214,0.040915505045564626
Prkar2b,0.004761411172859292
Retsat,0.00344675624072093
Lgals4,0.0040006453448503
Zc3h12c,0.001878976573436943
Klhl32,0.00023973534617997315
Pcdh7,0.0009951238116140033
Dtx3,0.06921914470431258
Pcdh19,3.7330199631084257e-05
Mboat1,0.04015488673609347
Glra3,3.5149722358398376e-05
Emp1,0.018759072859901627
1700024G13Rik,3.0766469398874525e-06
Gbp8,0.09995449591456114
Antxr1,0.00038665865812552674
Klra3,0.010586713537495475
Lrpprc,0.05503032256482196
Plat,0.001062435305673389
Serpinb6c,0.00015548862985045796
Tgfbr3,0.07121533572275277
Dhx57,0.036104543083477283
Foxn3,0.36208676428643344
Irx5,2.925063516504872e-05
Fam185a,0.01618884524171691
Corin,0.0004007993581533159
Cyp2d10,3.894088812165735e-06
Tnpo3,0.06923966595369585
Hyls1,0.01772951175131054
Nsmce2,0.11026608904248367
Ptch2,6.161108675501488e-05
Slc22a15,0.02346748529800735
St3gal3,0.029965012490021398
Kdm6b,0.09029574200310267
Gjb5,1.626797252845964e-05
Phf13,0.015980575166473478
Ccdc148,0.003999182506198701
Atp1b3,0.5319206838603104
Tmcc3,0.018328886249201568
Rgs1,0.435998345422072
Cyp2t4,0.00010031430206653127
H4c11,0.001908666459765798
Catip,6.180061930429761e-05
Mybpc2,3.372509759421346e-05
Bcl2a1b,0.07878137051201985
Gm49337,0.00015319955308924082
Vegfc,0.00031625779701936903
Uba3,0.031054164765944522
Rtel1,0.017695233503664334
Myo15b,0.00014999286170320575
Eif2ak1,0.058022695936699724
Zfp324,0.00522099841111276
Selenom,0.021011655469720118
P2rx1,0.00036508286870023607
Tm4sf4,6.171339293978211e-05
Igfbp4,0.30371150726823704
Ncoa5,0.04061578844095073
Slc7a5,0.03816603664394436
Gm35315,0.00316070600233383
Perm1,0.0005837072623573789
Ap2a2,0.0447967375992947
Cntrl,0.16762724384355432
Gpx1,0.39617167490687316
Igsf6,0.0006903848800497521
Tent5b,3.77774465141761e-05
Itga8,4.771808994001291e-05
Tmem43,0.04463887677071247
Gm17728,2.1902175465163603e-05
Rufy4,0.00020323209968520938
Nrip3,0.002383806917656649
Fyn,0.4134454169590543
Crebrf,0.11133478969326069
Hus1,0.011956747428033956
Man2b2,0.03551966269196996
Smyd4,0.026388808115461085
Htatsf1,0.08835395193903677
Tafa3,0.002242381665124209
Brcc3,0.05705891566132396
a,0.009284788961953488
Arl15,0.13253016889888702
Noc2l,0.11198552979307226
Foxk1,0.078560286565761
Lzts1,0.00725687680684204
Acot5,3.5780149344812854e-06
Rassf5,0.1724384275711715
Ripor1,0.036522842315151585
Tecta,0.00013777812813228486
Fv1,0.004422041087669276
Spns1,0.041312033769191556
Peak1,0.1296609795573177
Spg7,0.05084143631721423
Rftn1,0.12907840582507152
Polr3d,0.032078921291117966
Lars2,1.0727836278023664
Phf2,0.05994869724194072
Ulk2,0.054137367136264415
Paf1,0.08518030947274492
D630039A03Rik,0.0018867460138378871
Gspt2,0.00019474406016586015
Polh,0.018624245995262436
Serinc4,0.0016589170050520248
Snx16,0.01511262486937389
Slc9a7,0.026170723913185884
Atg10,0.050784498573984004
Samhd1,0.3535322279113236
Ncapd3,0.07552320977589902
Ctsb,0.24566504996739616
Vat1l,0.0001719159318082431
Podnl1,0.03068943881090722
Msh2,0.06039344713209864
Cnot10,0.06362993151056934
Gm2a,0.10410716350515457
Nalcn,4.026263065151381e-05
Cmtr1,0.01734440151774212
C7,1.482613297405642e-05
Gltp,0.25409566508210035
Lypd6b,0.0284883149815429
Ifi206,0.1186978700089963
Raver2,0.013686967016872428
Mapre3,0.01655059122460579
Inpp5f,0.036985298809792407
Dcst1,0.0004808919132903833
Lef1,0.5657883939329592
Sufu,0.03719039399887513
Tmem121b,0.000519659036695066
Tsc22d2,0.05770582104306753
Cdc23,0.041922842200508376
Cbfa2t2,0.04174205900991722
Tshz1,0.04886594655345754
Tert,0.0031699839761097828
Gm9918,0.0001214743135370504
Cybrd1,0.0005115986575773027
Timd4,0.00010919995408254162
Myh3,0.00024637275208163375
Zfp1,0.05815312088440697
Gper1,1.9344037115202482e-05
Kif26b,0.00011007603834865647
Angptl1,0.00037643162098881906
Zim1,3.2708768588460025e-06
Lipo3,0.009832974636356746
Coq10b,0.1030901761160711
Ms4a2,3.0308629286667075e-05
Ccl7,0.0002630238483598306
Odaph,4.712817355931373e-05
Palmd,6.01582719534264e-05
Grin3b,0.00015479078090844644
Tbc1d19,0.004548327841815475
Dusp5,0.1833881784969917
Syndig1,4.356589987559078e-05
Synb,5.711335499589013e-06
Rbks,0.029654021385722082
Art4,0.005914658427788459
Gfap,4.544547890822422e-05
Alpk3,0.000722042801340912
Plekhg5,0.005019565864119747
Cd80,0.005896478454359604
Pik3r2,0.008136642784366236
Platr25,0.01598736325007317
Xpc,0.039436053706991867
Atp6v0a1,0.0034579276070169436
Trim36,0.017917477128110114
Sptlc2,0.08982360646773008
Ccnb3,8.361260292808627e-06
Tbl1x,0.1262705397220289
Tnfrsf22,0.012896676092545184
Samd10,0.02421096675444671
Usp37,0.05175414394663828
Rnf144a,0.03882492066644597
Cd101,0.035550491241441044
Rimbp2,0.0003254597522495728
Rhox5,7.381026191067045e-05
Mfap5,4.349262919220543e-05
Ctsc,0.16179867153196048
Tubgcp5,0.03287352451549072
Arr3,2.7756878948110587e-05
Rln3,0.024209905420321233
Jrkl,0.005310108167477044
Dnajc16,0.013679879722914711
Zfp185,0.00016918471120017944
Rdh10,0.006440423212186056
Kcne2,1.488709972915248e-06
Arhgef18,0.2179535150010053
Maml1,0.03305581910987587
Lipg,0.00012697478506302486
Zfp280b,0.02099847522658977
Lrrc24,0.00063019875099993
Skap1,0.9179224757661684
Adck1,0.026896745328720124
Rgsl1,0.00010261440884177259
Ptprz1,0.00014179129704275443
Khdc1a,0.0003163251814870639
Tubb4a,0.001531819818746088
Lrrc4,0.007873200917005224
Galntl5,1.9904214503221583e-05
Mycn,0.0004536299922907043
Slc35f1,4.234804332523108e-05
Ptpn13,0.03395666211177983
Gm5800,1.583933864268806e-06
Zxdc,0.03928726738068975
Zfyve16,0.027068689252402894
Rab3ip,0.1361626068539443
Elf4,0.14584796613236073
Mettl17,0.06121702450481705
Drc3,0.0005106907954328394
Zfp251,0.023181355391202897
Iqce,0.024409462541829376
Tbc1d22a,0.048785308006598804
B4galt5,0.04064229629122193
Pfkm,0.008942261324963131
Shisa9,4.249909495344426e-05
Kcnn2,0.00012986170006031185
Usp9x,0.12410936364024756
Rin2,0.002994688522318227
Zfp955b,0.015134855046312129
Fam135b,0.0010217670576875928
Nrg2,0.003525371221134739
Vip,1.925656002187899e-06
Crct1,6.380420217764349e-06
Abcb1a,0.11502334968680344
Spidr,0.0322946636397568
Sox13,0.005033963687403498
Tubgcp6,0.017196941680059533
Ppfia1,0.07051135803977342
Tnfsf18,0.0001524763050053064
Dnmt3a,0.06158570782320136
Klrc2,0.014416766089875856
Sema6a,0.0004527727945830606
Cntnap4,2.181143191267812e-05
Sag,0.006314080788754105
Abhd6,0.02116866110761153
Sfxn4,0.004313735504715782
Rhpn2,0.0002687781958951614
Rbm12b2,0.008152006277391221
Tubb3,0.0043755724344129165
Ttc8,0.0028376021114099917
Ctnnbl1,0.06892379895166684
Herpud2,0.07961435293443253
Trim30c,0.005571243613972336
Lrch3,0.12444498481716862
Mmd,0.05367470030660805
Pik3cg,0.03983367952212575
Dok5,5.358813558121888e-05
Csrnp1,0.079961762284851
Bcl6,0.04340071407396581
Ift140,0.022386131662148295
Ppp1r13l,0.0007362902956161895
Oasl2,0.017223578533761493
Fer1l5,0.00042114911830015787
Gpr160,0.012892815690061175
Fbxo25,0.019736941201457178
Slc4a9,9.793685176199093e-05
Ptprn2,0.0002466875323934878
Gas2,0.009973744932045212
Foxi1,3.270755596282194e-05
Gm20518,0.0003088111348542399
Lrrc43,0.00011805857580571765
Nudt6,0.027929165784339016
Jakmip2,0.00031607340248616744
Gnat2,2.6148566629359784e-05
Ppan,0.07331833828498771
Stk32a,3.1238859161649105e-06
Slc38a9,0.03622587006885073
Smc5,0.06753382977131824
Sec16b,0.0007847989250002578
Gbf1,0.08299798142274294
Col1a2,0.00011493480015884838
Vezf1,0.09381465806206757
Ago3,0.05709884818750685
Tmppe,0.006113496230653535
Tmod3,0.16461614727601825
Dnali1,8.729266924060113e-05
Oxgr1,7.798920723140832e-06
Kdm2a,0.13654706064054395
P2ry1,0.0008312786334835328
Fam193a,0.08758712493382997
Adpgk,0.049289252403382854
Trim7,0.0005236018308187514
Gm5622,7.3825582081090575e-06
Rpa1,0.1429142667212606
Hjurp,0.04586382403652835
Trib3,0.004263542501900864
Fbxo45,0.01421045596243357
Rad21l,3.819793727327029e-06
Bmp2k,0.05312402245633578
Pgm1,0.04774954010155811
Itgb1,0.25070276782958123
Cask,0.012434439767495078
Klrb1a,0.03168188190586182
Nuak2,0.002059039174543649
Ifnlr1,2.243068252058862e-05
Exoc1,0.038388068614081776
Taf4,0.022911703417365148
Alas2,0.0013060730393597056
Taf8,0.04269532728528212
Slc7a6,0.03688640986448203
Csta2,0.0008813947372289675
1600025M17Rik,1.4480910259661856e-06
Tsga10,0.023316624871086405
Nefl,0.00022081536892364372
Pitpnm2,0.049963613101646924
Tmem198b,0.002690973933947379
Ilrun,0.0673645983742509
Ms4a4c,0.0626031293826258
Mtf1,0.03426577927680267
Tas2r126,1.1283809245821636e-05
Slc16a12,3.076932953307494e-05
Arl4d,0.016405522242350475
Cbfa2t3,0.002381886471265075
Ankrd7,9.55876316212342e-05
Otof,0.00010895013651424273
Hba-x,3.3300503965258814e-06
H2-T10,0.09166803668457658
Slc4a2,0.023765344283526044
Klra17,6.848476458250957e-05
Dhx40,0.08726382306249204
Tdo2,0.00036318170841110665
Ano8,0.010593790009882205
Gvin1,0.011051716586742841
Scamp5,5.490466616987052e-05
Cdcp3,7.755173823542321e-05
Rsu1,0.09302383973951704
Cfap43,0.004709586376007036
Rgs2,0.11534356618768034
Tatdn1,0.03309753594003907
Map3k15,0.0027846750145036894
Tomm20l,0.00011801635918504795
Myef2,0.018223316841339394
Cck,2.2405493212223297e-05
Sorl1,0.12969445203482416
Adamts19,2.817431329594544e-05
Mast4,0.02684358194984789
Mocs1,0.014461478465231626
Dcstamp,1.727348436316986e-05
Adarb2,0.00031711731657434915
Tekt2,4.9631356641011956e-05
Bhlhe41,0.00024056643111921064
Nr2e3,5.299262031259657e-05
Lyzl4,0.000442301601467509
Cideb,0.00016690500533955068
Sprr4,3.791322348435783e-06
Dnhd1,0.0005401778512069441
Adcy8,2.8450060453610383e-05
Rell1,0.04390727197463257
Gtpbp8,0.01958149364667221
Rbbp8,0.05236753988242824
Ubxn2b,0.023459172424462743
Appl2,0.03545315194264014
Gm49353,4.560624880524083e-06
Dnaja3,0.0370199053414438
Pold3,0.04001100976444744
Gm2974,0.0003866056306552521
Idua,0.016016266379542714
Neto2,0.008538772460208522
Cfap54,0.0018064910304067664
Reps1,0.056743198756521805
Fmn1,0.000651907381119675
Gabra3,2.7296334489347662e-05
Bcl3,0.0724498329740882
Taok1,0.0900381738615669
Sf3a1,0.09981962568299545
Frmd5,0.031899588174473865
Pxdn,7.831257097786318e-06
Fam234b,0.01692609241400552
Adam18,6.648703937288406e-06
Tm9sf3,0.17987498072140298
Tnfrsf10b,0.010145966613513684
Eri3,0.05098260942955866
Slf2,0.03625669277870184
Stx1a,0.014258575597367474
Spty2d1,0.06597182569160545
Map4,0.15557123740116552
Ankrd55,0.012532653801810638
Sprr1a,5.738213677574298e-05
Alpk2,0.005478003347492736
Srgap2,0.07370715444196922
Zfp395,0.03390856243825538
Prkci,0.009269134602754123
Glis2,0.0015344952784527223
Ano6,0.0725306863473519
Akap7,0.006367073709237261
Pex1,0.013904021342285694
Safb2,0.1022763882151046
Sult2a7,1.4243450457480191e-06
Folr2,6.571191469690537e-05
Map3k7,0.048898719726194466
Aldh6a1,0.012971130263909246
Rmdn1,0.048876843943810935
Pygo2,0.02979737819832452
Msra,0.0565155632761944
Zpr1,0.07438338032446502
Rnf151,8.877125694411984e-05
Med26,0.025689400807516263
Slc38a7,0.009506483031607648
Syde2,0.0033619901106892993
Tapt1,0.05938928645899522
Elmo1,0.3875219691583037
Myrip,0.00015872919664795704
Ajm1,0.00022515187462945668
Hip1r,0.050659917095052055
Mynn,0.0428213786325065
Nos1,0.00017804854685389123
Foxa3,4.700331697753695e-05
Usp40,0.01825792948862077
Adgrd1,0.0010048219511663928
Mfsd1,0.05473795627424641
Ccdc22,0.002289980420971105
Cdc42bpa,0.0008302636120534975
Ccdc39,0.000581009362967436
Ctbs,0.013043542724331178
Farp2,0.005986763223550707
Zfp386,0.04785329362368237
Usp28,0.053375309440460206
Vmn2r22,2.7263686495279213e-06
Scrib,0.03394222421577264
Tcim,3.97825707322166e-05
Cecr2,0.0002721652161070707
Ints4,0.0374703045585951
Mllt1,0.026999506307722333
Plch1,0.00021949406347937538
Fam83a,0.0019243285897286696
Cd200r4,0.04272983555674701
Ankzf1,0.026623331750372185
Hacd2,0.061039085658458045
Tdrd7,0.007451634421724814
G6pdx,0.03327700473497323
Cyp2b9,3.3253533205080364e-06
Evc2,6.370989903439734e-05
Clstn1,0.015114411709296099
Zfp971,0.008587934624961812
Errfi1,0.071543823317465
Fah,0.04462311205941446
Cyp4f18,0.00038523640498910053
Emilin3,1.4206714135141396e-06
Tnfrsf11a,0.0005034076141078954
Rtl6,0.003792091539349053
Nck2,0.051642231544943844
Zfp959,0.01934597855122004
1810030O07Rik,0.06430320299725921
Cxcl16,0.0009010644136899218
Sltm,0.18595155985699355
Inpp5d,0.18202537219389914
Mtss1,0.040886952604508114
Col24a1,0.00012862456168869198
Txnip,0.40232753154244094
Stmn3,0.00017732236145903064
Rasal2,0.001073449399621505
Ahi1,0.03887072889242725
Cyp2d22,0.006579590963065492
Cd8a,0.4121078671432495
Primpol,0.02900737538957286
Slc38a10,0.06931193559313252
Defb5,1.7421905841045069e-06
Fblim1,7.81550890612713e-05
Man2a1,0.08083953640004907
Exo5,0.017441395000880256
Farp1,0.023117407825307523
Krt34,1.8251415689283353e-06
Rreb1,0.05325415651522127
Tenm3,0.00021054902566544314
Pde5a,0.011478142707438327
Ptar1,0.029102227889079398
Cnpy1,2.1903580566233706e-05
Cdhr4,7.151316282504802e-05
Vwce,0.0006242730870527979
Nrsn2,7.6041472733753335e-06
Mmp19,8.035011404595955e-05
Cxcr5,0.0222246301305391
Ptprh,6.513225605588246e-05
As3mt,0.02208028910293339
Slc27a3,0.00037139952811883985
Vmn2r58,2.8451237606339524e-05
Itk,0.585783068408342
Rasgrp2,0.23237508589681663
H2-Eb1,0.0125794672800956
Plac1,7.97365059441038e-05
Nr5a2,4.120906529104351e-05
AI429214,0.00034917738138029805
Fam13c,2.077631895402419e-05
Spen,0.07571849474240092
Defa30,0.00031364797714106025
Kbtbd2,0.05998957626445624
Cstdc2,2.4187950578626878e-05
Aff4,0.1518643259493999
2010315B03Rik,0.022640877383584623
Mettl14,0.024520080440294
Ate1,0.0728796742171988
Pcdhgb4,0.0006273268986771377
Faf2,0.08921898819212012
Adcy3,0.02041756481871771
Gpr21,0.00040179152924747937
Vamp9,0.0007046534890510714
Mief1,0.029290965802612423
Celsr2,0.0015955572509194968
Ubl7,0.10006651271105471
Trmt2a,0.03552256635898894
Zfp966,0.0003439938857681205
Mpi,0.009745939667921632
Ccng1,0.14280472347702436
Pzp,7.629318085938049e-05
Cdk8,2.2928606723335663
Wdhd1,0.015156068998218433
Sfrp4,3.984452620002454e-05
Pcgf6,0.037968937129319334
Hmgn3,0.004215018356243718
Cct6a,0.21641179636758223
Cdh7,1.5325334940762744e-05
Dap,0.156654133897112
Clcn3,0.111242954011377
St7,0.028449456472250337
Apobec1,0.018689016407125964
Dnah8,0.07349002601955565
Car6,4.576807983580533e-05
Cobll1,0.03155851855894145
Nmrk1,0.035223289648680274
Poldip3,0.07989019037187696
Spink10,0.0016735778453803888
Aicda,0.000198953602741209
Zfp84,0.039695198351452514
C2cd3,0.06690131065303728
Usp34,0.1748723654733582
Mdn1,0.07773915903823202
Kif20b,0.019874463012834
Nt5dc3,0.014148846762312347
Megf6,2.9753499309024846e-05
Haus3,0.047930840577970854
Tnks2,0.2526544548629906
Mkrn2,0.05132946945184024
Kyat3,0.0029284978219325393
Serpinb1a,0.031817561956519774
Sfrp5,3.1534404860004876e-05
Fam110b,0.0018553508727913468
Acvr2a,0.028334985039656698
Spon2,0.0002361942675296748
Cysltr1,0.004416289747607068
Cyp4f17,0.0073949790940204116
Mesp1,4.018245690458782e-06
Elovl2,9.05125996158408e-05
Cyp26c1,0.00010379155208975783
Aifm1,0.040295028274106096
St8sia4,0.13295648386690564
Gm5901,8.676309863511842e-05
Micall1,0.0333533723860934
Trerf1,0.10476614992143107
Dtx3l,0.08252385498180004
Daw1,5.140181453638137e-05
Ptx3,3.3326942304053767e-06
Utp20,0.043167592812137785
Syn3,0.00015965532477757812
Mrgpra1,2.2081092545724943e-05
Tnfrsf4,0.11390351228765659
Itgb2,0.39223080211332084
Tmc3,0.0010787121841162478
Sh3rf1,0.027530398863679226
Nell2,4.089992254897792e-05
Ctcfl,6.882402014927762e-05
Ap4e1,0.022994301718219784
Adgrl2,0.004235815334738412
Hhipl2,6.225617757320502e-05
Fscn3,7.94363287672831e-05
Wdr70,0.0585953360703589
Kbtbd7,0.003358739709839169
Mroh5,0.0003636000512225849
Insr,0.036221039476259896
Cybb,0.00737060800677626
Rasgrp3,0.00029916284413139684
Dpy19l4,0.01689363364318938
Col11a1,4.188232749610296e-05
Prr5l,0.01021850584069892
Slc1a1,0.00012276269798200634
Vwa7,0.0004456039167884042
Tcf20,0.1315292825802533
Gpr55,0.04449709963798252
Ldlrad2,2.828848715849638e-06
Gtf3c4,0.010791264293709624
Smarcc1,0.1027590759937411
Micu1,0.044956035519979516
Dync1li2,0.03205167531135586
Llgl1,0.027252871983381624
Fgfr4,2.5927352936394043e-05
Nlgn1,0.00028169234660898945
Ptgir,0.002074626118953082
Lig1,0.03380848324177364
Pde7a,0.30824326270423047
Klhl9,0.04298155489935621
Spice1,0.025895615864694087
Cflar,0.12933151592158157
Aldh1l2,6.95275726817074e-05
Akap13,0.6145241305787111
Cd63,0.00201847645799053
Lnx2,0.04193841935831527
Zfp473,0.0013331533895988203
Rnf180,0.009501228397279382
Csf2rb2,8.944838254915799e-05
Fam161a,0.0016215164470972986
Rasa2,0.11357171161458365
Elovl7,0.009987257282518532
Rab27b,0.001955630347640999
Nr1h3,0.0013902204795781265
Cd109,0.0004787609040077495
Elp2,0.06377464279572675
Osbpl7,0.029910211184371854
Zfp964,0.0006785212770830706
Nedd1,0.01924617610710806
Snx24,0.0002714055684972309
Atp8a2,0.020575334075877284
Alg10b,0.012343149360679172
Kdm1b,0.024188716602590483
Sall2,0.00408555260273446
Mapk1ip1l,0.07998115425803111
Ccsap,0.01575914734189945
Ntn1,0.0011641740695303763
Gm45808,3.9007363711412965e-05
P2rx7,0.07381353852497406
Stxbp1,0.005022001243344415
Traf3ip3,0.2004436644825525
Axl,0.005791066645506267
Tns3,0.0003331080317627029
Gem,0.07835002902934889
Rarres2,0.0013739795124075758
Klra7,0.04317510980787402
Cnot2,0.13485785587389082
Gm14401,9.039149558617419e-05
Gm28551,0.00010162921130344393
Trat1,0.10344059407846702
A330040F15Rik,0.025856129595112867
Zbtb20,0.2439229383756764
Nsun5,0.024002198384539517
Ubr5,0.10991137515103008
Zfp346,0.01994840960979709
Hspb3,8.925493028741112e-06
Sdf4,0.35116430252821285
Pkd1,0.032977384729652885
AI987944,0.024692261385174778
Cryl1,0.026526452091028337
Runx1,0.26429129152156344
Map3k14,0.06722088909355171
St3gal1,0.08663271471855538
Ism1,9.705105919735136e-05
Cers4,0.09574845115295746
Ttc19,0.04946529696532319
Mcu,0.04071830545102012
Gpkow,0.054900523750468215
Unc93a,1.375621902585328e-05
Slpi,0.007861388850664763
Mtss2,0.0003384283152281032
Nod1,0.03770311004180386
Gm20532,0.0010049670262956398
Tbxas1,0.0007549468335152875
Dpf3,0.00078092805530891
1700011L22Rik,7.588403004603731e-05
4930583I09Rik,1.3462380616325647e-05
Zfp763,0.011786502994980932
Tbc1d16,0.009361382759125705
Zfp37,7.818379128120559e-06
Plagl2,0.02907527814665866
Pfkfb4,0.007195570304945058
Opn1mw,1.2579965423493945e-05
Tspyl1,0.08433100744496692
Cep57,0.07507077887819182
Cep41,0.013599029495656454
Ifi47,0.36638024770475514
Dhx37,0.016032074650051752
Shc2,9.779576046984955e-06
Lratd2,0.005079048967456248
Vmn2r120,1.9512216590252727e-05
Ccdc172,6.5621415372496075e-06
Usp53,0.04806358644188641
Arrdc2,0.017988313645099955
Neurl3,0.1872335776719275
Pla2g15,0.004459012742642926
Plpp1,0.0022846407868205598
Foxn2,0.09196200987121064
Bmp6,0.00035435617601266376
Fbxw17,0.01478112411246523
Hspe1,0.3369547592020727
C1rl,2.678037743817312e-05
Foxb1,6.974749574923273e-05
Irx4,1.7121315124263138e-05
Usp8,0.06498592944638246
A630001G21Rik,0.05054350386494379
Hyou1,0.051179768190497535
Oas2,0.007390394001868915
Cd79a,0.0048031814858388745
Myt1l,1.3074317934805243e-05
4833420G17Rik,0.10173087683577169
Lhcgr,3.04269155720456e-05
Flna,0.29690383381325647
Rab8b,0.16679966018476058
Slc35g2,0.00023563589842779027
Zfp600,6.487158313253119e-05
Huwe1,0.18999271099706794
Ube2d1,0.07867740256450888
Atp2a1,0.0005909845259271031
Gm50139,0.0005427532009163042
App,0.01626278462985922
Iqsec1,0.04452507181110654
Muc2,0.00026903337601385824
Ifi202b,0.00010888178771468476
Gm19684,0.013322610633077773
Dcaf5,0.07034064480042475
Hspb1,0.0016461236937908301
Lrig3,0.0013323022153089344
Rims4,6.185988826864362e-05
Btg2,0.4782499305708411
1700109H08Rik,0.005631388461452476
Plau,0.0008377684352329621
Tomm70a,0.11478275244927427
Tac4,0.00011508819056464728
Ermard,0.012139676088507112
mt-Atp8,0.8777742796994934
Actg1,1.5928702339434115
Golph3l,0.024724928557004363
Hspd1,0.22797916318397765
D7Ertd443e,2.3635921685325473e-05
Nepro,0.016163986078173532
Cyp3a57,7.4761727087673045e-06
Mapkapk3,0.08471785054150562
Eif5b,0.15187354399836564
Zfp85,0.004612184825275547
Zc3hav1,0.3273080763525543
Pla2g2e,1.6170658711615503e-06
Spcs3,0.06909513057963756
Smcr8,0.020515661946501604
Plxna4,8.16333640822722e-05
Lyrm7,0.00835352860514898
Prpf3,0.0428729383629581
Gopc,0.05077347142310815
Hba-a2,0.0014984502134969687
Car10,0.00030421610809754145
Lipt1,0.003994568781836699
Cttnbp2nl,0.00018555171752802875
Map4k2,0.12426476335012397
Bahcc1,0.00022280687517419042
Zfyve9,0.00039559992558200124
Utp25,0.020941582132267038
Slc39a6,0.04415015032184933
Slc29a1,0.05053301979362067
Cdr2,0.010497331710290162
Zfp655,0.04310974085962281
Vmn2r115,5.432683249697571e-06
Kirrel3,0.0011385167187699607
Uaca,6.94875461898681e-05
Alpk1,0.0023972235580582775
Rufy2,0.05352067950125767
Epb41l3,0.0005299441011642107
Ecd,0.05284791442837588
Cmklr1,0.002161878658373867
Ankrd63,1.5401450401033927e-05
Sh3d21,0.0028535022143393383
Pde1a,3.507942741813992e-05
Dlgap2,0.00025293896663857433
Rnf19a,0.08925553961978287
Zfp30,0.0012193517073884317
Fabp2,0.002707374258946595
Gak,0.1026317478984427
Wdr20,0.05881339933544985
Cep85l,0.021662173413611888
Hdhd5,0.09329872906686351
Nell1,0.00011115835247990293
Gls,0.18250183623127
Mfsd13b,0.001289481784067928
Xaf1,0.07975599026695435
Loxl4,0.00016508122122581132
Bcl2,0.36948828408880074
Mfng,0.11002242488414904
Gm14443,0.00016515711582602228
Icam1,0.10152575746181759
Eaf1,0.024540265268226932
Nap1l5,0.0017158241163938682
Adam19,0.11143003877551938
Slc38a11,0.00021893252705930654
Mtmr10,0.01172075597697904
Cpd,0.02641302544203974
Cpne3,0.057598975528973397
Plcd4,0.0007966959635706669
Wdr47,0.0167604370661869
Mlph,2.686932109497809e-05
Usp45,0.04021753033020895
Tmem44,0.0001131489890158078
Slc18a2,0.0021731765566330836
Tead4,2.4356921944207133e-05
Gm45871,0.012836438802493532
Utp4,0.05496277080651928
Cbl,0.17541687177890203
Prkg2,3.0982138802609166e-05
Tnnt2,8.846766305472186e-05
Rin3,0.11927928763785246
Opa1,0.05685577777419487
Nr1d2,0.030095505656842488
Zfp2,0.0032634080463177493
Katnal1,0.004693379572944436
N4bp1,0.07256416213998677
Nav3,0.0001548996378994856
Sohlh2,3.3543725767493566e-06
2900026A02Rik,0.0211001212599069
Usp4,0.10100721750753709
Cpne4,0.003619100367704359
Trabd,0.09554149210029214
Zfp626,0.009398449833179523
Specc1l,0.062074902752385926
Dok6,0.0009786226795126486
Kcnk1,0.005754709068913831
Zkscan7,0.00807385880859319
Rsph4a,7.944850959759634e-05
Gm8267,2.2314529573500195e-05
Slc5a4b,8.043029329243002e-05
Saxo1,1.5837211863564843e-05
Pgm2l1,0.052996269060044926
Fcrlb,0.00024009301837266356
Oma1,0.03952901288927655
Rc3h2,0.06128099161989621
Ube2e2,0.0047498940051272625
Atxn1l,0.017389003417196645
Sf1,0.2862858636492971
Cdkl4,0.010786455825264574
Retreg1,0.1533992035961937
Mapk8ip3,0.0490072814124291
Hif1a,0.20480677843996364
Cdk19,0.07868370228599449
Ppp1r3e,0.008983320765373809
Car5a,0.00011797857128795164
Gm10033,0.024334386122338406
Septin9,0.3263552750316915
Tmem117,8.743038889580314e-05
Glis3,0.006016679934431711
Rspry1,0.06095646122240909
Rrm2b,0.04497246183064173
Ccdc91,0.03014781145230951
Emb,0.5145553936696291
Slc25a25,0.03388944663275969
Trem1,4.885295571936885e-05
Cd209a,0.00013608019948562207
Saal1,0.03518184520917172
Fam241a,0.11443905480970722
Capn2,0.0782473871797552
Stk36,0.0005221448236312604
Prr12,0.03015389693359326
Pprc1,0.03496398850756932
Gprin3,0.04821880178224201
Lsg1,0.07320108412220996
Klhl10,0.0005446724984526699
Prdm6,1.6028135726730463e-05
Btbd10,0.028554413358770583
Fam184a,0.0005314058840624055
Lpcat2b,3.653966484876724e-06
Zan,0.0005504870230650429
Pstpip2,0.0017908455189429991
Wdfy1,0.022594987757948496
Rab5b,0.050497310869426604
Gdf9,0.00022086345519329223
Pbld1,0.00016304307572077923
Plekhm1,0.029208776802437095
Sv2a,0.004092654228188436
Gpr176,7.145469725161422e-05
Cd53,0.4519938766216501
Nipa1,0.0010480646594392823
Pklr,5.9840077573973805e-05
Rad18,0.0344594209608772
Tpm1,0.07044381899206782
Cog2,0.04639070673012753
Prr29,0.0032554630188760627
Kctd10,0.04738148005481436
Casp7,0.024257121501413823
Tbc1d9b,0.06461883837577333
Ubxn7,0.0750424053287566
Gm3739,0.002549947474771066
Acot12,0.0001010465858145711
Rnf44,0.09901227658629173
Ubc,0.5741273299485325
Cyp3a41a,5.212550111868325e-06
Mfap4,3.0515384418555783e-05
Fam124a,8.448774105243168e-05
Cadm2,0.00033905136257111
Zik1,0.0016460085927635728
Smim5,5.4631331909710476e-05
Apobr,0.016228972367001434
Tmem120b,0.008828826497506092
Rab27a,0.0647457677823182
Dclre1b,0.015877742135979388
Stox2,0.00012775867041798036
Bcar3,0.0007484865123944019
Abcc6,9.107512835088378e-06
Abcc5,0.028187216899851666
Smbd1,3.006496330951553e-06
Prim2,0.02519506638985201
Csn1s1,0.00035456643373082237
Skint2,2.0458981963367505e-05
Gabpb2,0.07700150018420705
Atp8a1,0.08033915472846025
Mmp25,0.006445304408153002
Birc6,0.3016967421634264
Gm28043,0.0006795510604272315
Clec10a,0.00032549284970037065
Nox3,6.609197198688217e-06
Exoc2,0.11079568135275368
Csf1,0.011943199589785581
Casc3,0.0765401185559704
Gm2012,1.26146448447004e-05
Noc3l,0.028897283716137208
C3,0.00037657267529362406
Slc25a24,0.02534544364044889
Wdr5b,0.006013461893781123
Ercc4,0.03871511939744749
Mtif3,0.04129181701903926
Kng1,2.88788506354804e-05
Cipc,0.03412116086162838
Mbnl2,0.15466858470828895
Dis3l,0.02561018636262966
Usp5,0.053014298779864015
Cdc14a,0.04160205798008053
Ccn2,0.00014859838820573698
Tardbp,0.1058822606687188
Rs1,4.2918460929372745e-05
Hoxa6,6.156981098014626e-05
Slc9b1,0.0003690045685079721
Zfp507,0.030880614078815205
Tspyl5,2.0961942048071492e-06
Wwc1,0.0023039184835241325
Slc7a8,0.0004930749976356766
Zscan26,0.06056865909165396
Rpl8,2.1510618235700756
Capn9,4.434418985991546e-05
Suclg2,0.046122930053938006
Spink5,3.869774739533561e-06
Rab11fip5,0.0007132194346159567
Ggt7,0.004971046620502856
Tlr4,0.0005887452699365864
Smarcal1,0.012037168554633854
Zfand2a,0.020068896390279593
Wipf1,0.22076433655417996
Stmn1,0.05518090268883839
Pde1c,0.06619480253011141
Fan1,0.009969231534839994
Sorbs2,5.5165312510815536e-05
Pikfyve,0.03583824854565788
Tmem100,3.893321700077999e-05
Afg1l,0.019125677442197824
Pls1,0.0008952354887567231
Fam110a,0.04208442890993718
Abcc3,0.0016400224967568623
Zfp606,0.013052665254288422
Teddm1a,8.74975945275836e-06
Fmnl3,0.04217034501208608
Epb41l2,0.04845583014199602
Ypel5,0.07923585757296915
Mon1b,0.019036983557084473
Qrich1,0.08961870044172507
Dhx8,0.06829641656819331
Lrif1,0.07946547317363774
Unc5b,0.002006294664427219
Adcy10,0.00020978089442097455
Mt1,0.027122852401840685
Lrrc36,2.031084435121068e-05
Crisp3,0.00010952198852390687
Pphln1,0.05149970248939963
Vwde,0.00021746574637824276
Dgkz,0.17732394474180846
Mospd1,0.020906231812638752
Vgll3,5.201700003410202e-06
Kdm4d,0.012194771482987844
Mcm3ap,0.046012418425315206
Dlx4,3.063748035656161e-05
Adcy1,0.00027031449097368495
Gm42669,0.0027031571338448756
Gm5141,0.010021850090167218
Cdkn1a,0.045831097389567005
Pi4kb,0.03987798870487518
Car14,6.792380938870784e-05
Kansl1l,0.042083772503433634
Tmem184c,0.03129819638713683
Rbm47,0.008064318667934172
Spopl,0.048976513472239906
Asb16,5.4043359691446926e-05
Vmn1r42,3.7293483136181293e-06
Ndst1,0.018179707908703196
Rab40c,0.026826381824256812
Pdxdc1,0.04870811861069987
Cav1,0.0001413598730137099
H3c7,0.010347676498606476
Extl3,0.025791871868371823
Rnase12,5.6675961455644065e-05
Slc6a4,6.532620158879654e-05
Avil,0.005559780284129146
Clec4n,0.0005371996473141601
Gask1b,1.0864788994164824e-05
Pex11a,0.002321738032439138
Eras,1.5619008755595433e-06
Kif6,2.6537387331773795e-05
Mcc,0.0004824650899970552
Gtpbp6,0.05108064937596348
Gcnt4,0.00021598271415392264
Trim38,3.5757519558200306e-05
Kif9,0.0013625919159473289
Dnajc28,0.002940421134299128
Nup88,0.04746403913651099
Xrcc1,0.03478020562488127
Daam1,0.020712985364636005
Kcnj2,7.633837623182415e-05
Rad51b,0.01568939135811808
Gpr183,0.17473852182897653
Atp6v0a4,6.0207210838484415e-05
Ptprk,0.0032637065381851825
Cdc25a,0.02217599326410266
Eefsec,0.0918852120948089
Zfp61,0.008917997256855973
Acyp2,0.010628488774100556
Gclc,0.05987836752323514
Agap2,0.09767439369104682
Mycl,6.606274159062316e-05
Rsph3b,0.021194992823149555
P2ry12,0.001597637207752451
Gm13889,0.0003321827661287332
Gm2897,0.00019292942039936413
E2f3,0.019740990237810816
Gadd45g,0.03789318241649281
Fcsk,0.006306942151348922
Sdr42e1,0.004529836961768917
Adgrl1,0.029439203076934175
Tanc2,0.014417894160683155
Tspan14,0.09797357054125122
Arhgef3,0.2054296201205273
Uso1,0.08434849117750867
Osbpl3,0.0945240478793091
Acbd5,0.081055744183184
Impg1,0.001437029556549998
Zfp820,0.0010141652841842421
Eomes,0.03202568071165962
Mdm1,0.008706789195489627
Fbxo24,0.0010012311317119903
Map4k1,0.10509964070411734
Pgghg,0.019728998380930226
Alg2,0.028935107867651022
Scn4b,3.970387534803632e-05
Cstf2,0.04804961513081256
Nrros,0.08239856841219836
Cd44,0.173755435214305
Dcaf17,0.04910384107279563
Dis3,0.030584905554189072
Ehbp1,0.006964545795809452
Fastkd1,0.024131425574264516
P2rx4,0.027039597455377474
Sntb1,0.20691303296641472
Pmepa1,0.12054543673956215
Ntng1,0.00021993492438439097
Abca3,0.03084539551978446
Gpr142,2.3296636761961683e-05
Nxf7,6.303396572922936e-05
Xpnpep2,0.0002446307081333714
Zfp280c,0.046974902483441494
Mmp24,0.00026156748876939983
Arf3,0.10533854084455012
Ptgds,5.03362865415027e-05
Stag3,0.00041831725820512945
Aldh2,0.01162945348038689
Tnfsf9,0.012524810057272403
Hsp90aa1,0.40492363817994864
Ramp3,0.0652931026597935
Ddx31,0.028157065460527108
Arid5b,0.18062637095664885
Rgs9,0.0069558120005992945
Gm3264,0.00016551938398821174
Mak,4.016544828297502e-05
Myot,4.7717562700974294e-05
Sdk1,0.00062079435969818
Apobec2,0.00962615896094936
Hepacam2,0.00012081831221509149
Tmem26,0.00026850032596872523
Mterf3,0.05303159969266885
Angpt2,0.0020523840096670952
Adap2,0.0002282027031245287
Spats1,0.0007765021968314309
Nr4a3,0.1113142028569125
Kcnab2,0.12951536779110284
Rgmb,0.014387591767190292
Grin2d,0.002385982603576901
Sorcs1,0.00027357437356451017
Zfp202,0.0026226385992947757
C1ql3,0.0008583064234840471
Elfn2,5.536984240796424e-05
Cul5,0.07965331054726878
Fbxo22,0.05355614607456131
Cyp4f13,0.03128776464979048
Naip1,1.8961100483626638e-05
Itpr1,0.11403200300137269
Bicd1,0.0028014772710799433
Igsf8,0.026097147197802
Adamts14,0.0038139789656185074
Tmem30c,0.000201531542616724
Ralgps2,0.07270249189202647
A4galt,3.5606247303874384e-05
Rgcc,0.19477659474999245
Gmfb,0.06267037337183419
Yipf6,0.03270085204465744
Htt,0.0520265710602663
Diaph3,0.019920375414227805
Kctd21,0.00232118513445891
Taf5,0.029030035704691856
Tgfb1,0.2311682511593902
Chst4,5.820354678454194e-06
Gm10406,0.0003519993959149109
Tmed7,0.0821443241041006
Mylip,0.0670646512823166
Otud6b,0.023900146895352657
Nktr,0.203953215667806
Gm2663,0.0005896813738872048
S100pbp,0.040199247680893745
Klhl20,0.03991035868775175
Adamtsl1,0.0001294017771760215
Zfp831,0.0683928376605706
Il23r,0.01627379677051489
Gla,0.012318307641004198
Dcaf8,0.11175381662132612
Rtp3,0.00016260886088408346
2610028H24Rik,4.7520303096846564e-05
Tyw3,0.006494217164856199
Ddx23,0.10347303560367642
Mars2,0.01271061630494164
Gcn1,0.05936790249649847
Cenpp,0.009003336482691394
Fam20a,0.006925239919210269
Cpeb3,0.0027191227407804713
Plxna1,0.0025283328380110034
Grpel2,0.02444947680491846
Trappc9,0.08244850204648269
Elac2,0.032274622956420564
Otx1,7.251637749243412e-05
Strn,0.05299208970084835
Tas1r1,0.0002516864983912465
Tex21,2.9213105132090513e-05
Oprl1,4.0947502971349675e-05
Car2,0.08129579735520967
Tbc1d8b,0.020058613436169024
Mre11a,0.03863248232191214
Xylt2,0.03103380976853034
Fgl2,0.10608073455756777
Dnm3,0.0064242094492295045
Glb1l2,1.3543784849115437e-05
Lmbr1,0.006953892733811339
Cd3g,1.2131704498001896
Art3,0.004053867354221426
Cdyl2,0.07257436861028801
Trit1,0.026380987102335506
Lrrc75b,0.005624759918631403
Stat3,0.27657978996938315
Dscam,0.004288157978277757
Gfm1,0.034909475202036286
Ccdc125,0.02506310178718585
Kcnb1,0.0008260554919136636
Syt2,0.00013366150639460635
En1,6.157224633689494e-06
Asb7,0.01615184916161176
Mboat4,0.0011311875896646778
Slain2,0.092302174572084
Ky,0.0026357629132771673
Ankrd44,0.4389358140628952
Nudt4,0.0568452416751666
Ints8,0.059456909609755325
Qprt,0.006700039904079342
Padi3,0.00044465442807998357
Map2k5,0.07222421490424023
Rmc1,0.04993711914126484
Trex2,2.4483121746376653e-06
Vsx2,7.1861515907310435e-06
Tm6sf1,0.060551558013646894
Mcm9,0.055318872426912115
Bcor,0.08995554798094149
Gpcpd1,0.12548416872903345
Reep2,0.001353281400498702
Vps33b,0.0341005057638974
Arih2,0.08272069304688597
Thbs1,0.00042518675560785285
Begain,0.0010969915177835956
Ptprm,0.0011917276081822668
Fam169b,0.15278500253289884
Vps11,0.03763093855902728
H2ac4,0.010322550188424774
Lcorl,0.058867449423044234
Hltf,0.07207706634978958
Acot11,0.01253540392692876
B230307C23Rik,0.07019145507153933
Suox,0.025567784580390614
Ltn1,0.05919894672895494
Tagln,0.0006263710809855401
Tacr3,1.8319852865441757e-05
Itih5,0.027478064935685262
Hspa1b,0.06249331147185651
Phkb,0.04795309079270754
Fam222b,0.03440002481893246
F3,5.437438899164627e-05
Lhx8,4.468943806201455e-06
Defb42,1.1342302007076256e-05
Ifi209,0.14858928546148303
Carm1,0.029300021506543993
Phf12,0.10203412134569326
Slc30a7,0.059947719640250446
Rb1,0.09636050806241295
Tfb2m,0.03626844506661787
Ccdc150,0.0005150715237413286
Ints10,0.032962839935439664
Ltb4r1,0.019610801606302783
Ncam1,0.00040657697952721224
B3gnt5,0.014211503691071213
Ankrd16,0.0329804351513906
Il18bp,0.003921908641974424
Smim40-ps,2.520702936901643e-06
Zw10,0.033426617578462554
Wdr43,0.11327461834380138
Clps,0.00023200086096466217
Gstcd,0.026041850523083502
Cc2d1a,0.027161802962388716
Sh2b3,0.02174323178471545
Dennd2c,0.002704228725625754
Orm2,0.00039636194167720184
Bsx,5.236992982820022e-06
Mad2l1,0.019995610413783785
Scin,0.006939844075284445
Cherp,0.07956789215770753
Kcnk5,0.010217241697051335
Mtf2,0.07234628372566912
Spsb1,0.028430378612341062
Hs6st3,0.002318660851641109
Clcn5,0.011578507143220132
Ip6k3,1.2246313501416202e-05
Fgf13,0.12800018581412415
Cc2d2a,0.0012262563427369792
Mapk8,0.026112848441274737
Xntrpc,0.00026541430579772623
Deup1,0.00027920932544589613
Bcl7a,0.01705505570735943
Tbc1d5,0.09035681438525511
Nol4l,0.007039900392726467
Klrb1,0.0035557748922768234
Treml2,0.0669665301025001
Tut4,0.334538353172731
Hrh2,0.014272443786968996
Plp2,0.09449479088619242
Nop14,0.08247485358834179
Gm43302,0.0001408590305815885
Ush1c,5.072544310064489e-05
Zfp266,0.0639132516179379
Catsper3,0.00024334281681574977
Fam78a,0.15352829783049982
4930568D16Rik,7.0954383232638364e-06
Wdr45b,0.05375740634901345
Stxbp5,0.0720850308841814
Txndc16,0.02043924834388486
Cd4,0.17764591807955085
Baiap2l2,0.0011311320269965627
Slc7a1,0.058255471592926975
Vmn2r60,4.1318465733421596e-05
Shisa3,0.00010962828085125702
Ier5,0.1838453012242816
Dnase1,0.0006928427433469751
Mcmbp,0.10424134969357662
Pms1,0.024053742090972215
Fam24a,2.0914164632318855e-05
Hrg,4.373325735798012e-06
Topors,0.060585716897135294
Sema5a,6.532147706805526e-05
Pax3,1.5473587211864958e-05
Mroh3,9.856788669068787e-05
Fbxw7,0.038307407048529044
Prrx1,1.7920884129098886e-05
Tcaf2,1.7397906568520828e-05
Zfp335,0.04258133206026551
Srd5a1,0.0003814323993356684
Ak8,0.0011811714149224922
Vegfa,0.002875605377019728
Gzmb,0.3141559392407524
Rnf40,0.04859470904070244
Crtc1,0.015772585976569397
Zfp101,0.010065769980878273
Cad,0.029702908248529957
Selenoo,0.03725500641693102
Adi1,0.04696564661143819
Gm3696,0.00035815553777217323
Aim2,0.09550237454634847
Prx,0.0008181862785267358
Trak2,0.0531278352074143
Pnpt1,0.041386694742999705
Cep170,0.03231901205250573
Efcab12,0.00028420414978439683
Dnajb14,0.01906461790825322
Pcyt1a,0.023972330679227067
Wscd2,0.010650530750103958
Serpina1d,2.9407401035026447e-05
Chmp4c,0.0010973614140130812
Zfp319,0.015551784155872083
Ckb,0.07571728550537887
Sult2b1,0.029529831681594246
Terf2,0.04714573011383036
Dennd6b,0.012754095387335605
Nsd1,0.22678937390224652
Itgb4,0.0012221276040877012
Mrgpre,0.002742507841769456
Shpk,0.007990612341427814
Spin1,0.06829564539982756
Rbm34,0.03476572023629689
Notch4,0.0017495959180050147
Fbxl18,0.006053290070048788
Got1l1,1.561552326137058e-05
Pias2,0.05204842085573721
Rdh13,0.005336706888613959
Adam15,0.005780582351219942
Zmynd11,0.1495292162409909
Sec61a2,0.014427497749844599
Dsel,0.004197548001294904
Sectm1a,3.1242762431642604e-05
Sec14l1,0.03892128924637187
Rev1,0.040302076741880605
Snap91,9.800299163250078e-06
Taf1a,0.020045117318955887
Opn5,8.679865309749795e-06
Zfp128,0.0032735705172260415
Tulp4,0.06871484973061888
Trim11,0.05365329777215398
Klri1,0.006716796431964629
Lmna,0.06433028859442676
Tex28,6.782977317019298e-06
Prorp,0.013900508276532251
Ang4,4.508894344973057e-05
Tmem150c,5.564337779968028e-05
Zfp518a,0.028476676237696178
Plekha8,0.0037412807811031904
Slc25a12,0.10190739521981856
Dock11,0.2253731938995633
Gimap7,0.26544785113717856
Jam3,0.00030849639226795673
Tex38,4.662297196974275e-05
Msh3,0.0474167352492782
Ube4b,0.06063519077178142
Syde1,0.0031905801577152217
Smyd3,0.16601513393184764
Lrrc10b,6.728920015803783e-06
Akr1d1,3.7758294961107425e-05
B3gnt2,0.09215757198265201
Tmem86b,0.004365368469996198
Fcgr1,0.0002311544864944845
Stx18,0.043153461068816124
Gm12258,0.009849483182291927
Myrf,6.74178005452048e-05
Cystm1,0.0038477809658315886
Il13ra2,3.169729006635425e-06
Lnx1,0.0009151612252428609
Ptcra,0.00015436369274869784
Ropn1,1.6151984148432654e-05
Prl3b1,3.7634670267008995e-05
Pnliprp1,2.1836770431209805e-05
Rbmx,0.07826950922792386
Mmp10,0.0004569460217193742
Tspan2,0.004318486489862019
Hecw2,0.002030910336928307
Yes1,0.005027695398515715
Traf1,0.20540359297109576
Eif4enif1,0.047324947462971625
Sav1,0.0334801580483368
Faah,0.08900623713817776
Ndufaf5,0.028974077126284782
4933427D14Rik,0.0019973551195461734
Creb1,0.1533428886669331
Gtf2a1,0.027279048941266718
Tpcn1,0.03596789792756144
Tmem106b,0.05574438072571791
Phtf2,0.0386811286017337
Nup210l,0.0030327956772739488
Ikbke,0.09541551796100227
Ash2l,0.057596963702540784
Sugct,0.005997250030945936
Acsl3,0.012665279999772312
Def8,0.008821601425565824
H1f5,0.04635336889314136
Rbm43,0.04438169368811842
Nat2,0.021638393564126904
Pcdh15,0.00034479539334938064
B4galt6,0.00015418031327985618
Tjp2,0.014924981120908573
Prpf6,0.09423381979097767
Rapgef3,0.0008448939505144026
Pdia4,0.1271938108267777
Kap,0.0025037002672178964
Map3k12,0.009585727952093677
Ushbp1,7.603136447408931e-05
Ric8b,0.04158931581721498
Inip,0.040592760811699165
Ktn1,0.08857830995814146
Arpp21,0.0011726477303083012
Chchd10,0.06068599198453134
Cap2,0.005148017660534033
Cpne7,0.004590736851922199
Gabbr1,0.04597877629437643
Nox1,0.006274240418689899
Mlip,4.011941906924049e-05
Setd5,0.15477239502470946
H1f1,0.01445362530303853
Zdhhc6,0.043636083660026734
Teddm3,0.000549739493739243
Slc36a1,0.014015046162525155
Cfc1,1.9834135100149946e-05
Cep76,0.009691888305319087
Bnipl,0.0011666141807346693
Tex55,2.5904982374066777e-06
Lrmda,0.030451334192807364
Gm13288,1.1850695343819972e-05
Fem1b,0.02686785104680481
Zfp472,0.021465109744818935
Tuba1b,0.1838102487663953
Mtfr1,0.039279409953647364
Ccdc157,0.003013222514053428
Rpe,0.05000671695388685
Cul9,0.011591147945494415
Cep72,0.00556760893026082
Cxcl2,0.00539365101513328
Adam33,0.00040828850333157263
A630089N07Rik,0.028371917313638185
Parp16,0.013714244877935333
Patz1,0.03953771897143788
4930556J24Rik,0.005109379748188641
Relch,0.08278347386450437
Cand2,0.009889802774210425
Gfod1,0.033725300571861926
Pdss1,0.02156625220519462
Cmip,0.15439191308555603
Vmn2r85,4.0091144080273584e-05
Zfp710,0.022515968890966187
Ctnnd2,0.006766740462754992
Klhl4,0.002897231106781888
Rasgrp4,0.007063204338282658
Mitf,0.009342432973315625
Gpc5,0.0004961182860348235
Tank,0.11587392038808349
Gpr68,0.06186071491316587
Zfp113,0.01589888760939648
Akap9,0.15284267394645942
Hipk1,0.1317889476785521
Atg16l1,0.04919339865368735
Pou2f1,0.04769719317999783
Apbb2,0.006865871528210243
Hormad1,0.00010585619973865324
Noc4l,0.05180365000504584
Trim59,0.07776721533725768
Myo9a,0.04843664761306806
P3h1,0.004890191222468182
Ppard,0.02422307577521186
Irgq,0.00683829106055978
Nbeal2,0.05774840562423937
Heatr4,0.00018320265150480097
Plekhf2,0.03371601639486589
Sft2d3,0.026810112922615544
Bcan,2.511347714456663e-05
Itm2a,0.1001052309190111
Gm28778,0.00041736913401734703
Adcy2,4.115761844038057e-05
Hyal3,0.0002730678037919805
Hbs1l,0.07803266303698982
C1qtnf1,4.148750086371252e-05
Pim3,0.0623266791709417
Kcnc3,0.00033192534924937823
Nim1k,0.004068002335149825
Nr2f1,1.05897861435147e-05
Zbtb37,0.014741857348066404
Hpgds,0.014491844692303121
Sft2d2,0.053914661115851824
Ccdc78,0.00022985143877463343
Greb1l,0.0014638429076851624
Dock1,0.00013585222603248987
Tmem176b,0.05968821472145285
Morf4l2,0.09074308956007299
Plvap,0.00010600715818065957
Sptan1,0.17693948585296013
Rab30,0.0005036930945954952
Hsd17b11,0.03202793973579374
Arhgap33,0.0012387654719413803
Pvr,0.01851064785201664
Prkce,0.046959056322311794
Gpr52,0.0003200331439205293
Rbsn,0.017890581772428634
Krt77,2.2837003356685293e-05
Tbc1d9,0.0002495733802122243
Atp12a,3.8638171833602447e-05
Flvcr1,0.017740789445277825
Bahd1,0.022406726245019964
Bloc1s5,0.014469928590581542
Got1,0.0967395593367837
Pip4p2,0.03460798865136081
Wdr37,0.059754940101948206
Ccdc47,0.08441259621378515
H2ac10,0.0027376000881604466
Rffl,0.018714341426882903
Rbpms2,0.0035636472303454745
Commd10,0.055014175642731436
Dsg3,2.2554558123766256e-05
Vac14,0.04193512390141129
Xpo5,0.047953566817502985
Lsmem1,0.001099467050085427
Cpvl,2.9006267866270763e-05
Dcdc2c,1.7478056395557418e-05
Ermap,0.0001126416743874292
Slc25a42,0.011391464972619949
Tmprss11c,2.3725534173646025e-05
Grxcr1,1.205690576396268e-05
Aars2,0.0072602301348282635
Serinc2,0.0010130402573063505
Prpf4b,0.1921032435849381
Rad50,0.08692929515506095
Avpr2,0.001539614149703646
E130116L18Rik,0.0002188135422354101
Chst3,0.0004242707247777704
Spatc1l,7.130546691366424e-05
H2-Q5,0.06258198015973253
Rp1,5.47276619288083e-05
Rnase10,1.472699958083211e-06
Tg,0.019437943173226
Dlg3,0.006343641561720535
Ccr9,0.060954361894277304
Mindy1,0.016643871656993072
Senp5,0.0357714656762102
Deptor,0.0013631011297661818
Cbln3,4.3615769848347405e-05
Vmn2r96,0.0056321225711522885
Dkkl1,0.015548769255931945
Lonp1,0.045370173425339354
Casp8ap2,0.07763442208204775
Dph1,0.012568612932399277
Inpp5k,0.06891505281114886
Lrig1,0.046836771291756014
Ccn3,1.1029256957284107e-05
Wfikkn2,0.0022872693090384257
Pggt1b,0.05615729385126125
Wbp2nl,2.3438908420162883e-05
Man1a2,0.11651677463021681
Klk1b9,0.0010220598036807325
Fmn2,3.440101296784874e-05
Spn,0.15011649370011498
Rec114,0.0032894755509692707
Rcc2,0.10960415855055146
Usp12,0.05356887995097753
Mroh1,0.02440744217848914
Gm44596,4.4351634288865534e-05
Ehhadh,0.006602381574704417
Rem1,2.836309879986262e-05
Prrg1,0.025554211484827317
Rbm12b1,0.005066323295773176
Zfp955a,0.012662544436727662
Rabep1,0.09307463210129027
Lpxn,0.1883786960582455
Actn3,0.00012857600310303932
Plin5,8.743538361811204e-05
Abl2,0.04470647397809293
Ckmt2,0.00015703010948628251
Tfap2e,3.1999448766750075e-05
1110059E24Rik,0.030768902117505582
Thsd1,0.0010351186398456864
Il1rapl2,0.0002701276123931412
Cers3,7.161084330783935e-05
Alox8,0.0017368688316472696
Cdk18,4.9600551555550885e-05
Cd14,0.0005583280422543518
Polg,0.04315357614680238
Cib4,7.495327063076368e-06
Pkp3,0.17889600650431817
Dnah1,0.00010678432924092048
A930003A15Rik,6.141478207539817e-05
Gm20716,0.0010526939327701694
Pax5,0.0008830769108681492
Trp53inp1,0.10535260857422957
Fbxl20,0.0672206963343799
Atl1,0.004355391011200667
Kdm5c,0.0961980949324756
Zfp407,0.07894400975917976
Mtcp1,0.003244578925336427
Ric3,0.00016287028462528918
4930558K02Rik,0.0010446140860220427
Plxna2,0.00014998924143533996
Gm35549,0.0005205363935155419
Cp,0.0009974243307219399
Gm50388,8.668188353610812e-05
Fkbp5,0.06984252162352904
Zfp932,0.022989288286379795
Fgf2,0.0010339750626253332
Crmp1,0.01740002569938896
Slc13a4,8.015707009720003e-05
Mbd4,0.013301866717571808
Ecrg4,0.0002706197435946865
Mmgt1,0.010613580812769873
Map3k8,0.03425611750914524
Lpin1,0.04662443663315651
Cd164,0.18874098455054308
Prrt3,0.0003995148740952236
Padi4,0.0036843133971801076
Iqcf4,1.369200956287644e-05
Gcgr,3.4914079272578214e-06
Smg6,0.1577878079398725
Cnot4,0.16895100594327836
B4galnt2,0.004041010183130529
Hsf1,0.08107342631695048
Igf1r,0.042253428569116146
Hibadh,0.08955494287162426
Neb,0.013640171441377129
Prl,1.6243624808198033e-06
Zg16,0.004578137065807919
Rnasel,0.04991304495015865
Nxpe3,0.08571177535919315
Crim1,0.07374526885687842
4921524L21Rik,7.73920339960673e-06
Gtf3c3,0.025363873199626748
Ammecr1,0.025197713548178752
Rps8,1.9689867757905801
Auh,0.07769359728897421
Pdcd2l,0.040989409320219425
Ltbp1,0.00017561767881286915
Npc1l1,5.121735250885768e-05
Phf3,0.19441232966795358
Myh11,0.00021329612955513607
Zcchc4,0.016396839522533815
Carmil1,0.002310813383817641
Epb41,0.185917806095429
Zfp960,6.179202026352295e-05
Amn1,0.03130086728819829
Camkk2,0.025713887664327178
Kdsr,0.03906057443782617
Dnah5,3.2954380340418086e-05
Rmnd1,0.026712668882854257
Dapp1,0.07584707509877031
Tnfsf14,0.020042706611647813
Orc3,0.05646664546643128
Klrc1,0.08182929009493886
Bpgm,0.027310992865303824
Mfn2,0.025270129183941458
Pitpnm3,9.016978472063559e-06
Ctsl,0.028578686646156766
Enah,0.00034522830774759655
Insyn2a,4.89503200171941e-06
Taf1,0.06290082682298219
Cldn15,0.00013786363610734107
A3galt2,0.0008474295506853214
Thsd7b,0.001251928918376034
Dnajb6,0.1653579288683621
Il5,0.0009296095337722019
Rragd,0.005008308364008258
Lmbrd1,0.07932861005985
Gng12,0.023163980903215777
Mllt11,0.024745127862695535
Gm5893,0.00019458992757099595
Txlnb,0.0017320950526633712
Ocm,0.00015607558868300174
Pum3,0.07424297912335735
Abca14,2.2278111044696434e-05
Camk2d,0.17157994335415352
Fam110c,0.00034947059091929716
Slc17a5,0.021728850479972868
Pex3,0.02797703077699959
Cyp4a30b,4.290265920277824e-06
Med12l,0.009134924479018017
Cep63,0.03931154748068771
Abca4,2.8261786044351546e-05
Chad,0.002854715842151815
Tnfsf13b,0.0028281579619651143
Trim65,0.033050945746103094
Chl1,0.0027319766938699373
Gm3642,1.51905449874899e-06
Mn1,0.0001565403300828121
9130008F23Rik,0.0007254487099873233
Srbd1,0.044750475792069457
Senp2,0.1041510716435392
Nol11,0.07124147463782816
C3ar1,0.0002585451603844247
Il12rb2,0.08176578430973822
Defa22,0.00017663820337955559
Tnni3k,0.00013066130846930383
Rrn3,0.034818023757966145
Socs2,0.027841507800975364
Kcnu1,0.00013949339511753312
Ccdc184,0.0010487115306312233
Map3k1,0.11571594747581822
Heatr5a,0.039077027900183435
Ctbp1,0.23638594421837256
Brpf1,0.04703461238541921
Pdlim4,0.04125732190644611
Ap2a1,0.050332304529127854
Cyb5d2,0.010225951714728438
Zfp825,0.009299889481940013
Ccdc175,0.0003077345909003218
Fosb,0.06896668831579403
Gm9758,1.4417604094758211e-06
Ppp1r1c,3.0407127253151005e-05
Vps45,0.02337609362315575
Lix1,0.0004106984267658075
Zbtb46,0.002740813402687079
Ahcyl1,0.058014801916212944
Tbc1d1,0.17138001294870747
Ecm1,0.03357400271940121
Ccbe1,5.21695895929178e-05
Slc14a1,0.05591584019307702
Slc34a2,1.3681668758930583e-05
Rep15,0.00019247635902459347
Sos1,0.05230884933544782
Arfgef2,0.04270590389171624
Adgrf2,7.20104746777398e-05
Gngt1,2.332541675836857e-05
Zfp936,2.7032428144550854e-05
Cfap221,1.6718269639667102e-05
Rgs9bp,0.00015252998858315164
Slc25a18,0.0006430239521356405
Cldn5,0.00012983115151084354
Uggt2,0.0017996046868397656
Nxn,0.02910095611609905
Lgals3,0.1538064384509414
Map2k4,0.09219220455368698
Pla2g7,0.00044267897974240413
H2-Q6,0.2649263196670982
Abcg1,0.06618160004039882
Mipol1,0.02904488360007063
Slc16a5,0.02050299271492974
Ly6a,0.4324025060635709
Akap11,0.052574134949315426
Spag9,0.12576648234352292
Dclk1,0.0006736118579483992
Xkrx,0.002150938622841955
Prkcsh,0.08403961630559381
Pde7b,0.004923101046817499
H2-Ea,0.00014858308358401027
Lrp8,0.006404098963606397
Snapc4,0.019649703089007944
Cma1,0.00042227359447946444
Tmem62,0.02329094550095206
Sh2d1a,0.1849351006908296
Vhl,0.021675444991518657
Gan,0.015180326753133062
Calcrl,0.04108346951394987
Lrrc51,0.0035633278365373587
1700025G04Rik,0.06673926443203675
Prkaa1,0.03597450909056328
Cd160,0.16353925498187946
Tvp23a,0.001984579737212707
A930018P22Rik,1.564537036274798e-05
Fbxo3,0.050556970972001895
Pank4,0.02230627609874419
Apoh,0.0005065286901828447
Col26a1,4.2732618337741087e-05
Slc28a2,0.11614365165007409
Nr3c2,0.005327640819935181
Cysltr2,0.022748137272586386
Sh3bgrl2,0.003358194116456301
Jade2,0.05971563546785343
Zkscan1,0.04234325551684186
Mctp2,0.10633595343319246
Rps24,2.448174175405955
Pafah2,0.0015777636096555108
Rbm46,4.116843022027284e-06
Mtmr9,0.030029166155681533
Wdr5,0.03826063957942879
Tigd4,5.201950391193978e-06
Cnnm2,0.020682464037528325
Chat,2.5175062041951438e-06
Atp6v1c2,4.9318226393659866e-05
Rbpms,0.02148755754969418
Ints11,0.07527516112311147
AI597479,0.010915188673021861
Phldb2,0.001410479215542799
Ubqln4,0.028042423291232542
Rassf2,0.09853253564279467
Ccdc191,0.024027762348958228
Sult1a1,0.0006899540141713799
Zfp456,0.0037517642517204265
Hif1an,0.03385016021870001
2410137M14Rik,9.671006692187805e-06
Arl14ep,0.028344281790769966
Arhgap24,0.0016826892587725277
Kncn,2.2987490076463672e-05
Mageb18,6.50270938614858e-05
Pak1,0.010421949798192956
Ddhd1,0.04439054890748653
Tnks,0.059222792714415835
Gnai1,0.00012340411209747293
Ascc3,0.16906652916858275
Rnf19b,0.05111318437800245
Lepr,5.763383331844516e-05
Gucy1b1,0.0019839254495383567
Zfp618,0.00013053410363708076
Slc35f3,0.0014753128366741663
Fate1,4.020001009665087e-06
Mlxip,0.05955688938287499
Dgkh,0.030694334535221815
Ryr3,0.0029835319909235812
Iqcf5,2.728596916558495e-06
Thap12,0.05459708566704483
Thbs3,0.000687828133267208
Myl3,6.636492680171524e-05
Mxi1,0.05113642734773341
Rspo3,1.1137004127110512e-05
Ifit3b,0.011324539972673386
Zfp839,0.0057751471259238725
Rttn,0.018119570249023612
F10,7.331390243636043e-05
Egf,0.0022499433391807546
Grk3,0.003801522540002252
Dnah7a,0.0010490419578209989
Sbp,3.0575523940688435e-06
Pdpk1,0.08362760463947187
Plek,0.04878362074607016
Mthfd1l,0.05868567681088861
Msl1,0.07579503770035408
Kctd12,0.029196601798513282
Gphn,0.7121971987305917
Ifi205,0.0001495198188275501
Slc25a15,0.00472005667103095
Pgbd1,0.0006778286926232427
Ralgds,0.012992256563276112
Sipa1l2,0.020369293178162908
Ubtf,0.14293215509283996
Fbxo41,0.00012476541624482695
Crisp2,1.9774445482060014e-05
Tekt5,0.00011938727866974319
Lmln,0.0015651708272045601
Aqr,0.08227635310172328
Lrrd1,0.0006952782873194919
Gm3005,1.79317540403731e-05
Fsd2,0.005320524278985822
Supv3l1,0.024191580464462386
Vps4a,0.06357592815505224
Ly6f,3.4497891054416817e-06
Dynlrb2,0.0001336673948860558
Ankrd42,0.0003662145268969822
Washc5,0.03127175435474587
Cabin1,0.11816900991487012
Tenm1,0.0005767528414791723
Gfra2,0.00018294111214131373
Siae,0.014281880120672278
Ngly1,0.1000773042998831
Pard3b,0.0014326754085868718
Ndel1,0.08126920045863117
Vps13d,0.0820286452920785
Srek1,0.10786948181982217
Ext1,0.08469402884095335
Smad1,0.02639051142288264
Nek10,0.0005589054145663387
Gucy2f,7.029727594921603e-06
Dab1,0.00024907401876632276
Asic3,0.0001411519320234069
Slc1a4,0.0011553302245125528
Prom1,8.156624078099007e-05
Trim46,0.0047678789764054276
Cryab,0.00027308961891863077
Enpp3,0.00028674854911791637
Treml4,0.0001315082395283525
Tdg,0.03993636264687098
Selenop,0.17201529390925335
Camkk1,0.0045941326977772395
Gramd4,0.09005198628266665
Slc15a4,0.019856021684986666
Il17rb,0.002923063402538043
Ptk6,4.355908223199417e-05
Dennd2d,0.14787894990441838
Phip,0.1481863417034146
Scly,0.05258900722398416
Pum2,0.15481051999192363
Ncoa3,0.12459268181580115
Atn1,0.02316423418594323
Zfp869,0.06543432913661486
Eng,0.007988814897767831
Sec16a,0.05825195937113787
Zfp709,0.01195906787921004
Rcor1,0.11146415528786734
C1qb,0.004405086552702654
Tspyl4,0.02683350713398254
Zfp169,0.022870839260008886
Ntsr1,3.059359149718857e-06
Gimap4,0.49076360844107675
4921539E11Rik,4.5939747141141187e-05
Zfp599,0.006391937375162575
Alx4,1.890763525889885e-05
Irgm1,0.09031515597519568
Mtrr,0.021397800087836465
Ccdc110,5.692247940672903e-06
Tubb5,0.49360791477336813
Osbp2,4.592813413439536e-05
Trpc1,0.0018491784586311866
Stag2,0.1653366356195554
Golga1,0.04059221479416809
Arhgef6,0.13607205952623874
Zfp160,0.021186389842166423
Smc4,0.34581561202573824
Fpr1,5.6139177329576044e-05
Hexa,0.05282097862894034
Spink4,0.0004006888472081583
Ggcx,0.007356761259771443
Zfp830,0.048467254752237066
Hsd17b4,0.053619960691555967
Zpbp2,0.0046295588980639095
Ccdc106,0.0027327448148639416
Shisa2,0.0002482131651068785
Lamp3,3.473528493859555e-05
Nfatc3,0.25682280951147846
Rpp38,0.011257775033710306
Emp3,0.5195268067784439
Cdc42ep4,0.002215672240440855
Slc25a36,0.04603825942219666
Socs4,0.04241315546151107
Pdia2,6.161643781812122e-05
Ccdc15,0.018203070956993358
Fam83b,2.451843112225546e-05
Dapk3,0.08842436257529522
Iffo2,0.030880548950759222
Amd1,0.04130227985163504
Tada2b,0.02089076232157744
Cyb561d1,0.01090345875134139
Nod2,0.0019744479024168
Rab37,0.11039799748491189
Uprt,0.00997236225644536
Ppcdc,0.061969113922834204
Dtwd2,0.011730632842841085
Dhx58,0.017287337264915676
Pkd2,0.000913172130468392
Lonrf3,0.0006893091766225875
Agtrap,0.04304265173566739
Tex9,0.018427315444462664
Itga2,0.011750297816041911
Zbtb39,0.011615569793822922
Fcgr2b,0.005082055937713188
Wfikkn1,0.0004025722838990045
Pik3c2b,0.002823481171979841
Marchf3,0.03707928678992879
Pla2g2d,0.00021291200163690854
Mark3,0.09486379630518553
Il6ra,0.13343023109767108
Smarcd3,0.0006466488293825683
Eps8,0.0017196277582647
Syt7,3.2202093008113175e-05
Mettl8,0.02614845384992752
Cngb1,0.00011112115344608754
S100a9,0.012427522975567847
Crybg1,0.0935501556333337
Hdlbp,0.11567126768811231
Siglech,0.00013706092261391042
Med25,0.05438295579983805
Abcc9,1.3506685865654607e-05
Gm43064,0.000603273895858803
F11,6.931281241804807e-06
Ddx10,0.1012402712162695
Ppargc1a,0.0003968313949227668
Synj2,0.01802917454213091
AW146154,0.013858983936728898
Pla2g10,0.0002590181624426273
Wars2,0.02358741587449692
Ccdc28b,0.01566746624973496
Adam12,0.008932531570368043
Lman2l,0.034665315394280576
Zdhhc13,0.028281452706398504
Serpinb8,4.737527610464604e-05
Slc25a47,0.002205520014322713
Csmd2,8.33747426223392e-05
Zfp41,0.003776229829198429
Ankar,0.00030674318527326125
Syce1l,0.00014520660603733616
Heatr5b,0.030363158208935963
Wnt5b,0.009252761027962639
Fbrsl1,0.05773973279223422
Slc4a4,0.0016832243706439052
Klre1,0.03935023209902134
Itm2c,0.19562699975628797
Zic1,3.567621100346251e-06
Fxyd3,0.0001527015403529318
Ltc4s,0.00041093076351423935
Nlrp1a,0.0014104682077222073
Cxcl13,0.00018725947112311231
Csnk1g3,0.09422558605537651
Vkorc1l1,0.017536529304977858
Cacna1a,0.019452120821707154
Accsl,3.4921319525407427e-06
Cd1d1,0.039421795342685154
Ccdc166,0.016550351105661085
Zbtb34,0.007373291644330934
Braf,0.07058288298021197
Rhob,0.04439806354070785
Lgr4,0.0004385563405012205
Wac,0.21905673041752952
Nfkb2,0.07153823049836655
Tcf7,0.6076651414606652
Gm3164,0.00014502199655959643
Abhd18,0.026906371205976144
Postn,4.806613960281453e-05
Yae1d1,0.008621287914217905
Pcsk6,3.199364766803867e-05
Cd36,0.0003876062252376956
Parp12,0.012571399032535163
5730522E02Rik,0.00017528565091531146
Pank1,0.005709164370679153
Esyt2,0.23026529238194865
Setd1b,0.058129123533994714
Tef,0.016972097859594974
Usp6nl,0.023423538380382466
Scaf11,0.23675863747965673
Atrn,0.03844165516565917
Prkd2,0.16648809673449322
Tmem156,0.02336343125791659
Rnf123,0.0655764326968148
Slc16a11,0.0053992237226927475
Trim21,0.043768499660618465
Fam199x,0.01090823523972395
Cyb5d1,0.006782508711736597
Tmem201,0.010516180346984129
Cnr2,0.009991134690775831
Nfkbie,0.057361310619598385
Asb18,1.1667492919135449e-05
Itprip,0.015853218693636817
Cbx2,0.0047396939706684385
Xpo6,0.08502015872647287
Nup210,0.16323602762667352
Rpl39l,0.001825438033481328
Myo5b,0.0009440726984735856
Os9,0.15582809768411068
Lrg1,0.00027126398855749817
Ar,0.05357392259708926
Nwd2,5.9046800363196566e-05
Rerg,4.059834592007819e-05
Col23a1,0.0025733377650111987
Gm32916,0.0001878765879786348
Spag17,0.0006898385955820411
Bnc1,6.074757835393062e-06
Carmil2,0.06788671381087433
Snn,0.004467329384991481
Pacs2,0.03178783505338098
Gm3411,0.00024058592388140912
Ccl5,1.2131170139221887
Slc4a3,3.8620395547630124e-05
Hmga2,0.0003119394576683817
Cpxm1,0.00010348880231453146
Arhgap1,0.11442155704635162
Zfp644,0.11079000927464963
3300002I08Rik,0.014816745734349119
Pptc7,0.04707153277688639
Ccdc14,0.003688575187636734
Lysmd3,0.03813108543650491
Sf3b3,0.18976626806244243
Pmel,0.0038796142949881654
Grk6,0.2661852359733021
Cntrob,0.013434936247488868
Rdh16f1,6.168419326592517e-05
Dhx30,0.0640853258184322
Nisch,0.12060591298765493
Gm49355,0.002312602105598724
Dusp14,0.007073022105417525
Nkg7,0.7700028486766818
Galnt12,0.06385222029748983
Ulk3,0.022399363578702657
Rcl1,0.056110155604128555
Wwtr1,0.0001947927935827526
Eif4ebp3,8.195221260990766e-05
Pdzrn3,0.0008163506964994823
Ankrd52,0.029625813563642096
Myo6,0.02791369158548463
Steap4,1.1414977374149717e-05
Brd7,0.08849062484267091
C5ar1,0.00018056666618407118
Dgka,0.4498650800748109
Rsph10b,0.0007819550079416776
Tmem204,0.00044226950063233606
Ablim1,0.518842455361373
Cd300lf,0.0005494542875749323
Gxylt1,0.050283315558534686
Prrx2,0.00013048856333387998
Ccl11,1.752458280929915e-05
Txlna,0.05744069256411452
Dkk3,0.0027054856732476006
Eif3a,0.2830368820062883
Mdga2,0.00013783209599430238
Nab1,0.14431987475715194
Cacna1d,0.0066342615084362
Kcnf1,0.00016758258630453525
Foxp1,0.49682598447698123
Pigw,0.0073899571851367505
Sh3bp2,0.016036237672100273
Mad1l1,0.04426910430346562
Tmprss15,2.0530511522483074e-05
Dnaja4,0.026534323320932526
C1qa,0.003376176054069817
Serping1,9.316032494977296e-05
Npr2,2.1844946691675315e-05
Syk,0.002026301673427849
Smc2,0.05778914448542945
Mkln1,0.11963812521279676
Zbtb6,0.016516502194425034
Opa3,0.026572394473257117
Fbxl17,0.12860550450446925
Fxyd7,0.0028442316996294234
Slc1a2,8.47096667540261e-05
Cfap45,0.0007236156889270968
Wdr81,0.017299893140704587
Slco3a1,0.13014094908676888
Asb3,0.09702465767939997
Irf8,0.039542680412319654
Tmem87b,0.03159670508513002
Trib1,0.023374622047142288
Slfnl1,2.5917032307041116e-05
Cdk5rap1,0.020982634210153485
Rccd1,0.015950086990087913
Kcnh6,0.0035513992861337875
Gm3373,3.045729928255221e-06
Chaf1a,0.014303437960131659
Ica1l,0.0027654779722890727
Syt3,0.00020103694769643625
Lamb1,0.00013777671714740753
Ctso,0.05523563032391094
Clvs1,5.236640566310702e-05
Bcl11a,0.0005638816153974629
Ppip5k1,0.010774572459258528
Nrp2,0.004350592939015116
Adnp,0.06043552605499463
Btk,0.0006755230836457735
Scmh1,0.026420669092186634
Pspn,2.84994261040866e-05
Elovl5,0.16357872828532094
Marchf10,3.758147876345781e-05
Ulk4,0.004738107455833009
Cep85,0.04199649595572313
Fcer1g,0.29366857038669897
Myh10,0.0015330414441586595
Ms4a6b,0.5943867551774948
Ehbp1l1,0.04126133312978264
Nup214,0.0757556463702802
Mis12,0.024618058465693586
Ncf1,0.03952100371360618
Washc4,0.09566504052827574
Glp1r,0.013478535395490881
Zfp217,0.04395234204037882
Napsa,0.021762632617406408
Kcnip2,0.006346559006765941
4930596D02Rik,3.0592519099822508e-06
Fancb,0.0029588603820574653
Mutyh,0.007841658454851531
Hexim2,0.002584032555983945
Srsf1,0.09092945689854198
Sik3,0.15469939025355603
Gpnmb,0.0018487624764388377
Vpreb3,0.0005476404079101869
Mgat5,0.10698531068454177
Cavin1,9.789463182096006e-05
Sall1,2.172213905649688e-05
Hs1bp3,0.007074317747442997
Gm49325,0.0003615030481022827
Ppp1r27,1.775703346700243e-05
Rps6kc1,0.010063004027851062
Epo,0.0035667902182516635
Pip4p1,0.07985716463775283
Zmiz2,0.06219872165808648
Rnf24,0.006273568241002995
Atp1b4,1.5441608671512163e-06
Hsbp1l1,0.0007173929535053448
Oog4,6.817125766678105e-06
Rcor3,0.019998185162652508
Fank1,4.837566457775425e-05
Prdm15,0.017368049378123262
Sebox,1.4403401141966726e-05
Scd4,0.00037628840503380013
Mmut,0.022954886204713313
Nup160,0.036799436144253156
Rgs12,0.0037372864236899822
Cenpf,0.013176982028292409
9330159F19Rik,5.24592912294116e-06
Ap1b1,0.08259828953972609
Trpa1,5.732818552474348e-05
Fam186b,0.0009575130044551777
Timp1,0.0004501446166104069
Klra2,0.0001660475116133947
Bricd5,0.0001803343447327036
Cds2,0.07627527802692867
Lrp2bp,0.005930490279420076
Serpind1,0.0007098459769564635
Il16,0.25786330444547356
Uba6,0.04409484956481414
Klf2,0.7539940142229535
Casp4,0.023968462810531853
Heatr6,0.05676273602665174
Tmem132b,0.0004038718428864233
Ikzf5,0.017470036826039273
H2bc6,0.008552241317502535
Pxk,0.06522986183249437
Tle1,0.012454545123055943
Ebf3,4.772986949547996e-05
Nwd1,0.00017940471012949812
Rbfox1,0.0002659088735968045
Phf20,0.07567070979111624
Prss3,2.7543270616438423e-06
Dagla,0.00023451667595144883
Rab6a,0.09130519456239404
Ptpn5,0.013766516345063734
Zfp318,0.03332444319588539
Hunk,0.0001918920416399077
Ide,0.06435709393890494
Cabcoco1,0.005291571015018876
Hibch,0.03500105428566439
Bst2,0.21159572831651585
Serinc5,0.013254876594653865
Pfkfb1,0.004023501372354654
Kcnk13,0.00022635994358092225
Sec14l2,0.0006545676152236317
Mepe,2.5867613807488208e-06
Nfatc2ip,0.030584381757690335
Cdip1,0.04012277401476474
Dcdc2a,7.239868738142381e-05
Atf2,0.08846009996656436
Nmd3,0.07102527052717232
Reep1,0.001038037538372777
Cacnb4,0.0010293821001574007
Guf1,0.022854858068984504
Brox,0.030451229195085163
Ddx60,0.042301563106006204
Zfp93,0.0024064852075587756
Csad,0.016188468884716593
Rgs16,0.03160584072727107
Dcaf1,0.056241312991459305
Pofut1,0.03276123207719542
Gucy2g,0.00035341329345390447
Tcp11l2,0.16961917090805026
Clu,0.0003580965696811815
Slurp1,6.35963463632469e-05
Wfdc5,2.4456246038420426e-06
Mtus1,0.0008359578148359536
Mia3,0.13124339073495683
Actn2,0.08090183792137533
Wdr91,0.022094869966567485
Bdh2,0.0003683367514309746
Klf10,0.0306581752013339
Ifnar1,0.11623686561678127
Kdm3a,0.0685433130034269
Lsmem2,0.00022542366303514877
Pcp4,0.00011652031394292336
Med24,0.022215505092804472
Mtap,0.07866495742201046
Cylc2,9.25734692790836e-06
Rubcnl,0.0015245205780227635
Rhou,0.0014757913322131487
Zwint,0.07455403130942848
Doc2g,0.0008395905491243019
Hs6st2,0.0005566139524917969
St6gal1,0.12361269411532504
Snapc3,0.05949004029488662
Hmg20a,0.06868963092563012
Endod1,0.029609187511653968
Bche,1.775442086400849e-05
Pla2g3,0.00011205039833134401
D130043K22Rik,0.0002921669139251485
Pros1,0.005113501503665872
Sp1,0.07218051655348369
Actr5,0.03490454963097501
Tnrc18,0.04739414006421794
Tbx21,0.08866514101420019
Jak1,0.6729478097627405
Sec23a,0.03396334419478911
Slc26a3,6.698418961453998e-05
Dnmbp,0.01645838812528317
Prss23,4.079064936859016e-05
Tasp1,0.07992322465137139
Pkn1,0.19209582114022522
Pot1a,0.03176793632779729
Catsperb,2.920174509774632e-05
Zfp60,0.01317840250267765
Scn2a,6.839008097066938e-05
Csn1s2b,0.00031593216309561275
Gpc6,0.00014227219599463435
Cldnd1,0.08229117413547896
Aspdh,6.245759688028523e-05
Wdr75,0.06276266813714437
Prkca,0.28122298359057024
Atp7a,0.020069151619219055
Xlr3a,0.000326134857892428
Snx25,0.026753698387982916
Tmem179,9.022496822301008e-06
Bcl11b,0.2551722903315181
Fhl4,0.0010059738717943573
Crot,0.07200007195117339
Cog6,0.03160507423349715
Strc,0.00020412478478512182
Ube3c,0.08661290275177472
Mfsd2b,0.0009460363151024029
Asb9,1.0159028231889712e-05
Kmt5b,0.1113506409634536
Sgsm2,0.012479941708833361
Pcx,0.002232327129792738
Lbx1,2.832167575822828e-05
Thbs4,6.561769631090817e-06
Zfp827,0.031126838842540167
Lrrc34,0.0002055588431415144
Ccr5,0.044144339577374146
Tlx3,1.4907375310375533e-06
Cxcr4,0.03992557604430333
Aif1,0.0021495449188828637
Plekhb1,0.0004254269728326255
Zfp952,0.01586406649473141
Sobp,8.795915170354345e-05
Trim2,0.005701013796907963
Birc3,0.14167004878746578
Wnk3,0.001232012166502815
Cxcl5,7.289335149610652e-05
Lpcat3,0.058282200591671086
Tbx2,0.00018369916344719797
Car8,0.00016286576166878926
Sun5,3.6147174540160664e-06
Diaph2,0.11646946648639152
Etfbkmt,0.03384543898160939
Ckap5,0.062399362705242406
Ogdh,0.15793776369606644
Gm15056,3.1757018152037024e-05
Fbxl22,0.00315506946168895
Asic4,5.017177868140153e-05
Slc26a1,0.0002445075366794904
Shld1,0.07447438860330045
Tox2,0.0246310586721183
Il1rap,0.017320313658414757
Mrps27,0.027893616157015716
Mei4,0.0007630745890088454
Slc23a2,0.03324484374794723
Acsl1,0.014754719444325048
Slc35f6,0.011914754214557274
Prkdc,0.061464544213730335
Dock9,0.027110191421380908
Tmem215,2.2973852967372823e-06
Lss,0.011445761178122798
Apol7e,0.10014862344121508
Kcnk4,4.131915828206795e-05
Matr3,0.09555836849557822
Alpl,0.0002705870176765229
Rasl11a,0.004702730789896148
Gm49804,0.0003820789948116831
Cul2,0.05408541444822731
Neurl1a,0.00015886339233936916
Tbc1d12,0.014909208112457405
Socs3,0.10883042164579813
Rnase2b,7.912039954228677e-06
Lkaaear1,2.2862376645882393e-05
Sipa1l1,0.16356690754298736
Fam53b,0.06961425717554037
Mars1,0.04301011666439504
Stap1,0.07453136455717736
Ddc,0.03546092707494742
Ccdc142,0.0030024510582258588
H2bc4,0.006146522114956458
4931414P19Rik,0.006430457645028154
Rasgrp1,0.2665874387895598
Prrc2b,0.15481144142189235
Dele1,0.03572375652185626
Smim10l2a,0.0014636695202628516
Mas1,8.345119118636464e-05
Nrip1,0.19056280197150255
Zfp438,0.01604232539735019
Dnajc1,0.19547967111334902
Dvl3,0.019860081955571308
Ppp2r5d,0.033467654697372944
Polrmt,0.01798252936056024
Spata13,0.14965852717841008
Zfyve1,0.019829543231657153
Fbxo38,0.10821925687521615
Pitrm1,0.040167388868859046
Tmprss11a,9.92146705337287e-06
Igtp,0.12316325390508626
Stfa1,1.3166710331264866e-05
Nt5dc1,0.09510605722439848
Abitram,0.022779450774347117
Zfp654,0.08980739850306964
Spaca7,7.75065398149363e-05
Chrna2,0.00023655549749401948
E130114P18Rik,0.000899167933030073
Rbm24,0.001964738646764287
Zfp821,0.009232472885785891
Nmnat3,0.020409265480796676
Filip1,0.0027369022211208033
Adamtsl4,0.0024333246757704046
Acad9,0.025474600122312174
Shoc1,5.745447589422201e-05
Bclaf3,0.036537062064160464
Twist1,0.00010238540961826081
Gm9195,2.4950247101112287e-05
Rcn3,0.03547845642523005
Eml6,0.005123658570919412
Spp1,0.008868894677308387
Myo1h,0.006707689981373704
Mstn,1.3916510364140789e-05
Scnn1a,0.00014234073200463846
Teddm2,0.0024758291602930724
Cd9,0.09497212302421305
Wls,0.05062671832709811
Ret,0.0035763331352938873
Dym,0.07785333350254382
Ipo9,0.04197324336596576
Tfap2d,1.736199155398538e-05
Vegfd,3.5380396581659456e-05
Rims2,0.00018642107608219107
4930407I10Rik,7.78599964686313e-06
Qser1,0.009821360791966558
Gsn,0.050585855746502026
Trem3,0.00026631697787913395
Lclat1,0.03810410757260878
Galnt9,0.011259891642637517
Mcoln3,0.006024284075092873
Serpina1e,0.0002719178858205099
Golga5,0.06107185324127708
Cdh1,0.020625025840336996
Pigq,0.028983079200856916
Cacul1,0.047643100204361084
Tnc,0.0019894532226153432
Ppp1r12a,0.3674753661108758
Limk2,0.06181300422663652
Slc51a,0.00017824540872411952
Klf6,0.33157921751382297
Kmt5c,0.025416578714798698
Zscan18,0.003369915175418882
Actl10,1.2442862792627076e-05
Hsdl1,0.05452289334491361
Kdm2b,0.1201107640468314
Zcchc2,0.0506537995100546
Ifitm1,0.010813227697364603
Ddx21,0.15994967310047528
Nbn,0.028999474833175998
Clec4a1,0.0002272205162291865
Tmco4,0.03751010482918345
Gpr4,0.00010377807577933219
Synpo,0.0032703405347431313
Ankrd13c,0.047640360104026815
Dtnb,0.07650789756475708
Vinac1,0.00018284101641044656
Edc3,0.037100969497356265
Slc15a1,0.0006099388542273928
Arsg,0.004494874714539136
Dnah17,0.0033223181087366203
Teddm1b,3.829412718737913e-05
Tmem123,0.18096434119717097
Prkcd,0.04921450742516778
Prr14l,0.06504710749226936
Cnnm3,0.022265544003206694
Zfp623,0.007053959410597305
Sec23ip,0.04008391069212851
Cpne1,0.014534272606438256
Tasor2,0.11335651901945615
Ncl,0.5088087955438937
Fam169a,0.0014599307023639005
Unc93a2,7.287930507650801e-06
Urgcp,0.047850288542369834
Sdr9c7,3.877915810079879e-06
Ddx3y,0.04837967583237588
Usp48,0.1254676011880978
Mapkbp1,0.005490310435447749
Itga6,0.08272381718730037
Fyco1,0.07500544802228525
Irs2,0.03102415833434991
Cfl2,0.04668339892308964
Apoa4,0.0002445252781919208
Lnpep,0.3090819724064541
Tcp10b,2.4074830139361484e-05
Prl2c1,1.5397935514252305e-06
Klri2,0.002691889882808001
Xdh,0.036158447480463235
Arrdc4,0.0160867280740229
D630023F18Rik,1.2785276529953193e-05
Pbrm1,0.16995852327684358
Ppp4r3a,0.11956999243278113
Gm49369,8.312891655429224e-05
Gfra4,0.00043373076459397186
Tmem74b,0.00021278935885621955
Prkd3,0.06408741656150851
Bicdl2,0.0002257988482944424
Nup98,0.09739401962572189
Metap1d,0.032298088632530385
Mfn1,0.022326643186602903
Cpq,0.021747256532707943
Foxn4,2.433171485674546e-06
Erbin,0.1484724463704281
P2rx2,1.2729023611145338e-05
Sp9,0.0006835396933312526
Pkd2l1,2.258192366031255e-05
Rilpl1,0.0034363177319932416
Adgrv1,0.005392194101770797
Pcyox1,0.015002065567505279
Mvb12b,0.03991381459779817
Ift80,0.06670819507694302
Tle4,0.14787044201033342
Odf2,0.058023302322293455
Polr2a,0.23216885772103646
Spx,0.0003517132996208072
Klrk1,0.08115793365541973
Mturn,0.030821351346947534
Fsd1,4.7254248564430816e-05
Nt5e,0.08028337535161971
Star,0.0012914206573373449
F9,1.766907979769195e-05
Hdac10,0.011350640616935605
Zfp729a,0.014680764373521777
Plch2,0.00010312430028099287
F13a1,0.0011124858914401679
Trappc12,0.05893268008445866
Tm9sf4,0.04244126559853625
Lztfl1,0.04766322970727145
Lsr,0.004116767039616683
Cntln,0.01938444915277493
Kantr,0.02487140878181543
Tmpo,0.1290291936770204
Vash2,8.027367330986088e-05
Six3,0.00030635694642508823
Fam50b,1.7471125900744612e-05
Nsmce3,0.06504859331921377
Klc1,0.05185631388198024
Trnp1,0.0036451924357182764
Sgce,7.759483303850679e-05
Nacad,0.00046415512802340156
Upk3b,3.156543548534994e-05
Tmem209,0.044813102551470654
Kitl,0.00047148653923680524
Gal3st2c,4.159676862010106e-05
Ppp2r3d,0.028298868048271694
Ect2l,0.0016588370533144451
Ptk7,0.00051144292552123
Auts2,0.026289127922901393
Tor1aip1,0.1314854644100865
Gzmk,0.08185544113459849
Hck,0.0008296123905000489
Senp7,0.12192370263280528
Rprd1b,0.06145770872794284
Sp4,0.0823469131766914
Plaur,0.020951882832497305
Npat,0.03188688032272377
Apol7c,0.0002039832113358284
Prdm2,0.0944905631790646
Nup205,0.03262071606769171
Atp2b1,0.22625589756539963
Lhpp,0.0037927748950051477
Nrg4,0.001600868500429021
Chsy3,7.637023916933164e-05
Rgs19,0.1544496001350291
Slc35b4,0.02271064804035778
Tpp1,0.04935485030475143
Kcnj13,0.0008479707914544223
Ofd1,0.029169569679993016
Gja8,1.7977352374791036e-05
Zfp449,0.0009485144030940043
Tle3,0.08920263566303414
Dyrk1b,0.013831429921933454
H3c6,0.041264806656057904
Rab26,0.003858158872271627
E030018B13Rik,0.0008427561635700112
Atp6v0d2,0.0028877152816122755
Gtf3c5,0.018757037873451645
Mgat5b,2.527559325031345e-05
Dpysl5,0.00019253674190007101
Lman1l,0.001658422198195224
Fhad1,0.00033095343807901603
Pign,0.026265995261616607
Pik3r5,0.12736401901595246
Men1,0.023020287098267183
Slc10a7,0.05273805324969585
Pan3,0.14364664378559644
Maoa,0.0010983950609416056
Sbk1,0.02278534453421046
Unc5a,0.002637555364006595
Abhd12b,0.00014166122640288332
Aoc3,4.957691982770211e-05
Sntg2,7.317552906767364e-05
BC049715,0.0061990680747942215
Kat8,0.04125507162047041
Lag3,0.07032535020873659
Mup13,2.334060737322889e-06
Ap1g1,0.07397547552382068
Lpgat1,0.034969235136906265
Xpo7,0.09479892116873571
Rps27rt,0.0677426978698567
Tmc8,0.07787189441389215
Ganc,0.024891143876785354
Chrnb2,0.002259397556238398
Tbl2,0.012426882604760851
Zfp808,0.008929206077463428
Prl8a2,6.415574403321813e-05
Cdon,0.029312742404070866
Tmem241,0.0380191406976791
Epsti1,0.4310763245290366
Dip2c,0.011160426437055776
Zp1,0.0002689947506994332
Cdh17,0.001005783348569241
Eml3,0.04574638841662211
Ythdf1,0.07742140140769559
Fxr2,0.04212600536513887
Rapgef4,0.06168097703376683
Ifng,0.0704083942707197
Pcdhgb5,0.0003716477502644861
Dennd4a,0.339845826214157
Ceacam1,0.00035012677633472803
Arih1,0.18004422923349267
Clec12a,0.0013516509337206262
Gxylt2,0.0004067156041215408
Piezo1,0.04752419190417267
Cct6b,0.0018935437495508735
Mrps5,0.083343935846452
G0s2,0.014386731217092401
Ncoa7,0.07651714156650921
Slfn4,0.00018090163691350663
Ireb2,0.04609800854913774
Plekhh1,0.0004670562545691153
Trim43b,2.020737186430645e-06
Rfx5,0.013860204331985157
Fam187b,0.0003730893648952445
Gmds,0.07235081826390952
Mybpc3,0.00023102059102521577
Recql,0.04693685481862195
Cyld,0.20420173893265872
Prl7a2,9.746802775594107e-06
Lrrc17,0.0005052524646065825
Itpripl1,0.010308517385404111
Ippk,0.014452436915783762
Apln,0.00023674165161781315
Pxdc1,0.014425927969689065
Faf1,0.10427378464921808
Rbm28,0.07960103452424028
Vmn2r10,2.435840649687358e-05
Clca3a1,4.376442681810952e-05
Fads6,0.0017047330114640447
Rnf13,0.07655275121817005
Vit,0.00011006005971681224
Zfp467,0.019050793669049444
Popdc3,0.00015334145632137376
Tubb2b,0.007367432523645619
Suv39h1,0.02546767117497588
Parp4,0.11020059986575917
Wasl,0.10171571936543054
Sphkap,2.5065880810323466e-05
Meioc,1.8487748165242698e-05
Ednrb,0.000526291205214812
Olig2,3.3074032120472565e-06
Il12b,4.1674915145139554e-05
Cwc22,0.048382031520721305
Plcb3,0.008535873580989714
Ifna4,1.3323741940566706e-05
Mug2,7.995474837694926e-06
Slc2a4,7.405673708738662e-06
Sppl3,0.10619894471544862
Trmt11,0.030687768054025476
Ppox,0.024084027156132434
Alb,0.00011892837167449882
Zar1l,2.7350763049240114e-05
Zfp14,0.007724136367113902
Ppp1r13b,0.07948187645562456
4930402F06Rik,0.00013817701323177764
Mmp17,0.0007998866697600483
Npb,0.00023249574248768536
Tpcn2,0.012460693158096572
Trpv3,1.6164263093603686e-05
Il7r,0.5220813636442421
Abhd13,0.020083594244540478
Col9a2,2.913840327206679e-05
Rock2,0.09866106574433567
Gm8257,5.984419908517868e-06
Fcrl1,0.00483695329558023
Ndst2,0.013205619785403397
Zfp110,0.054736489836480454
Obp2a,6.99930369634594e-05
Dpep3,5.184317978239235e-06
Uxs1,0.02257177288200945
Map2k6,0.03063715487550887
Slc26a2,0.028788675437421155
Spaca6,0.0029726928398323867
Ppp4r3b,0.13473501336306995
Ndufs1,0.0661857004011765
Ttc27,0.03923869420353137
Poc1b,0.03234732602221827
Lysmd4,0.014535809037121056
Kdm5d,0.028911802491968345
Heatr1,0.05773587075062366
Cdcp1,0.0008199186219464376
Anapc4,0.05324459827164981
Gm29106,4.341613176436978e-06
Tchp,0.017142754004643372
Abi2,0.01993378215849605
Sptbn1,0.27065386194280694
Rabl6,0.060034082446472195
Dnajc11,0.034417502069085226
Rundc3b,0.06036834109831306
Fam120a,0.10094268567510173
Oaz3,0.0005403435640520941
Yeats2,0.03910936550122478
Bcl2l11,0.1104623002238321
Foxf1,5.975589357328674e-05
Slc35g1,0.011884933464500147
Nt5m,0.03296834216111543
Stx17,0.033294136277454915
Lrrc72,0.00016691432479163903
Muc16,7.73259523368279e-05
Vmn2r59,2.4175725376394274e-05
Plxdc2,0.007965947022030356
Glb1,0.04432142597367494
Ermn,0.0027972303920467886
Ell,0.032537593001913646
Rb1cc1,0.1376770531693616
Ddx19b,0.0288699621383846
Epc2,0.08051634374963569
Rab23,0.009244539948925325
Cemip2,0.015813214693512805
Bpnt1,0.02540005975271085
Slc26a6,0.0046804633974008615
Oosp3,1.8507885870301744e-06
Fzd3,0.00014477152969853384
Lrrc69,0.00033579615058485065
Sirt1,0.057160192686368176
Cdc25b,0.051409403368762506
Adat1,0.016673638149079288
Tlr11,7.142707532025559e-06
Chd9,0.12361837043227587
Dcpp3,2.879254703954968e-05
Ncoa6,0.06615785404973673
Map3k11,0.03454572465455499
Abca8b,3.068146189918891e-05
Ifna2,9.69997382331819e-06
Gm21865,9.259208748593378e-05
Afap1,0.008991426278550974
Mucl2,0.0004854009959994324
Epc1,0.18069400001598498
Kctd16,0.000419242228507954
Atp1b2,0.0008108543681583547
Lpar6,0.046447607568937295
Tlr9,0.00022885212966913736
Pcnx3,0.0313140018068883
Fam43a,0.003707025550350097
Prpf8,0.187517552834372
Ppme1,0.048020037280466145
Tifab,0.00045028578123628793
Pgrmc2,0.04149318483304646
Met,6.122160676545097e-05
Rcc1l,0.01841419223063201
Cdk5r1,0.0034389221669410483
Il27,0.0004593836707587657
Ptprf,0.0011068525794336198
Pmaip1,0.01831856080308342
Srprb,0.05531472160900087
Ncdn,0.027793884129908946
Cnksr2,9.546861041941519e-06
Chd2,0.16791000413739038
Nsun4,0.031184487307461952
Angpt4,0.00016393829511914063
Fbxo46,0.022697090902709455
Cbx5,0.04365328904674363
Ly6g5c,5.628358219480012e-06
Atp2a3,0.13705396775123063
Cfap300,0.0005064104670369275
Oas3,0.025718190233992667
Gria2,6.7314344506264426e-06
Zkscan5,0.006469814402115792
Prm1,0.000182997767787839
Tbc1d10b,0.05385664133911132
Mgl2,0.00013972046762894828
Galnt17,5.55189870904692e-05
Numb,0.10741779373795796
Arhgap29,0.007046440370509536
Fbxo17,0.01066602423822682
Tbrg4,0.039956477344878005
Tyro3,0.0031253473177855276
Kpna3,0.04762876331303202
Slc43a1,0.0026342490410057864
Wnt2b,0.00021809879835379313
Anks3,0.026892266415526885
Emid1,0.03514749898285399
Pxylp1,0.018489399728657065
Vwa8,0.04656741514153454
Terf1,0.08428518384562717
Lrrc8c,0.1586187264630544
Tmed8,0.021494441335999707
Gemin8,0.014140471719511365
Mnt,0.0302886121690205
Zfp82,0.0015087462289716691
Lrrc23,0.002037744181506704
Pcdhgb6,0.0012210501349677397
Znrf1,0.21449240798289035
Tmem150a,0.0011005380736562127
Kif3c,0.00857645575295927
Gbp10,0.010294038044829942
Nol6,0.029203338207320406
Gtf2i,0.2757670875110564
Vps39,0.03135067312433039
Zfp94,0.007464855672712948
Lig3,0.024771031255841743
B3gntl1,0.022800116860618183
Msl3,0.04742969335110248
Popdc2,0.004625283757536215
Rnpc3,0.0744352848783927
Fsd1l,0.0007622079073573387
Gpr152,4.429737845653336e-05
Ing5,0.043185914668043564
Galntl6,0.0005493588816247987
Crp,4.0527198333008464e-05
Slc31a2,0.015092908383141188
Kalrn,0.0008306729812096464
Moxd1,0.00023279563865259486
Tmtc1,0.0002075649149286657
Rpusd2,0.007228863936621188
H1f10,0.0013319448943857513
Arnt2,0.009951259188152916
Smug1,0.01345600348720275
Wnt9a,0.0003236050482231847
Cyp2s1,0.006803796389801428
Tas1r3,0.0003082245577166797
Mdk,0.0026138632106447175
Prss12,0.012566613671458662
Carf,0.0094637446080257
Klhl8,0.005190553990129025
Ctr9,0.058744787957741296
Plcl2,0.131834284842301
Apoc1,0.0006108369017160582
Ctsk,0.0005838831129658574
Stim1,0.17077000839165915
Hsd17b3,3.7308927778029996e-05
Cd69,0.18734778485259157
Zfp687,0.016002628815813765
Bcl2l1,0.033448039080468665
Kdm5a,0.13376081955343133
Tsc22d3,0.35515762731798817
Tmem51,0.001613212115124006
1700025C18Rik,3.4571030269451787e-06
Golim4,0.040378825605401424
Tmem135,0.061206677335106076
Zfp316,0.0031348979117863445
Ttc23,0.0010190612999950632
Cilk1,0.01117307791386018
Bmp8b,0.00015041161863357826
Bace2,0.0011170346138460172
Nek9,0.04977462327231383
Vmn1r43,7.271153452418033e-05
Klhl7,0.02091897598069461
Ubqln2,0.038668625526519056
Rasgef1b,0.014054451527881965
Flt1,0.00033304751841351806
Tigit,0.1475394982292127
H2-DMb2,0.002112134024027171
St7l,0.039827801944096554
Gli1,0.0002201924415130638
Dgke,0.021281334028210967
Nadk2,0.018873662921558437
Lin28b,0.00014419606236030228
Poln,0.004991881367652513
Ppp6r1,0.13331916145099443
Canx,0.2139945429986488
Cd96,0.21446806543558647
Serpine3,0.00048287393453103826
2610042L04Rik,0.0003819036507972452
Rcan1,0.01065770716410336
Utp6,0.03639223747983048
Fbxl3,0.072406367585194
Slc12a7,0.08315160361697592
Cfap73,4.923438090872734e-05
Ggta1,0.029372242571114447
Polr3g,0.016990995896626285
Ipcef1,0.1931390055294652
Atg4a,0.03703706375130131
Smpd5,0.04776994823245207
Aopep,0.19242715477921232
Gstm5,0.0024208819463440285
Stx11,0.03862700988232825
Cacnb1,0.010362494140981537
Asxl2,0.12487800004892124
Iqgap1,0.38990853588416396
Nsun3,0.025492132123024498
Gdf11,0.012488455774051754
Hgs,0.04626599225025205
Actr2,0.3437791318791349
Asprv1,7.379914438656265e-05
Yipf2,0.015243273738688667
Zbtb16,0.020860419892373014
Rnf111,0.09362820573102978
Psg21,1.5256576318282183e-05
Gimap3,0.6999573949399311
Fnip1,0.054969389720594224
Pomk,0.00792229582246624
Psd4,0.13284762805645908
Kcnj15,0.0003356778848586485
Scn1a,6.96700443577064e-05
Fancl,0.03459503868773967
Tmem229b,0.04138171077976888
Stimate,0.02198618934256364
Mtrf1l,0.021110784776190293
Pacrg,0.00014023433422945673
Usp31,0.01428523514416498
Cd99l2,0.017315957642325436
Rabl3,0.012220260338086736
Arl13a,0.0002983347038372477
Csta1,1.4950287932955208e-05
Prl2b1,8.019355795381227e-06
Sult2a2,6.23908242092502e-05
Fcmr,0.0013394810927758623
Ttyh3,0.05518913530351814
Trib2,0.06959342526019294
Tmco5,1.4995925787327307e-06
Lpcat2,0.002724709114046578
Utf1,0.005507423865957441
Rgs14,0.10732442020841644
Tdrd9,0.0006955072377125883
Cd300ld3,3.0058770969672685e-05
Prdm5,0.0013865511139377865
Trim3,0.006113173559195474
Cd52,1.494058174640471
Sdc4,0.01800391123634931
Whamm,0.04839012743411523
Nap1l3,0.00217396864850598
Gm3604,0.0054196755272008165
Trim30b,0.00038504839162939556
Zfp981,0.0003032461426109724
Snx32,0.010300935970943524
Klhl11,0.017227651305073984
Slc22a14,0.0023541437166525424
Efhb,0.00016808156350772135
Kansl2,0.0544171763168174
Slco1a4,5.476577660614826e-06
Ndufa4l2,3.023295121882794e-05
Npffr2,3.306455580539373e-05
Naga,0.04499199785025421
Car12,0.003583608522531185
Ercc5,0.03027499643702468
Tent4b,0.06508640085609957
Jade1,0.03924384060942028
Lrp6,0.05541035608620856
5730455P16Rik,0.013742396073232386
F8,0.000792271344123215
Clca4a,2.2590019674210553e-05
Zfp282,0.016988677104501065
Relt,0.02954865298384097
Rskr,0.00033884980810459605
Cd86,0.021892016959136985
Golga2,0.0376333112590041
Il4i1,0.001301922969511535
Pou5f2,0.0015848980522745362
Gm49527,0.0008837578481256179
Mroh2a,0.0005035914553236961
Lhfpl3,0.005598001609616289
Ctnnb1,0.12314117406024912
Gnal,0.002807931623005553
Fhod3,0.00013878931255595754
Usp11,0.024512886585668928
Ppp1r3b,0.01581721662952085
Ppp1r2-ps6,2.819794609166983e-06
Sap130,0.05596438192953485
Reps2,0.00021630940483472513
Parm1,0.0003193704101368771
Mcub,0.013633512949547915
Ankdd1b,0.00023293919067219173
Ubiad1,0.008180540861554658
Gpr141,0.0007260718924677775
Irf1,0.29561486316782704
Atp1b1,0.10230398864303182
Cox7b2,7.671046163463241e-06
Lif,0.001199583703432535
Kif12,8.599668219518011e-06
Tmprss11f,2.748283844063565e-05
Fbxo21,0.027429722656888228
Loxl2,0.00012025312124264494
Ap1g2,0.06246960871922196
Prmt3,0.07651031629994985
Mks1,0.011673440112295437
Haspin,0.008219299393210096
Zfp979,0.00045512665848261976
Gpatch2,0.03518374689602535
S100a8,0.009919140396875024
Acadm,0.054640489769262945
Clasrp,0.04709198456142935
Hpse,0.003479048205735697
Tmem249,5.4720227774928514e-05
Cd84,0.16011294747592786
Pde3a,4.083773103555331e-05
Gpr87,7.698586574817161e-05
Wnt9b,8.381008765064646e-06
Glra4,0.00028810298661852287
Arg1,0.001113248390337565
Zscan25,0.017412132239455095
Pudp,3.996480226370502e-06
Sprr2f,0.00010456230196772657
Gm45692,0.0010227570941032504
Thnsl1,0.0054464974256795175
Asah2,0.004831476612394037
Lrrcc1,0.037328856208024404
Zfp385b,5.716372525633757e-05
Ust,0.05019510525849037
Krt1,0.00014338356315376913
Ftsj3,0.07209237868020109
Alox12e,2.800121306572636e-05
Kif13b,0.09025487711481082
Tfrc,0.02173629986479339
Synpr,5.499850956822784e-05
Slc8a1,0.0004750169117258601
Ifi203,0.23126864899861085
Hormad2,0.0012689144864917968
Gbp4,0.12412580203370953
Snx9,0.035641004103749645
Grm3,3.272413333020724e-05
Insm1,0.0002467976109213959
Atf3,0.023051672141504834
Hoxb3,0.00017603709932572016
Cep70,0.01613775767944371
Kir3dl2,0.001321727185627902
Acvr1c,0.0004802437187417825
Xcl1,0.15184717225628175
Dicer1,0.06890069726682069
Top2a,0.03915779728744352
Rhd,0.0003935924239629126
Tshz2,0.006392604931984278
Slc39a8,0.0037940891802763247
Cebpb,0.1873568529145369
Adcy5,0.00019246230198755114
Pdik1l,0.02101213148924526
Map4k3,0.019690261434898076
Tango6,0.02121854784422743
Tsga13,2.2698781262294877e-05
Tpbpa,6.929526803762555e-05
Gm20379,1.9581334140021246e-05
Plppr1,4.5382405235257446e-05
Susd3,0.06902478675446601
Ly6m,0.0008822434973165059
Zfp740,0.04936101164009246
Lmx1a,5.8163661382313864e-05
Tmie,0.019934391414237845
Eif3j1,0.09792997330597167
Map3k2,0.1230748994744786
Plcg1,0.13515119465637732
Kpna6,0.02766651658555204
Cpsf7,0.06424230826626319
Lca5,0.00796365019565452
Tmed1,0.008132332120834446
Xcr1,0.0004004895246852931
Brdt,0.0048473726626790375
Bmt2,0.07799423154503651
Papln,0.0001537539120475474
Tbc1d15,0.10430800257251759
Grin2c,2.5589316185860045e-05
Ivl,1.7851018199607998e-06
Dnaaf1,0.0008177649590595361
Slc43a2,0.05077417851299074
Tmem63b,0.014350900763569237
Usp18,0.0457443053318434
Vmn1r74,1.952146996439289e-06
Tatdn3,0.009750280739068634
Setd6,0.021780724816274608
Sgo2b,4.27758174722116e-06
Fbxo42,0.037245018792532905
D630045J12Rik,0.00031938592380964764
Fam3b,0.0011091896229992885
Vwa5b2,2.9795957850611322e-05
Mansc4,9.428545873584809e-05
Ajap1,1.1441986435687187e-05
Tgif1,0.09534318274125103
Coq8a,0.015003126379319862
Ccnd2,0.297998643255447
Pclo,0.0001320218686615679
Pebp4,0.00019649405433425454
Nhsl1,0.0024978176991098853
4930550C14Rik,0.0012366112051539248
Gtpbp10,0.00651554562346651
Ccdc153,1.2828617834046454e-05
Mill2,0.0004209864028627914
Ttc41,0.0019495895303717412
Chm,0.04779392168904583
Kif21b,0.20794879865205818
Ccl8,0.0004679418198700411
Celsr1,0.024074483686817996
Agps,0.07594259587758706
Sh3bp5l,0.01634258706965777
Tnfaip2,0.000560801234280826
Tspan32,0.19763262364574505
Prpf40b,0.004944818150274306
Mpp7,0.07218599323092098
Prkag2,0.038245696358384366
St8sia2,7.4855242571624744e-06
Kcna3,0.039737567680598995
Rhoq,0.02000735785160042
Lrrc3b,0.0008624585918682339
Cacnb2,0.0002511604705094708
Pdgfrl,0.00027910126923348113
Slc26a4,1.539796867553379e-05
Ccr10,0.00234371323654691
Jak2,0.13785103161838172
Gss,0.01769267510877978
Il24,2.625578798636658e-06
Ttll10,0.00042588322469443006
Arhgef2,0.07926387285379939
Fosl2,0.09573906530644315
Nasp,0.09906001856128485
Fam184b,0.00012366909058761054
Mmp15,0.002071301558979559
Gjb3,2.016496566484559e-05
Gm28044,0.0013387000970041568
Aire,8.342087450208461e-05
Ankib1,0.08461369121926159
Slc25a26,0.015559732105225448
Tbce,0.05248234078286456
Nxpe4,0.0003129147892082635
Ttll5,0.0233807170283438
Naip5,0.004192534923767828
Gm49358,7.615969159104668e-05
A2ml1,7.591906235909317e-05
Lias,0.04105700282263628
Pbx3,0.014334223066574881
Rtn1,0.0001998731419575897
Zfp850,0.008587881592749676
Camp,0.003916399240256118
Lrch2,6.4627430412848035e-06
Sfmbt1,0.02262646321581669
Serpinf2,0.00024408013568990368
Fbh1,0.024785645093535997
Tldc2,0.00037575070376653257
Flacc1,0.0014344855756881138
Reep3,0.06121551903647751
Rbpj,0.05770879265560028
Nsmaf,0.09068004579859694
Cfap57,7.253747749847578e-05
Adamts5,1.043164778260459e-05
Fbn2,0.0008736603649766913
Wiz,0.0315354084381948
Raf1,0.09801701108916411
Timeless,0.02424202851329655
N4bp2,0.043064322103746375
Dnaja1,0.46007339839203576
Gm45261,7.643735258242021e-05
Akr1c18,0.0003555538448076146
Raph1,0.01580400403439207
Ttpa,1.6508946066631003e-05
Defa26,2.045847593920338e-05
Rorb,0.00020524898606874434
Zfp526,0.013774383035930133
Rnf115,0.11047037258668323
Dclre1a,0.004143831011412727
Nms,3.356292032181721e-06
Id3,0.1346437879587599
Cntn3,5.75951600573951e-05
Hsd3b3,2.613567262802356e-05
Senp1,0.07222032720810019
Vnn1,1.330145601486223e-05
Rps6ka2,0.003346249866047137
Ccdc77,0.019310539191201206
Scarb2,0.08798725505946235
2300002M23Rik,1.7123779438740724e-06
Nmt2,0.03608998783017463
Prom2,0.00012157787550890849
Wnk1,0.25176381796045444
Ubr2,0.1463207272310758
Fam107b,0.4018242353421728
Aadat,2.727080731514247e-05
Gm10778,0.0025276653908553773
Mapk10,0.00021594498534748563
Cyyr1,5.1063471879444016e-05
Nlrp10,0.00013333515967392162
Ddr1,0.0060950887520978105
Trh,7.630384441907958e-06
Zfp980,2.289111100821437e-05
Irgm2,0.05047628053943428
Fli1,0.2532162008514796
Gtf3c2,0.02797537761190975
Fbxl4,0.018296832758959373
Erap1,0.11932214637605643
Ap3m1,0.04404317596367827
Agr2,0.0002744309244721672
Cpeb4,0.021363796626873394
Zfp638,0.1467938589019302
Dnase1l3,0.0016933912086102198
Zfp846,0.014456608648654598
Rpsa,2.478913971733988
Scgb3a2,2.4978579800183796e-05
Zscan4-ps1,2.188731888284026e-06
Tff1,0.004866041005335148
Hcfc2,0.023533288359662816
Tnfrsf25,0.05579496718360791
Slc6a1,3.3979363721044852e-06
Tmem217,0.0009002938013710196
Mpeg1,0.0008708655532051631
Spi1,0.0015403426969509797
Dock2,0.8249019606608476
Hinfp,0.01603931742618749
Aqp3,0.03304489905546184
Dusp16,0.015713151137831168
Asb11,0.00011844838138503766
Zfp948,0.004033603255239319
Ttc21b,0.014289912414062581
Cep350,0.1587349150289735
Mettl3,0.037844045447950884
Slc51b,5.130487080855074e-05
Zfp976,0.0010773669153906398
Osgin1,0.04240613759070279
Zfat,0.011585330664877566
Rgs5,1.5258861755755834e-05
Abt1,0.04622930021889042
Srsf4,0.0965617648087607
Ecpas,0.07237879086892021
Rag1,0.0002282883078250459
Tnfaip3,0.33636467504924866
Aste1,0.0155772113468767
Zfp69,0.01272184966924125
Foxf2,3.9015322687839284e-05
Psen2,0.10652112046723522
Nrn1,0.010423111251890861
Hhipl1,7.1058948714356355e-06
Clnk,0.05493500892966814
Clk3,0.09568801223982988
Foxn1,8.518411542894327e-06
Gm10135,0.000668285682560735
Calcoco1,0.04522945814146968
Tob2,0.09301576957570058
H2ac8,0.05019617906051922
Gm14393,5.883393119680323e-05
Rint1,0.034600443218950686
Parp11,0.04332751719921404
Anapc15-ps,4.581764082400041e-05
Msi2,0.14121371093191915
Setx,0.1851235391847593
Gpm6b,0.013871252491556749
Nek11,0.0003291500916246345
Ddx54,0.0946121535328346
Cfap70,3.090383064404638e-05
Lmbr1l,0.07835546330402873
Hspa4l,0.04090979354170482
Stk10,0.31908884174615704
Gtf2ird2,0.021804924848848786
Aven,0.09166553851623634
Dcst2,0.00043369325744377764
Olfm2,0.00033398817591381597
Litaf,0.15214910298338807
Pllp,5.109770322635706e-05
Dram2,0.05140235681507064
Kif24,0.003316319579715749
Mansc1,0.004834672776095168
Gm28539,0.003662843160647463
Zfp36l1,0.4936263172439352
Enc1,0.019238250131110513
Trem2,0.00022790427162204695
Frmd4b,0.043086067862727215
Mucl3,6.27518948841254e-05
Hopx,0.27216047244966174
Cd93,0.003074139401890042
Slc39a1,0.016084857805165272
Dcc,0.00011756371873649324
Lpp,0.11789367113490051
Clybl,0.025215232526497534
Tirap,0.003115395386313922
Zfp719,0.012668196560752402
Zfp512b,0.0207295168671561
Sp6,0.0027720602071366358
Pdss2,0.04594091684885579
Slc30a4,0.007150775328561851
Tcp10c,2.252232110542285e-06
Cfb,8.568193129243382e-05
Abcc12,3.752349940238039e-05
Mfrp,2.85769861302902e-05
Slc4a1,5.203493064773962e-05
Prss52,3.93306568056485e-05
Cnmd,0.00018656091053267834
Espn,0.01640242360120715
Hs3st3b1,0.033572805134944685
Gal,0.00046817798144084706
Epb41l1,0.0036442603392019576
Ssxa1,2.4935077327975535e-06
Hdac5,0.025278093647235666
Ngp,0.004375256735920774
C1qc,0.0029625677669044546
Golgb1,0.07303356894043388
Zfp273,0.0032564420837631913
Pax7,1.7650271204921248e-05
Lmbrd2,0.020148026125073364
Slc9c1,2.0893386229672584e-05
Dstyk,0.018170816696702112
Clec18a,3.004340201617971e-05
Syne2,0.031284093584805016
Il2rb,0.37445736719441275
Tspan3,0.053543715569261005
Slc2a10,2.2117094141318386e-05
Plec,0.14684498872774365
Mboat7,0.05064452983811568
Cd300lg,3.683689664354271e-05
Exoc7,0.06134687695782796
Ccdc137,0.013965115708576718
Macf1,0.43466459378794486
Tmprss9,0.00020713669555707406
Ucma,1.276597559652594e-05
Ier5l,0.07722098960786682
Ppp4r4,0.00035649330870478525
Atp1a3,0.002379770734147998
Tsen2,0.01337977610726353
Tex52,2.034938172053001e-05
Fbxo31,0.03445206843771142
Snx18,0.08997422401344364
Optc,6.804808942949302e-06
Tmem71,0.12449448489717967
Ccdc192,0.0002057705165474515
Npas1,5.8355954582874856e-05
Zmym3,0.01739558323948685
AU040320,0.051479928196544116
Cpsf6,0.139095662382395
Sncg,8.319464056217126e-05
Msmp,0.0003977158698084272
Wfdc1,1.2908276400987866e-05
Tmem170,0.005205810504320559
Abcd3,0.017006517765437698
Elane,0.0010293246152678361
Sowahd,0.0005174966652476465
Slc22a20,5.708958636535431e-05
Tmem255b,6.028176882306186e-06
Klk12,2.1526126060445882e-05
Lin52,0.031032931096345157
Nfya,0.03310652167941589
Cyp46a1,7.191264262190964e-05
Gdpd3,0.001935149928481946
Eva1c,0.0002769908734252686
2310057J18Rik,1.3968674378918428e-05
Cd55,0.056398228253145825
Hic1,0.03169916753242713
Gk5,0.0058241536219268775
Parn,0.04029247752682528
Polr3a,0.03793212689616154
Cep68,0.038777781358176194
Palld,0.002203957725150238
Vcl,0.009132654295339748
Klrg2,0.00010923499352098619
Kcnh8,3.6891471436784355e-05
Caskin2,0.0015870731320493856
Nlrc5,0.16754711775914571
Cntnap2,0.0005300715677703411
Abi3,0.12188278740808925
Znfx1,0.04573519130884097
Cckar,6.516515901669909e-06
Usp36,0.06058801348841619
Mal,0.000290339456880239
Bptf,0.2244664694247497
Fgf11,3.065141311935866e-05
Tmem268,0.020417721192093546
Zfp383,0.0024380762968949374
Gprasp2,0.0037979083559297774
Sdc3,0.003425470766576714
Ppp2r3c,0.026004092465719424
Mier2,0.018459697012063774
Gdpd4,0.00014378823090730491
Sgk1,0.0800027712736411
Nifk,0.048459789373278064
Mthfd1,0.036882136920497174
Tbl1xr1,0.11708905218915452
Hmgcll1,0.00022205128603573039
Gm21985,0.0028964787847903703
Zfand3,0.1480718656351228
Zfp942,0.037165927309531895
Esrrg,7.540400017548454e-05
Slc37a1,0.031086304140717273
Clic5,0.0006636002205409025
Zfp800,0.09109446661418298
Itgav,0.0974012380452007
Zfp711,2.199935902035417e-05
Asb5,0.0032443370776744527
Apex2,0.023316324281327416
Bcl9l,0.05714121551060287
Kcnn3,2.64509557211019e-05
Gm19345,0.0001479144812066742
Fam89a,0.005523729000542665
Dgat2l6,0.00010140239028529322
Slc5a10,0.00027929703881570544
Rufy3,0.01157844209572534
Cep120,0.09444113993230191
Hlcs,0.041890804221535724
Lrrc39,0.0018677339557530675
1500009L16Rik,0.012809807795499126
Traf3ip2,0.06297935063885914
Fam98a,0.043220898933376904
Ptgs2,0.0014674773814447803
Parp8,0.09084308506378556
Wap,0.00037906786871329533
Irak3,0.00901033171295305
Eif2ak3,0.048509416445458205
Cntn1,0.004356023861719592
Tlk2,0.06539235991994241
Rbm27,0.10034362288944333
Uimc1,0.10359803863740429
Psg28,8.98660443083179e-06
Ankrd50,0.02544968528108276
Gpr171,0.06417024480435012
Sbf2,0.010734151977129996
Hsd17b14,0.0006693765626374024
Kdm7a,0.10411931043410903
Mmp16,0.0009317123135123015
Lyst,0.11769662931648311
Slc30a1,0.020303174166722334
Dars2,0.014106063652066876
Dqx1,0.0018998471801626219
Dkk2,1.4030523819461027e-05
Cpa3,0.0012146998055635931
Mical1,0.09249389725776042
Cxcl1,0.00011186854407764215
Tcp11x2,2.1531307167216133e-05
Slc8a2,9.67205730318465e-05
Fam78b,0.0040710329746302225
Ttyh2,0.0025134252339622533
Bclaf1,0.21739881655349189
Cyp2u1,0.00135284521618235
Mtbp,0.014981171834683286
Ugt1a5,4.767542067195785e-06
Ms4a4b,1.079985791150453
Nampt,0.03289252622649082
Golga7b,1.8852723682410782e-05
Gdf3,1.750322547339366e-05
Pigz,0.00032127294466731935
Far1,0.07083753163904428
Ammecr1l,0.028363477061382935
Scd3,8.547527329423726e-05
Gzma,0.4361312496317905
Hspa1a,0.05229672322022436
Ttr,0.0006422883514394855
Ccnd1,0.0018794359369428393
1700010I14Rik,0.007813567757196514
Asb1,0.011140284880579731
Adh1,0.014625600746569416
Ppp1r14c,0.004955949093806045
Ccdc96,0.00011458878282779218
Serpina3k,5.18282131775844e-05
Mast2,0.0226341749447378
Duox1,3.7962714769790766e-05
Blm,0.023338786175787146
Abhd12,0.05971566161371706
Vmn1r84,8.586462819637551e-06
Cd79b,0.030854445690900293
Iqsec2,0.000675426873922817
Foxj3,0.06690752406357024
Pes1,0.08178061034998539
Acot4,5.035511290031666e-05
Tnfrsf9,0.12471248601431392
Lypd5,4.4869766540032575e-06
Mindy3,0.06552781018451029
Ttc9b,2.1962842842432214e-05
Crip2,0.013070722524797134
Ttc6,2.0420511998110366e-05
Cfap299,0.00032377973282465074
Sync,0.0004503215253558497
Pja1,0.0919374880152749
Triobp,0.05369389968743057
Clec2g,0.0007040282186039981
Lmo4,0.04813296330103392
Fbxo36,0.004105313370547485
Rasip1,0.0007512625058855894
Ago2,0.19043471299851733
Lrrc20,0.009559502672059402
4930503E14Rik,5.513441082875333e-06
Tmem65,0.026044837733980433
Cdh20,0.00029816155122364715
Rgl2,0.034326519792430336
Bmp7,0.01912719720714319
Zc3h13,0.1335335839036948
Scgb1b27,0.0001518037644465092
Usp25,0.16800770778321414
Camsap1,0.01810199985347144
Zfp459,0.003761836115051117
Sema3e,0.00024565723650800316
Mcm2,0.039769555187982766
Sgsm3,0.005663892975152391
Gabrb1,0.00030933430058403534
Hnrnpul1,0.1372996652501787
Slc17a6,0.000405762861393507
Slc12a2,0.009842097361367532
Mogat1,0.002550269124343802
Ino80d,0.06615169500176606
Ccl4,0.11434855856848815
Stat2,0.05110986304017105
Mcpt2,0.00010818985264005102
Rexo5,0.03676271975659921
Arl13b,0.030839591654011282
Bach1,0.03419492564333574
Tpt1,1.9351859960172761
Atg4c,0.0017598510478579385
Slc37a2,0.006167083640385586
L3mbtl2,0.03221074597302062
Psg18,3.878484319066063e-06
Pnpla5,3.5928217494120376e-06
Vmn2r16,1.0141615488939307e-05
Slc26a11,0.02444340931820396
Slc41a2,0.0037851311749141007
Ano3,4.286885831197546e-05
Rabgef1,0.029336520702915647
Cpsf2,0.06251844681733823
Ms4a13,2.9065981529666424e-06
Psip1,0.2828294300367928
Zfp758,0.014362845053355937
Rnf4,0.09835932697443633
Tmem104,0.01680029770449596
Otop3,3.106636628243031e-05
Pcnt,0.07522617690914385
Setdb2,0.04906975635262683
Gbe1,0.039694442765037245
Trim14,0.108822430660208
Ttc39c,0.04248534129949608
1700037C18Rik,0.02961853794087876
Cstf2t,0.030455204542975456
Loxl3,0.0006109186769018114
Tsc1,0.033109239175302944
Slc7a11,0.0014661849672112824
Shisa6,0.00026528029154221876
Trp53tg5,6.185752777260139e-05
Sbsn,0.0005279428575587789
Ppil4,0.10042880690561258
Fam221b,0.006170015774574638
Clcnka,1.5028458242002187e-05
Tnfsf11,0.04827119620967704
Susd6,0.1415895844486315
Sema4b,0.03711931765453499
Cdkn2b,0.0015019826287119495
Arl4c,0.26203611270977334
Rnf217,0.0005496452461185247
1700012B07Rik,0.0036400753481607177
Sesn3,0.18820167738894458
Smurf2,0.09820630930855537
Gnptab,0.05827095181776363
Vav3,0.09920783799253989
Prl8a9,2.7323046676382678e-05
Rbfox2,0.00043116587416241694
Crybg3,0.012926558014757592
Rfx6,0.00014053335549860858
Wdsub1,0.008212760348473456
Cpa6,0.00013314319932081396
Slamf6,0.16071881068472588
Vstm2b,3.7064798725437408e-06
Bend4,0.024272291354878458
Ccp110,0.009052416737464613
Lpin2,0.06822566920956849
R3hdm2,0.09558599050656336
Pnma1,0.00036128212847255333
Pxt1,3.8490353722745145e-05
Atp6v0a2,0.10793182257210066
Cenpa,0.08454023148486631
Frmpd2,7.687333567065e-06
Taok2,0.04124052852457791
Fn3krp,0.0045267551865423245
Sirpb1c,6.424152545951642e-05
Tspan11,9.0564123002325e-06
Ripk1,0.0642168128067823
Qsox2,0.008262946375978669
Gatm,0.0006767822745727076
Cybc1,0.07195053391911449
Ctps2,0.09244689519905736
Arhgap22,0.00029070890181049936
Calca,0.0047064030698251115
Wif1,1.746962154863697e-05
Stard13,3.544292668139019e-05
Trim40,2.7357750769018974e-05
Cept1,0.08031682945473759
Gsk3b,0.2033484005810604
Ipo13,0.01515545256642841
Mybpc1,0.0022168071035755217
Entpd6,0.05012880658996034
Miga1,0.016802086071467187
Cyp4f16,0.009997930985326184
Wfdc18,0.0001360548614550679
Ccn5,7.94726642842045e-06
Awat2,0.0005087506341001404
Clpb,0.02635387698850844
Ak5,0.0005114801539454549
Poli,0.032612777622979004
Trrap,0.08109089279736431
Trak1,0.0554042754684251
Hnf1b,4.9965181881446814e-05
Gpd1l,0.025967012767177944
Csnk1g1,0.08184837631085742
Upp2,0.0006012841433602762
Dscaml1,0.00017494643363952534
Prss1,9.198997863774555e-06
Aasdh,0.009947197736015063
Ints6,0.07718017648118955
Bmyc,0.06349801937495193
Zdhhc2,0.029401441296002712
Ppp1r2,0.08014600400524881
Tns4,0.0017534321177892598
Bcr,0.02186424258767842
Ctsq,3.844009592868789e-06
Vipr1,0.02880220816870708
Proca1,0.0004642133690677242
B3glct,0.012034379195926228
Fhl5,0.00010405809547718547
Rbl2,0.1263229493732606
Igfn1,6.714817592800045e-06
Prl7d1,1.0003189625793157e-05
Tspan15,8.292519656231902e-05
Prm2,5.7539750055039785e-05
Erp27,0.0035153120778177206
Psg26,3.088697453687826e-06
Egr2,0.011466976059291043
Phf1,0.07540626274001139
Map4k4,0.22205007783911535
Fcgrt,0.015337573214258136
Gm36210,0.00015368841842101983
Zfp715,0.015476023423140172
Carmil3,0.00019711081839060823
Rnf43,0.020655333782577754
Myo18a,0.0346691321907879
Mpo,0.0007319988430967051
Ptprq,3.0479544613411346e-05
Minpp1,0.010876998930266129
Glyr1,0.1056920913715043
Phc3,0.09712715155102677
Slc16a13,0.0026583602216093062
Togaram1,0.030365131430941255
Mc2r,2.144016286169496e-05
Spink1,0.001026595552346934
Col28a1,5.9901697828944e-05
Bmp4,0.00011936261470112424
Polr3f,0.025585702938989013
Ctdsp1,0.05939009439270847
Usp21,0.03343455583721329
Serpinb10,3.2799506128160964e-05
Rpap1,0.024008640428257615
Nup188,0.018377735810743607
1700067K01Rik,0.0002156514542261043
Tedc2,0.007312469007213725
Zfp938,0.019321434683576423
Gm5797,2.0866032908769e-06
Herc4,0.13200860862053615
Sin3a,0.06859422242439511
Emc1,0.030084475725849977
Ino80,0.08048232831396564
Nipbl,0.2889138142954019
Atg2a,0.06801766620039269
Wdpcp,0.002948094131502293
Nup133,0.018652767624456983
Pigb,0.01700235831692019
Slc12a9,0.015157701194818858
Foxo4,0.011041571838956663
Pou6f1,0.04215887923318868
Kctd2,0.06267139106412925
Maml2,0.2493550358496788
Cep250,0.06678362304848603
Ext2,0.059284577136968705
Tcf7l1,0.002528653786608872
Klra4,0.0007286567809567844
Sdad1,0.0614809255390475
Cfap157,0.00041491809895955926
Adam10,0.12574542318456433
Tmprss5,0.0004348986786995103
Cdc73,0.07951470697075393
Kat2b,0.0678476143758573
Edil3,0.0007057900583700616
Pglyrp1,0.14335852646544647
Sfi1,0.04060637363453852
Twist2,0.0005291817656647124
Letm1,0.1007958813335529
Traf4,0.07029300285444749
Stxbp6,0.00022646255403627522
Dab2,0.0004054146312318797
Gm3336,0.00019818706647549886
Ntrk3,0.03397564406373649
Polr2b,0.07007288204697644
Myo18b,0.00043389094132242103
Peli3,0.0007140545524144188
Abcb4,0.0012694099659796892
Arid1a,0.21423630536076713
Padi2,0.08187830609153378
Sap25,0.0018453760213124838
P2ry6,0.0001398477523208799
Gucd1,0.03530879738407826
Acp2,0.009568314762390374
Acacb,0.0013343463128153911
Lgmn,0.014695948347679733
Ms4a12,1.2006289291875077e-05
Tom1l1,0.0008688168136016134
Rgs11,0.0067707516285914985
Atp11c,0.04726653688320438
Hbb-bs,0.004064029569921404
Ocln,0.00027466512613386773
Ficd,0.008845057035089525
Celf2,0.33784458054288435
Reg3g,0.00010696170888968391
4930512M02Rik,0.00010818364269837707
Thumpd2,0.026752396694861947
Chd7,0.17865591923767857
Gna12,0.03100338992497728
Dmrtc2,5.124822326328522e-06
Cnrip1,0.007798245786502667
Cnksr3,0.010238647241618517
Ccdc186,0.05002002967395964
mt-Cytb,1.143052170620105
Pskh1,0.022838747595231027
Cfap97,0.02748115590327441
Zmynd15,0.00016827146498075117
Rasal1,0.008319569635971844
Ascl4,0.000987227692055257
Itgae,0.17157022958469806
Slc16a9,5.233494578269063e-05
Plk2,0.008232583394295216
Pilra,0.00035065702984709863
Eogt,0.014467001928436134
Tab3,0.016773837089350437
Apc2,0.0003269140315518354
Nynrin,0.0006617263735961444
Inmt,4.601716970009082e-05
Parp3,0.04544943575234642
S100a7l2,9.030702702879812e-06
Adgra3,0.0010220750916705747
Nkd2,0.0007340086706160664
Apol8,0.0015544047187044893
Mup15,1.692691685268408e-05
Dnajb9,0.06893281464796228
Oc90,0.0001281116003633253
Klrb1c,0.031262033341174465
Nlrp4c,2.727300097995695e-05
Ppfibp2,0.0008310927293308668
Atp8b3,3.40146133728011e-05
Abcc8,7.820525685752084e-05
Bace1,0.0036850939617541563
Lrrc28,0.024015560279755172
Ccl20,0.0011184245012639995
Bbs10,0.0019700698497480164
Top1mt,0.00995939951300314
Eps15l1,0.07303769001303007
Fabp4,0.0003644640648773935
Trim37,0.020403816033079173
Nxph1,2.395649152776755e-05
Rc3h1,0.09741567496140377
Zbtb7c,0.0006235726251057723
Nlrp12,5.0513279263935763e-05
Spg11,0.028513848020102955
Akain1,2.148176397709236e-05
Chrnb1,0.0030718053758002854
Btbd2,0.03093627123608467
Grtp1,0.0016376524379631678
Prcp,0.024482914086494147
Phc1,0.015015151140316232
Alg9,0.01636163136864272
Fat4,0.00010973401876680054
Ncmap,0.014737506384436742
Mob1a,0.1013115760638701
Sugp2,0.03141397481578076
Fgd4,0.000208710041723387
Slc24a2,4.358589620475885e-05
Acaca,0.029934002679218398
Zfp74,0.01489885944441372
Ccdc162,0.005494012055708021
Ubald2,0.25476568920394893
Msl2,0.0660228975213601
Zbtb24,0.03711381134340649
Pou4f1,0.00030087796117757293
Gm49673,0.00011342824647105534
Ankrd40,0.042118040191093144
H2ac15,0.008308761752339239
Ston1,0.0040834121918252924
Ift81,0.0022620606217846036
Zer1,0.038766144285718895
Mlst8,0.013733705437218658
2810021J22Rik,0.009113530858984694
Nckap5l,0.0184937721915529
Fam20c,0.0001221432224417869
Defb3,1.4635299682471205e-06
Hs3st3a1,0.00017495391525191884
Rorc,0.013990079188589105
Ube2g1,0.09959563334439056
Lax1,0.11049868885704857
Mat1a,1.0697109852822246e-05
Dmtf1,0.0714507044276379
Supt5,0.11863900869627401
Bap1,0.04110492543892133
Rnase1,5.123787574782429e-05
Camk2b,0.024745372952821698
Matn2,0.0029689065502719486
Myoz3,6.0330387944187754e-05
Zfp59,0.004525064358922935
Gdpgp1,0.018402773532683814
Terb2,7.960588907161741e-05
Gbp3,0.030278696950764645
Snapc1,0.03892569667553709
Igf1,0.0005134567266562323
Mpv17l,0.008406554805788493
Man2c1,0.02650693296653044
Acly,0.1215482891028011
Krr1,0.03625381975815104
Ccdc93,0.04009530553324757
Ivns1abp,0.08368864997459123
Bicd2,0.030828972912768
Ptprr,5.632204508074084e-05
Ifit3,0.03875764887083151
Sec24d,0.02879397208187338
Arhgap27,0.05144232398653781
Zmynd12,0.0010281701737427547
Per3,0.005344661056791431
Lhfpl2,0.0006819601787776283
Ppp1r42,5.978955661381356e-05
Rcbtb1,0.07318881647192207
Atxn7,0.08190560909313087
T2,0.0001993228765340938
Lin54,0.0460939166851958
Adamts18,5.8710585160373056e-05
Jazf1,0.020997683458246978
Alkbh8,0.024922653820947546
Dhdh,0.001765321794302753
Vps35l,0.04949697710243577
Tcaim,0.020296636770925535
Tcf12,0.1895656896036351
Pja2,0.055319633131356086
B3galnt2,0.030426607776928048
Col6a3,2.8997343135277804e-05
Krt18,0.00175269166080361
Crppa,0.005814909829256305
Tonsl,0.01037973141150966
Pnpla6,0.013776770576273334
Kcnk6,0.002420498768812718
Itga11,0.0003548980335017586
Csgalnact2,0.017926745030319168
Etfdh,0.042461217770062024
Abhd3,0.000539898680899256
Mcmdc2,0.0007363719782596712
Ms4a15,5.788517398432009e-05
Pcmtd2,0.05703432942038704
Rbm15b,0.04772634614925513
Olfml3,0.0014949995718257076
Morc2b,2.5049580453786118e-05
Srcin1,0.0005460870704328095
D16Ertd472e,0.1576224646152515
Adamts8,6.923356908360062e-05
Dlg2,0.0028281096008953154
Nphs1,0.00019553596766190578
Ackr4,0.001170068105218663
Ndrg3,0.09927114381173466
Jmjd8,0.0177711533758341
Mcpt1,0.00017219363781108797
Gtdc1,0.07805645645107681
Sorcs3,5.173954106994279e-05
Lnpk,0.03323280241491107
Slit3,0.0006945452327760551
H2-Aa,0.014047187804492402
Hgf,0.00033380035624318695
Usp49,0.0012160653735047708
Klhdc10,0.04826696086469619
Dpysl2,0.05364420836866443
Sergef,0.03991191296345722
Lingo1,8.646107128388419e-05
Olig1,6.616264443247137e-06
Tmem231,0.0009855967729910829
Zfhx3,0.003043608430224212
Galc,0.007608486922086672
A1cf,0.00020680010455973553
Gm15446,0.015277506000943741
Tor4a,0.05718662673220869
Phtf1,0.05628389242321888
Kcnb2,4.013437821174502e-05
Zfp536,0.0013463878232057064
Myom3,6.085281368793866e-05
Tmc2,3.6291732703525445e-05
Tppp,0.001011300440713463
Ttc38,0.023290981379228273
Paqr3,0.00400153019683925
Lyz2,0.010209722927799994
T,1.4228119050776643e-06
Hoxa11,9.823775568672654e-06
Gm20422,0.0023116133722994735
Snx4,0.10881784009915105
Adam9,0.012649302545412718
Ranbp6,0.010363647742375574
Dclk2,0.006878024892795146
Miga2,0.006668427704237566
Nhlrc3,0.021553989025805964
Gm11100,0.0031131154969281554
Btrc,0.03608898172531195
Mcpt4,0.00012324796974779785
Tom1,0.014784406571693361
Rps6ka5,0.03305064926443704
Fra10ac1,0.04088574672163596
Dnmt1,0.11956661881127234
Aff3,0.24366799524484253
Tnpo1,0.10054976013089288
Sox5,0.009381688992992722
Ogt,0.14386920584832383
Snx27,0.04683435971512928
Uvssa,0.0242525337645512
9430069I07Rik,3.14651183073155e-05
Fndc9,0.002082207832346628
Slc6a20b,0.001813268059101873
Dnm2,0.26144470507757495
Iqcc,0.02045379193080788
Obox1,6.7523640717824e-05
Mul1,0.025087232542415155
Atp13a2,0.018460842210893835
Cacna1c,0.003606119037983842
Cr2,0.0016312728548026497
H3c8,0.002098115660127601
P3h2,0.00024702822735760696
Klk11,2.3543266666195254e-05
Pcgf5,0.10269627009213375
Prkg1,0.0006195174848633293
Laptm4b,0.008262168006454986
Smpdl3b,0.012479379064957054
Rundc1,0.01997063986288491
Sigirr,0.07225940038263386
Siah1a,0.0498286659345253
Ppm1b,0.1401220343152564
Klk14,5.605635301363919e-06
9930111J21Rik2,0.08745891433019196
Ss18l1,0.007560158517312953
Tyr,6.052380194769735e-06
Zfp114,0.0003272938055180358
Ncam2,0.00025269002149414476
4930523C07Rik,0.26375539781068136
Smg9,0.06961654542741118
Kcnq1,0.00011847269506255076
Cntnap5c,0.0001013372631886271
Pomgnt1,0.01722994383804307
Acsm2,0.0002917858486558857
Tha1,0.015345435273261852
Cbr2,0.00021340285475588466
Rere,0.11656065759289311
Kctd5,0.03435646493963268
Me2,0.10528262181049745
Myh7,4.8535961628839516e-06
Tgds,0.031161301584352877
Serpine2,0.003562585652568645
Cnot6l,0.2272274631296321
Hey1,0.0015182471231231223
Inpp5a,0.020697711793236467
Mphosph9,0.03436526518793317
Fam50a,0.10031994449959797
Cstad,0.00517843453664182
Myadm,0.011870569542602039
Cd82,0.3594609779417639
Zfp182,0.05262589716461491
Cdkl3,0.012453764085284001
Kif28,0.00016467976115013368
Elovl6,0.03512895597663306
Coil,0.015554199697054757
Ripk2,0.05185137406665413
Egfr,0.00044630089309698087
Nvl,0.06388965538007998
Satl1,4.650950038714497e-05
Sox10,1.194213184476933e-05
Snapin,0.0558601889024701
Tmtc3,0.0029882351412911065
Ppp2r5b,0.010066841847559087
Adgrl4,6.307749351807403e-05
Bmp10,7.276293627167693e-06
Glb1l,0.003930630766959647
Kcnq5,0.07456749754556403
Slc1a7,4.490990321127072e-05
Ticam1,0.012695895933758194
Fbxl12,0.06764006375508802
Amigo3,0.0004122030257645741
Coro1c,0.07093462463294892
Rai1,0.06822944569455018
Tnk1,7.827856311786614e-05
Gm2956,3.9835663451774226e-05
Col5a3,5.390671382630531e-05
Ptcd2,0.05458022810309841
Ep400,0.17765908077596881
Zfp81,0.016562320409383966
Zup1,0.1094726724380895
Cntnap1,0.0006798083544010549
Zfpm1,0.042137386714732834
Vmn1r44,3.4763551937920273e-06
Cela3b,2.0827988716312455e-05
Zgpat,0.09340504091143263
Cltc,0.1679728368021621
Esyt1,0.2269168645771243
Slc35a1,0.028078640894474604
Tmem151a,0.00076098004682471
Anxa3,0.0007759011758639918
Cd244a,0.059007149896687525
Cebpa,0.0035527476774449367
Nol3,0.00016151034553028423
Pyroxd1,0.021502982998340837
Gm42420,0.00021568775328549022
Lyn,0.046601274512322426
Defa21,0.00015722442735641222
Mcph1,0.035470170596770795
Safb,0.11234332021126177
Tnip1,0.13662256886532725
Rufy1,0.032619987914445446
Skint6,0.00013739791187041767
Slc27a6,0.003218992649661901
Eef2k,0.01506242875641955
Bfsp1,0.000424750485016126
Il1rapl1,0.037254981192057786
Cdc42ep3,0.07905173433895137
Gsto2,0.00043485937845133847
Tgfbr2,0.31758343881542755
Spata25,4.103797246926185e-05
Phlpp1,0.039950090560310646
Mmp9,0.004467299197777799
Ppm1k,0.028264880588121034
Gng2,0.14797415370503642
Fam118a,0.022861646099828974
Pdzk1,0.0013152151871681406
Ccdc92b,3.497443705037926e-05
Lrrc32,0.007863274120638539
Cacna2d4,0.013078761685925231
Wdr46,0.04977331770031171
Cxxc1,0.059757768880435054
Filip1l,0.3417999564571009
Lims1,0.1817979336386867
Ap1s3,0.023607492983912796
Prg3,4.93231367344383e-05
Gdf7,1.409301973598055e-05
Foxo1,0.2891670153308637
Cobl,0.00022528194317874702
Fam120c,0.030968181015888645
Sec63,0.11977849607411471
Zfp943,0.01870504986487272
Ubr4,0.11875904030675001
Catspere2,0.004053002007265259
Olfml2b,3.0912403298231804e-05
Ifi204,0.0016843974893181923
Cab39l,0.1014191301659622
Atp2c2,0.00011025446530593834
Cpeb2,0.01734541503384087
Cacng2,1.163625345729707e-05
Gnmt,0.00045689743184233885
Aatf,0.0756032420782492
Sdhaf1,0.08132085284560049
Akap8l,0.12717713154011498
Bbs1,0.0004748615810086764
Plscr3,0.026004078300836467
Strn3,0.11882113900305231
Anp32a,0.4131271012638982
Tfpi,0.00702748823494389
Rasa4,0.006643124250014637
Flcn,0.036480911131091955
Ly9,0.12567058657939278
Gm4846,7.484643023805514e-06
Runx1t1,4.3017194729751263e-05
Mfsd4b1,5.930049828560101e-05
Tmem64,0.10951429638233155
Lrrfip1,0.30410173680307406
Rph3a,0.0001054379470033276
Fam83f,0.0010106281126332722
Sdc1,0.0036548517262959155
Penk,0.011208123614214645
Sfmbt2,0.011385891174791156
Kit,0.04067720145148567
Flot2,0.041419683152030026
Furin,0.0732586907022849
Entpd7,0.009562953282144428
Tgm2,0.005614266820041138
Chit1,0.0009302310238708088
Golm1,0.06612863480222697
Slc9a9,0.23653888930325456
Zfp108,0.00041001892661004944
Tcf19,0.016866935402706538
Tlr1,0.016171857037598398
Eif2d,0.041034830578362755
Notch2,0.04833869745420058
Trip4,0.05416685523840214
Mb,8.046398221738681e-06
Gripap1,0.06868689764361287
Syn2,2.929901807632653e-05
Ccdc181,0.007200629170361487
Vps13c,0.07680463883795045
Cts6,2.9463900597851855e-06
Pitpnc1,0.34983839776781955
Kel,1.9432746850766198e-05
Strip1,0.05614068460190366
Adamts2,0.00024997020566442984
Top2b,0.29599248884267665
Slc2a12,0.000395061687043731
Stxbp5l,3.879237081205692e-05
Nfkbiz,0.09659982810423955
Ccdc9b,4.469325295624164e-05
Nkx2-2,1.2074070694235259e-05
Rapgef2,0.06725775709244156
Dpp6,0.00022686702526933722
Gfra1,0.00030760126189246546
Acsm4,2.086634516615369e-05
Zfp36l3,1.3843759662517049e-05
Tlr5,1.876737979767425e-05
Igsf23,0.019250811550524438
6430548M08Rik,0.0005904054893643437
Clip3,0.0018248270046576345
Ddx43,0.01750241076807262
Slc30a3,0.000407739281105246
Fhl3,0.015235836168804091
Ifitm2,0.011668966623412439
Tbc1d23,0.03885736019739863
Slc26a8,0.00042935500890462234
Zpld2,5.427804802410341e-06
Ksr1,0.027775713333217253
Npas2,0.002038598482029462
Cntn6,4.882059090477476e-05
Zfp639,0.05509412046418931
Aadacl4,1.9068899598643349e-06
Pi15,2.774418843998505e-05
Prune1,0.012843548555434878
Npy,8.946199636460365e-05
Zfpm2,0.0001834278520780053
Acsbg1,0.043200451218875745
Ptger2,0.01832117599405582
Isg15,0.1580263215645267
Aldh18a1,0.03578141964122055
Slc35a3,0.023995336838376277
Rnpepl1,0.0708901417322675
Tm9sf2,0.14476328694735366
Dnah2,0.00023190712112958263
Ddx18,0.10838516301182656
Lingo4,0.0009537154629059065
Naip6,0.002559948676045189
Meis3,0.036350484486054366
Gm3476,1.7805187013549933e-05
Gmip,0.12398780888908818
Igf2r,0.11478068484247392
Tnip2,0.019490338391396432
Acadsb,0.02771686674344039
Kcnj14,7.544864705307299e-05
Gga3,0.03568753752408008
Wdr24,0.016420805348302245
Zfp819,1.481257664696617e-05
Aspn,0.00010899443949068395
Zfp277,0.07238315058140976
Ccdc66,0.0196835868100113
E130311K13Rik,0.009580592535919195
Mup10,1.567158320493066e-06
Tgm4,0.00033763994120124746
Zswim3,0.010011533760216856
Gm6525,2.243892521110498e-05
Arf4,0.2704011178157228
Ppip5k2,0.05737907983211918
Jade3,0.00879387756509571
Mgam,0.0001622442204285252
Tbcel,0.04704627652321693
Mrln,0.00011051333667930609
Hsp90b1,0.4473091368748832
Ssbp3,0.10931282981087491
Defb40,5.772311343014755e-06
Srpx,5.4142682722974145e-06
Zfp457,0.0010087712104008932
Ccdc167,0.01959047147169896
Ccdc30,0.014352451099914435
Rab11fip4,0.045125934601728784
Arhgap8,1.3615227817290083e-05
Prg2,7.545607082623152e-05
Ces2g,1.8682821365262126e-05
Sec24c,0.08589739527600106
Prickle1,0.016669911769312807
Fam120b,0.08620287631498035
Clec4e,0.0001443441144923268
Nr3c1,0.24791737615155313
Kansl1,0.2551516026803313
Tmem200b,5.481239261292304e-05
Anpep,0.0001731848758433173
Atad1,0.0582990284664545
Plb1,3.590026995806854e-05
Flnb,0.05664069305950988
Kmt2a,0.19688440753428751
Fam228a,0.0002117148091099012
Cux1,0.09324598277736294
Cd207,4.9981617079936264e-05
Eno2,0.0009115453834239757
Agl,0.011210158149305025
Mfsd4b5,0.000404873148395603
Card6,0.07215923074110522
Dnm1l,0.05967231094026173
Gpat4,0.034042456222427915
Ptdss1,0.056424713029176544
Khdrbs2,5.281687816441422e-05
Ms4a20,9.112814923729455e-05
Lad1,0.003733866460024147
Xlr,0.0024721467106007876
Akap17b,0.007824317492504422
Gm49450,0.0011786186143645262
Nsd3,0.4026971821898738
Prf1,0.06149778941196264
Klhl2,0.038535805822015996
Tmem178b,8.816466140078941e-05
Tulp3,0.005551749267223868
Sox30,0.00016746437986785243
Ccdc152,0.0005688754857553916
Hpca,1.8126982907178912e-05
4933412E24Rik,6.007387507786693e-06
Gtf2h1,0.0492120349035724
Leo1,0.03717806857675018
Acin1,0.3163956262622221
Zfp551,0.0019739925231807842
Garem1,0.00016012024337812885
Sacs,0.03562638260283468
Ccr6,0.015152195395532786
Ccdc68,2.9822029179569087e-05
Sytl2,0.060095529007415965
Irf9,0.10928716735857028
Eml1,0.0014593926851573366
Arhgef37,4.146723843598644e-05
Gm49776,0.000606556664301782
Nrf1,0.08194557990684115
C2cd2l,0.015207053076736142
Nme9,0.00014805063412629078
Tenm4,0.0015050438392328863
Radil,4.3079306811613013e-05
Ces3b,3.6248189015554413e-06
Jund,0.9376713915855432
Rnf141,0.013057853104743057
Dlg1,0.10199223222105232
Pde4dip,0.03935802456750779
Slc39a9,0.022693389510916883
Hnrnpm,0.21077290814690325
Stx12,0.040044512858201396
Slc15a3,0.005126709025686266
Plekhg3,0.013109291395782617
Chsy1,0.08602165309103905
Sidt1,0.18696406890099598
Far2,0.0011551703720779482
Kynu,0.00029001452168868477
Sema3d,0.0003107284978101927
2610021A01Rik,0.021710116071896605
Pparg,0.001688312614351299
Tppp3,0.0023990321341656553
Tex29,9.652078578973115e-05
Tmem164,0.06971655403687181
Nipal3,0.03997463563045598
Mtmr2,0.04451695494495797
Plpp6,0.022442811621890543
Mgat1,0.046922381217370246
Ccdc87,0.00017095541980719297
Lfng,0.19115075664123332
Jmjd4,0.010009447578266306
Mmd2,1.7861098339383658e-05
Htr2a,0.0001264786297739606
Recql5,0.011967608719534124
Shc4,0.0014157553560318092
Slfn8,0.09426444336389692
Ccdc82,0.0840661679668052
Cx3cr1,0.026932976819400312
Zfp78,0.003280760930518118
Sorbs3,0.0014581444544452381
Hilpda,0.08271086483314957
Gm21173,1.4487273585806361e-06
Ano10,0.027347061572901316
Snx33,0.006824740515254599
Usp47,0.09928050105678973
Dclk3,1.1034422360779388e-05
Meltf,6.197562030655207e-05
Gpat3,0.004637011146210143
Spata19,1.1325359440773609e-05
Cnn3,0.022078652301696786
H1f2,0.10000299552616297
Shoc2,0.09007626729764798
Ankrd61,0.000617980954223952
Myo5c,0.00047406098572966
Tmem38b,0.02279539028663641
Rexo4,0.054268883454949686
Dcaf10,0.0357310023542867
Atp10d,0.11021732813008321
Olr1,9.020741612949618e-05
Zhx2,0.0714670353427153
Dusp2,0.22147346656543263
Ctsj,8.222383654074574e-06
Sox11,7.698093483768506e-06
Bicc1,8.201934051380815e-05
H4c8,0.013832704730039337
Incenp,0.03744393357761597
Pik3r3,0.002085791355568028
Cemip,0.00012425827619601975
Lipe,0.011282318486250784
Xkr8,0.006462642488735406
Mslnl,2.96168043788802e-05
Muc6,0.0014299091213202891
Gemin5,0.03749167425281031
Camk4,0.3024724519911764
Nsg2,0.18457511768122942
Abcd1,0.0269456294784292
Gbp5,0.03162972442844346
Defa39,0.00011265245248618312
Zfp62,0.058994330393410045
Pirb,0.00035663438544369306
Wnt11,0.002706043204989509
Paqr7,0.03707374880234758
Lrrtm4,0.00011916144440049268
Gsta4,0.003898778031399409
Rfxank,0.02615573948834192
Samd8,0.028430640515058926
Lrguk,4.6409111891611233e-05
Zfp369,0.022609542376046805
9430015G10Rik,0.015185432753193015
Prap1,0.0008412021316294631
Gm45837,0.00118259557049023
Kcnh5,0.00037918238364953336
Klhl28,0.033266293640624854
Swap70,0.04659434624937004
Trim47,0.0022769167687961282
Adam4,0.0004959898674044667
Zfp951,0.015341638968642646
Chst8,5.6781881079228095e-05
Stk11ip,0.015155743743070464
Naa60,0.030306158727660473
C2cd2,0.017752705472220753
Dock5,0.04366671193962604
Zfp872,1.2282713802798145e-05
Naa16,0.05901962964664125
Zp3r,0.00015225200598186194
Tmem140,0.016763261226771343
Elp1,0.04275483929858805
Lrrc7,9.138540901401887e-05
Vps41,0.07780305124075099
Echdc2,0.0033770263027867167
Pdlim3,1.4761502234666119e-05
Cd226,0.18082839124893835
Rac3,0.0015545352498622276
Ddx17,0.1409280352084753
1700024B05Rik,5.9333548642432445e-06
Spib,0.00046556413231131573
Pkn3,0.0004994112230458526
mt-Nd6,0.05384024709949064
Tnfrsf8,0.0033749492979538533
Pld1,0.0024483241082317387
Cdk11b,0.20009738390180323
Gk,0.00940595628373931
Smad4,0.11537194624679979
Nr6a1,0.00743406002124047
Myo9b,0.10806180959798732
Vgll4,0.18312370629896332
Zfp871,0.09129638830182754
Cenpu,0.0055637003799792
Dbt,0.01437880832076054
Atp11a,0.017229751005019854
Smim18,0.00019800457820580533
Tfdp2,0.03844817943181425
Gh,1.5212395948468853e-05
Ikzf2,0.2760683978341959
Plxdc1,0.00823325234961461
Tep1,0.02645551978391978
Kansl3,0.0440045124477358
Fam219b,0.021200437815314704
Phf23,0.06845022013457978
Msln,1.8135641497808336e-05
Cfp,0.0027692887621663855
Meis2,5.885084625799414e-05
2210408I21Rik,0.006814323182278805
Jph2,4.254053099097576e-05
Herc2,0.13144013099503882
Vwa5a,0.012863445470040834
Ptpn6,0.28049751650284055
Nlrp3,0.0004198900612148555
Sgsm1,2.8904476377994062e-05
Oxtr,5.201355489452147e-06
Inppl1,0.006018823382962847
Thrb,0.004065247685254939
Pced1a,0.01728502246235772
Fmo2,2.9677146506004205e-05
Pgam2,0.0004030858850175575
Otogl,0.0001960408965982548
Cd300ld,0.0001293552544308527
Klhl18,0.025736371173549773
Tpd52,0.04034326419074277
Pcnx2,0.0004922715753434662
Npcd,0.00033049610114578
Slc7a13,4.542076375211865e-05
Pag1,0.2032760618257683
Bphl,0.02390588171035193
Ctnnd1,0.00035286815465267575
Aldh5a1,0.0032107328815319694
Pik3cb,0.02502719408855412
Gm21586,1.5099514674980388e-06
Fam180a,4.739472495546191e-06
Nrxn2,0.0002696117509506034
Sorcs2,0.011213747155514507
Samd4,0.000903236887096667
Itsn2,0.22995419759690086
Akt3,0.08368671228487118
Rnf145,0.10196122181090718
Ubap2l,0.17803111643514175
Gtf2h2,0.03901544199903827
Tnk2,0.03643823505912129
Pid1,0.002371233411671062
Sccpdh,0.007372659229313516
Zyg11a,4.9089742162724076e-05
Abtb2,0.10674557271831858
Tmem154,0.06325628071226057
Prxl2c,0.05939000348603083
Elmod2,0.011047306929517992
Cnr1,1.8148131119529164e-05
Extl2,0.006015412552732173
Txnrd1,0.09310955107652925
Zdhhc1,0.0039022537071337488
Efr3a,0.17382917418116353
Pkd1l3,0.002880964188504072
Crlf3,0.3431058252801439
Fbln7,4.583057187827982e-05
Jak3,0.09805824347219615
Slc6a20a,8.887114141446215e-05
Abr,0.07978081167053272
Syne1,0.07724032117947942
Lcn10,6.770698579132516e-05
Ube2h,0.25256231644803523
Ghdc,0.00572167401024233
St8sia6,0.05138925667655776
Kir3dl1,0.0017072804210825688
Btaf1,0.07238628234316542
Rspo2,1.8749195353205637e-05
Dlst,0.07555389779071177
Kcnj16,0.0006845446040548467
Galnt13,9.131583537319792e-05
Klra9,0.008364459500334657
Gm49027,0.00013950922035565208
Il33,5.8268543560455955e-05
Cd1d2,0.001387632849261359
Gm21992,0.018897469192234114
Cep97,0.04808214233495676
Fgd6,0.008263965376583348
Frmpd4,0.0002445549387625616
Glrx,0.10867676150292696
Nckap1,0.015681125988110185
Ints3,0.039365190902470024
Hexb,1.0513328348703836
Fth1,1.5064878889552369
Ttll8,1.314487205490528e-05
Vps33a,0.03864921904563149
Tstd2,0.024465253239987644
Fam170a,1.5247153202838927e-06
Dnajb1,0.20643398064629032
Cd28,0.28584459451751043
Sil1,0.04022896102980218
Tbc1d22b,0.026122560775122334
Cluh,0.02162148317025591
Slc7a14,0.00022064958964332056
Hirip3,0.02392574224806761
Sik2,0.07159434469380793
Dact2,0.00021079303282198688
Gpr75,2.2183219398740357e-05
Synrg,0.11135696118742648
Ctsh,0.0020386953179043752
Plekho1,0.02238097192070201
Nexn,0.00041987019191653527
Lamb3,0.044046528201932646
Cpt1a,0.038274248879909684
Gab2,0.004639592087737907
Vill,0.0035572620278630294
Aagab,0.05837576459827022
Mrtfa,0.16261436185420897
Tnfrsf14,0.01711160676948446
Oas1g,9.381001233783106e-05
Igfals,0.00049166069391224
Crtap,0.025986985504925075
Slc7a4,0.0004157424267198315
Arrdc3,0.021054447531797485
Zdbf2,0.0006987932410532822
Prag1,0.0648572528060113
Gab3,0.05785699093579991
Bcl2l13,0.03956858646372678
Tnfsf10,0.05554058012729142
Tmem202,0.001019967091812978
Scap,0.03259565139665923
Mylk4,8.59189923475789e-05
Dgcr8,0.031053592995887305
Retreg3,0.0931201441535677
Zfp408,0.026733883622216282
Ubxn10,1.6219868464795824e-05
Serpinb9b,0.0010221478360461485
Fbxw11,0.059214427008103816
4930563E22Rik,0.0022432028066666277
Jakmip1,0.13715113203236398
Avpi1,0.02498084776819329
Brsk1,7.175666893702828e-05
Mob3b,0.028974938071018346
Bcap29,0.07586137670862655
Apc,0.10247925462082642
Sirpb1a,9.046755686332725e-05
Pex5l,1.598663460721488e-05
Gpatch8,0.14225859116101902
Sp100,0.48582240252762593
Igf2bp3,0.01073723823362608
Tmem184b,0.0314947972220183
Faim2,1.6487820906979068e-05
Socs5,0.017439438503373626
Cul4a,0.04088110171018294
Smg8,0.02050571695380479
Zc2hc1c,0.0011717357312780133
Cdk6,0.06982017028200682
Cdyl,0.049642820981245665
Sec22c,0.018534408225116535
Galnt14,0.0006865730593749782
Pttg1ip,0.07053967605563792
Cpe,0.002801204338925784
Cspg5,0.000468000455915867
Cfap53,0.001188932733529695
Asb14,0.0010443476156604123
Hectd4,0.057633134875722865
Tet2,0.054356128373949854
Rap1gap2,0.017429059395983597
Rps6ka3,0.14971745997415922
Ccna2,0.015082371021409609
Il11ra1,0.005893925491065967
Cngb3,5.982834858499513e-05
Ndufaf2,0.03097667310559714
Anxa10,1.979803428036401e-05
Gpr82,8.972460389941932e-05
Mterf2,0.015047675590674154
Ifitm3,0.0246204333199029
Cables1,0.06014591582867684
Abcf3,0.04951944457269729
Batf3,0.006274160690729911
Zfp975,0.003845362194140934
Hrnr,2.8831772770236337e-06
Zmat4,0.010769008059926855
Polr3e,0.036336498750596
Zfp493,0.002182913952131244
Ankrd6,0.006227344974706994
Sgca,9.840244855579813e-06
Hmgn2,0.2410396450173807
Ly6d,0.004364231014912518
Slc24a3,0.005760959022509722
Zbtb14,0.016337056171682143
Tepsin,0.012337898240197223
Nectin1,0.0009932183105858525
Tlr13,8.129676232868422e-05
Srgap3,0.02350507953243752
Kcnh4,0.0005615820160517479
Pnck,0.0007552827589771587
Iqcb1,0.013925474087140352
Ackr3,0.0005422562171708815
Oxr1,0.09977987092689596
Zkscan6,0.02976598571958051
Tubb4b,0.25767308905532915
Paip2b,0.030897635332599437
mt-Nd5,0.46004239265133123
Tmem161b,0.02994683410319983
Stc2,0.002127974158536947
Arhgap39,0.045114103608573354
Ttc13,0.05316187916226151
Cdc37l1,0.08345685887019715
Cdc42se2,0.25274260909506585
Mfsd8,0.01699577262656831
Mapk4,8.623981150056241e-05
Slc47a2,0.00010730207277845607
Myh9,0.9209437631336482
Hbegf,0.0028740641290637753
Dync2h1,0.026479708157596624
Fcrla,0.000461550661107736
Dctn1,0.06560930019100576
Sort1,0.00030803525589246397
Fgfr3,9.177222745199485e-05
Cadm1,0.0004890183618382152
Klf8,0.004423708442072706
BC016579,5.7920143635400165e-05
Cog1,0.03915967636322044
Vmn2r95,0.00018993301546808052
Impdh1,0.07835971551784476
Ube2v2,0.034833732635054196
L3mbtl3,0.07841052574327809
Treml1,2.5495260937323722e-05
Ccdc33,2.4230987653121447e-05
Rdh9,1.8626549311071806e-05
Grhl1,0.004080837362373619
Cop1,0.05699033275163066
Gnrhr,1.9251289178469042e-05
Myo3a,6.316024527353648e-05
Ctc1,0.013912348518900039
Mok,0.00021211115878141384
Wdr6,0.036284059966016025
Vsx1,2.519718618918102e-06
Selp,0.0009919430476891514
Zmym5,0.078163092050213
Atl3,0.09204680035242684
Gba2,0.02278151775921953
Tubgcp3,0.04084633690487911
Mypop,0.01088674207162734
Cdh2,4.1215119577450193e-05
Ube2w,0.05948741694542756
Tet1,0.017690119227864766
Esam,7.494203407407778e-05
Lrrtm3,1.7687338502748975e-05
Slc38a5,5.922713389417918e-06
Ghrh,3.8239204199418575e-05
Inpp1,0.07256279390185512
Ddx52,0.0773163360656532
Ccdc171,0.03250536178194047
Sgcz,0.00022802356489848904
Gp5,0.0001024134855060658
Thoc5,0.0423321940246593
Depdc5,0.031927745613470455
Ccnt2,0.07509970300172457
Tram2,0.009522385070824141
Gm45844,0.0013950861409245407
Nup93,0.029407408570319295
Adgrg7,4.979083541531116e-05
Arid4a,0.2123527742241863
Hus1b,0.0002908317131755646
Als2cl,0.06961256796191323
Zfp983,0.020693181020278638
Mtrf1,0.005512532724591622
Xpnpep3,0.017133341594080864
Il1r2,0.011359294187983551
Pdzd9,0.0007982869451763336
Zfhx2,0.02215914873533624
Rad54l2,0.04066394780732822
Frmpd1,3.481820874344688e-05
Ucn,2.269613128892621e-06
Hnrnpul2,0.2187964696580959
Prkch,0.5793730897163368
Nebl,0.03466940872551444
Lipc,0.00012977368644511873
Chst15,0.0071902530236417645
Tbc1d32,0.006613309032870661
Marveld1,0.017671904664842013
Isg20,0.07457399450842735
Osbpl8,0.13747591592253686
Fchsd2,0.12041845010454705
Nags,1.5214355592723981e-05
Vmn1r72,5.973193886782337e-06
Kcnd3,4.379560170024397e-05
Slc38a6,0.01630050447436897
Mcm3,0.06290126691998875
Ccl3,0.03335803697487073
Adamts17,0.0018275100183015364
Ccnd3,0.478470676530371
Gm28036,0.00012784169317768527
Ip6k2,0.03756315927890017
Upf2,0.07474578134700949
Vps37a,0.05694351985609256
Ptprb,7.691294508831507e-05
Megf8,0.0002574397077231851
Ppp3ca,0.16261456712997557
Ksr2,0.0070718268303747315
Zfp760,0.005980512098001899
Gdpd5,0.010312739237965645
Gid4,0.04222435080119913
Trub1,0.019806487859398123
Ddit4,0.19521098614497417
Spag16,0.00036274004538252604
Prss33,1.6110144397786615e-05
A930007A09Rik,0.0008671777951139727
Spry1,0.013521098858846614
Tollip,0.026346168823519766
Crybb3,0.0005795854086221434
Fkbp15,0.06000415359676182
Mcpt8,6.598726660122253e-05
Ergic1,0.05154992317458019
Arhgap35,0.023335575871024875
Gm28035,0.00038853300468680806
Ly75,0.08575559841645797
Apaf1,0.03647852541426022
Epm2aip1,0.021761073254455643
Ttll3,0.011661642645373893
Ldlrad3,0.0031030512240978994
Zfp609,0.02665630488964602
Zmat1,0.014711318079380548
Irf7,0.15108060663045822
Elac1,0.011717026661469275
Ankrd27,0.025830917496356107
Pax9,0.00014048070155120998
Prss29,9.59353411737436e-06
Ap3m2,0.03141598816549997
Pagr1a,0.0007868391853044417
Scg2,2.6990974651612687e-05
Gucy2c,0.0021581884654935787
Slamf1,0.057467180015028776
Casp16,0.0002532966665487044
Tek,0.007646757221015534
Kiss1r,0.0007169433238967996
Myo1f,0.13475254308813606
Rnls,0.005269324575070726
Fgf16,0.0008559004756291239
Ror1,0.0001954230223332776
Slc35a5,0.025689107787342385
Adrb1,0.01462589214662835
Mcur1,0.04375205290507197
Hddc2,0.05130548043638281
Zbtb21,0.015820310233069144
Gm3558,0.0002776125205302814
Rest,0.08099091347629957
Zfp451,0.05355108579723258
Csn3,0.00032135177835550987
Mtmr12,0.07888475550944765
Cacng5,3.658434891426633e-05
Mef2b,0.007313750983272075
Crtc3,0.12732510259097377
Gucy2e,0.0001630724219031652
Vim,0.7035351041512052
Lrrn3,0.0008762348216163178
Fap,0.0007870982225821674
Ifih1,0.03844829565884303
Zfp236,0.0503335004968427
Zmat3,0.017515520830499336
Heatr3,0.03559220002203462
Hdac9,0.02465643533375598
Catsperg1,0.00035025540053170123
Mblac2,0.030890105492603546
Hspa12a,0.0014084418944781533
Alkbh2,0.02265555019469063
Fem1a,0.02151646334128981
Nhej1,0.0030234216533789222
Nabp1,0.08286903734867364
Traf3ip1,0.014931470090837222
Atp4a,2.4997719075680837e-05
Ceacam15,6.754058969800753e-05
Mgll,0.001987314421650914
Rhbdf2,0.01548314617826185
Kmt2c,0.17206505900797436
Tent2,0.07529604126777852
Malt1,0.17446279233160442
Vmn2r97,0.016510665928286775
Ptbp2,0.048542310425103444
Pde6c,7.202380147279083e-05
Capn7,0.07399845075823046
Acp7,1.2428961525334612e-05
Mccc2,0.01526674786221418
Anxa2,0.22885855844448302
Nfatc2,0.08142357566750402
Map6d1,0.00019208340665765816
Ncbp1,0.0892369216620928
Hmgcr,0.07005553044594805
Bdnf,9.262145897160144e-06
Alg13,0.017206202269503076
Aox2,0.00045420081556453803
Cxcr3,0.13637817653804435
Fbxo15,0.0002240916723020014
Slc20a2,0.029175448126778785
Brd8,0.08031468498947829
Tmc6,0.08606468884009585
Ube2o,0.023445957711960997
Cldn11,5.014414454553647e-05
Pakap,1.3509098987841125e-05
Fer1l4,4.439109598373815e-05
Vdr,0.002383840882093368
Ifnl3,1.6333783752402098e-06
Egflam,3.560480635371514e-05
Crip1,0.9662287572393073
Mup5,1.7884480342386186e-06
Klrc3,0.0015147542404525313
Pcsk4,0.009490207164790595
Naalad2,0.00029540623277074236
Klf4,0.02845573343202324
Xndc1,0.009855369262103288
Il20rb,0.005651071908230403
Veph1,5.052669978798393e-05
Fam163b,0.00010498436889059928
Arhgap28,9.255619595427974e-05
Limch1,0.00012912507374738755
Gm49361,0.0016921053199094617
Gstm6,2.0683075300204838e-05
Shank2,0.00044015718254333146
1700028K03Rik,0.0002567936367246285
Irak4,0.047426973047023833
Tex2,0.08555412847482975
Dcbld2,0.002864252016699608
Spaca5,2.3444128793784873e-05
Rgp1,0.017000777882257994
Sh3gl3,0.004199634422427548
Gm49387,2.0710413214088655e-05
Fga,8.236799775233111e-06
Dner,0.00015724528549972814
4930579F01Rik,4.439154752041688e-05
Oga,0.1552914061421174
D430019H16Rik,0.0008791286342833428
Wnk4,0.0002704820798726585
Ssh1,0.03230946733644423
Plekhm3,0.020510539098010597
Ccl21a,6.543731228261698e-06
Crocc,0.004440672498245618
Pdc,4.431923848886012e-06
Chdh,0.0022221901995698188
Zfp423,0.000200910586593415
Eif2ak2,0.0417039108550498
Polr1b,0.01733048033285495
D430041D05Rik,0.00020694990567893506
Eno4,4.678185739224728e-05
Prrg4,0.004354368067192775
LTO1,0.02427763841706896
Faap24,0.020486091220194888
Tmem126b,0.029052139975210788
Snx13,0.03931426497856241
4921536K21Rik,0.0002352864753188482
Cers1,2.9003987143718933e-05
H2-Q10,0.007251722569807978
Nptn,0.15875866894813148
Map3k9,0.002301838900827154
Pias1,0.14419459661911727
Tmem50b,0.032758897346932096
Zfp442,0.005244450720184642
Cfh,0.00010194606643671332
Naaladl1,8.238092345607054e-05
Cacng1,1.1082219187671465e-05
Tubgcp2,0.03763082792337922
Gipc3,0.00035777216209072877
Stpg3,1.1980558279924257e-05
4930503B20Rik,1.5716674738119615e-05
Neurl4,0.01701686236145499
Zmym4,0.05685557767819967
Rasl10b,1.5122232484611567e-05
Acap2,0.1324799007226645
Drd3,5.2231212644486406e-05
Bend7,0.0036529063891376336
Sec14l3,9.15251434045422e-06
Il6st,0.1359736671260231
Ier2,0.4253623314684862
Nln,0.028808946872141094
Zc3h12a,0.07609739327410107
Ddi2,0.04501588290885086
Epb41l4b,0.00011260982577027335
Lrrk1,0.041985293025334575
2310022B05Rik,0.00910448757268162
Gm49356,0.007500112119393728
Nr2c2,0.09016688961086713
Aig1,0.06214557008904573
H2bc11,0.012527360299037334
Wnt16,0.0001859671999242621
Vav1,0.14056442124049168
F11r,0.0003592688260177439
Arid2,0.07341632646604745
Nipal1,0.01721128789536184
Erbb2,0.00017139977562209336
Tbc1d25,0.014378830299551509
Per1,0.08882773968336789
Dcun1d2,0.02052841067223975
Ppp3cc,0.15706835746175069
Rnf149,0.0663628515636723
Osbpl2,0.0330135147989522
Pde3b,0.2751171260021783
Slc40a1,0.0007729447335085426
Psen1,0.07747387817400694
Plpp3,0.0007270103637731363
Gabrg3,0.00010434755602863693
Tafa2,3.146451881810389e-05
Gm826,7.532069695996017e-06
Rpl37a,2.296758891055182
Krt8,0.0005646652573411404
Dusp7,0.036261299496413775
Urad,5.527038259315819e-06
Ctla2a,0.09492822932021135
Rictor,0.10909751329314313
Ifngr2,0.06750539384985797
Rftn2,0.0072427880754783154
Axdnd1,0.0007480851371640686
Znrf3,0.08731652958074777
Rnf103,0.03626473992512321
Mccc1,0.016234862222056785
Ankdd1a,0.0001913629503980614
Zfp974,0.005914366539451949
Pde11a,0.01714284115808211
Ern1,0.053919562856743354
Pim2,0.0958355880139204
Ppt1,0.05290464229104745
Ctdspl2,0.07674319500042939
Ndrg1,0.016291497916553387
Itga1,0.06253247597613526
Sostdc1,0.010698437389627441
Clec2i,0.09199006886081733
Oasl1,0.013439520041128401
Zfp691,0.004084121811447892
Fnbp4,0.1275288363729351
Grm1,4.9746686919264215e-05
Trip11,0.13464395524628683
Fndc1,1.9397089117543807e-05
Fstl4,0.0016978724675698466
Xlr4a,0.03012700105869093
Kbtbd8,0.003624955374366651
Pjvk,1.2169582927423523e-05
Kank4,7.452940398247879e-06
Lratd1,0.0008919333148462667
Serpina1b,0.00011558644422878997
Tnrc6c,0.19132600804997577
Brd9,0.07724578061445578
Ptprs,0.012686147289138324
5430401F13Rik,8.25607411642623e-06
Gimap5,0.28287095487631436
Cul1,0.10116769476861065
Foxp2,0.00014362883468761777
Naa30,0.03879095416909076
Cdh6,4.803976429754736e-05
Fech,0.025134379097802126
Sun2,0.2279404535816053
Znhit6,0.03600677539874294
Ctxn2,3.462174415782085e-06
Axin1,0.07905301878100728
Wwc2,0.0035017187765223946
Slco6c1,6.2424105845098274e-06
Amer1,0.01342580334584251
Clic3,0.0003093392170562682
Golph3,0.08148576595597344
Upk1a,0.0019122032780133338
Hoxa2,8.276839903905674e-06
Ttpal,0.03902082131676656
Kpnb1,0.11565874509012336
Orc5,0.045496280083738454
Stard9,0.0027953538986600504
Cd247,0.48529465497529395
Arvcf,0.001646771761680069
Ntn4,0.0010385251197985185
Zbbx,1.5424008185635638e-05
Cpt1c,0.00014362264803297883
Cfap74,0.00485596204231295
Ifit2,0.03512876701899483
Slc49a4,0.055747235561040685
Rxra,0.008017871793601798
Slc45a3,2.9496379897346288e-05
Cmah,0.17558482998419842
Spred1,0.0075442448870442725
Elp4,0.04953197596327177
Edaradd,0.006626710987163944
Mast3,0.08795435847620668
Dock3,0.00036988370662729606
Ppm1f,0.015434407884057935
Calm4,9.57013666294971e-05
Npc1,0.03622563556819541
Tmem255a,0.00029077410647310994
Vwc2,9.857271871535125e-05
Atad3a,0.03955101006535398
Cnga1,0.013747903224783174
Mroh7,3.700262194095068e-05
C2cd6,6.690492322392451e-05
Samd11,0.003650042591194333
Fpgt,0.0180439945623391
Galm,0.015970533852261402
Ifi30,0.06234174728456777
Myl6b,0.0011472588913239343
Kif13a,0.014204522926356069
H3f3b,1.3906502903675446
Zfp944,0.025791787995405702
Cxxc5,0.031464263925621676
Gata3,0.07193828145880456
Lrrc58,0.04619733594972726
Marcksl1,0.03258524302119519
Zfp35,0.017670530341608898
Fbxw10,0.003292697353748663
Kcnma1,0.0025496458243917776
Il1rl2,0.011239489040482636
Pwwp3a,0.051558964611965304
Myo3b,0.018385488052585042
Gpr35,0.00047780405040240227
Lypd9,1.8464585702814882e-06
Ptch1,0.024177678308507623
Pcdhga10,0.000291286012456214
Cela1,0.03215003450237391
Igsf9b,0.0013042016774078248
C87436,0.03691222186746488
Rnf150,0.0010789890538713137
Chst10,0.02832943055720081
Dapk1,0.008034802824739746
Moxd2,0.00015206076619186107
Eya3,0.060787491899994724
Fhl1,7.232902312095488e-05
Apof,1.0528804236743213e-05
S100a11,0.340136578999171
Taf15,0.20085125078498972
Adamtsl5,0.0001986694702904666
Fbxo40,0.0003099533195200448
Txndc11,0.057307803136326364
Npepps,0.06169214788346243
Tmem45b,0.00010082678948566238
Zfp143,0.051141502165760466
Prmt7,0.03667969478950484
Rfx7,0.11228925262884813
Sema5b,1.800810409986765e-05
Dapl1,0.1300497249894696
Scn8a,0.0020680311061014164
Hook3,0.06913628001143184
Tacc2,0.015545246531894916
Gm15155,0.0001919730668725732
Ryr2,0.001904632650828746
Gpr174,0.06758722294057332
Acss1,0.04636094053920352
Ubxn8,0.04085666136464351
Ssxb5,3.734662310427687e-06
Yod1,0.007126679272300174
Lrrc8b,0.025625708690338884
Phykpl,0.018991211824326556
Malrd1,0.00013247100413298196
Glce,0.01207744685108107
Ccr3,0.001527048189969354
Dio1,1.63698830304457e-05
Nrg3,0.00017364286024808335
Ube3b,0.04462020268015246
Otud7a,0.0001739694644351338
Trpc3,8.976807792549537e-05
Swt1,0.0830052514727998
Sympk,0.057541437607907725
Dnajc18,0.02136040910000189
Fam91a1,0.03858357959766641
Reck,0.01642548429668966
Taf3,0.08578789328855235
Cacng6,3.224324845818325e-05
Nudt3,0.06791752115794321
Zfp68,0.04610483384033663
Kcna6,2.7315276397579427e-05
Trpm2,0.0001936961500351742
Prdm16,0.004744090617925107
Defb8,7.654538227514784e-06
Vmn2r84,0.001163090670532488
Ttc39b,0.1438703543036013
Nuggc,4.384113865392852e-05
Rpap2,0.04023533901608822
Gpatch1,0.021896985807389958
Gpatch4,0.04066918794000236
Bag3,0.02195049260562891
Cpb1,0.00021064795468967704
Ganab,0.05205542421155481
Cep164,0.04891261127836031
E130308A19Rik,0.022678786713483702
Mbd1,0.04900617412189831
Tmem94,0.015396433074571943
Nsf,0.09402275814128286
Rrad,0.08205605189464302
Sgms1,0.10979901504709061
Ccr7,0.4167547181375548
Xkr9,1.337123757984654e-05
Cracr2a,0.07805626439973719
C1qtnf7,2.1853895148453783e-05
Elk3,0.08274940555176902
Tspan9,0.02515905968185601
Nupr1,0.0005291034998965421
Zfx,0.08761552960091805
Dot1l,0.04387225799547158
Hs3st4,1.9409123296685758e-05
Sema4d,0.23967390362183563
Amph,0.0019822973494043462
Slc39a11,0.026640578274550956
Gzmc,0.011769902084255416
Fbxw8,0.02651533408625017
Asb13,0.04873908205220982
Frrs1,0.031160284999752635
S100a6,0.5167524225299902
Stk35,0.008676085615725177
Rhag,1.7125115133661475e-05
H2-M5,7.490540068163968e-05
Ppil2,0.11721180926743405
Vmn2r124,6.8570659714574955e-06
Frmd4a,0.011523838636855892
Tada3,0.036843655371387896
Nyap1,0.002114839549577137
Parg,0.07260763539247131
Dmpk,0.00010894932273596111
Ptpn12,0.06123726153881152
Tfam,0.06693731723505494
Bdp1,0.11234657320921564
Smc6,0.22246280931038473
B3galt1,0.00158526237712339
Ciz1,0.05226154941358634
Phyhd1,0.0003248576174063726
Med13,0.06356544808356515
Polr1a,0.041916764186751915
Gm5168,2.0381507290814263e-06
Zcchc7,0.22301544856238345
Pcid2,0.039164353848573724
Shq1,0.015925175565103627
Dnajc10,0.06445376998929653
Zfp968-ps,3.877783999097591e-05
Tmx4,0.049171031268977504
Supt16,0.1339305214137689
Gbp9,0.0942117543071131
Fbxo34,0.04739049800904842
Larp1b,0.041805844710364255
Cacna1e,0.00040964013495015225
Vmn1r179,2.0489989310503657e-06
Nxf1,0.11809486702470057
Tmem170b,0.013425190509085565
Smg7,0.09435732277485688
Smco4,0.10722562398001237
Clec7a,0.0005221679007137553
Slc35d2,0.02398655352485256
G2e3,0.022780380265748464
Cep152,0.017260302668609024
Pfkfb2,0.00199048821408305
Nhsl2,0.004439130142299861
Rpl39,1.9871323680802753
Wdr25,0.006545698630740384
Pex26,0.007950933228304974
Tnfrsf23,0.005244057730110658
Syt13,0.00011305818788972412
Castor2,0.009977841859533813
Asap2,0.01555657996620882
Ccdc158,0.0001581892876818727
Ccdc170,0.0003052734918188872
Stim2,0.07333483897892543
Aldh1a3,0.00048514572438049393
F5,8.832369448074995e-05
Mmp13,7.591272672015287e-05
Klhl3,0.015400084485766638
Arrb1,0.027527987908039155
Slc8b1,0.010612099990516042
Pla2g4f,0.0007096631126893274
Rap2a,0.036663119398380094
Ccdc9,0.05445685446050968
Gcm2,0.00023101834010671128
Enpp6,0.0004456767937892472
Pi4k2b,0.007832423261014273
Chrna7,7.620375081428175e-06
Dusp4,0.021387552755318003
Mbp,0.1673820275505949
Comp,0.0006599711377025349
Zfp947,0.00180509035814164
Tia1,0.07102725856278674
Zbp1,0.12843743129897245
Spink13,0.004421629629911104
Rnf212b,7.231211154736764e-05
Defa29,4.1565587833108795e-05
Tnks1bp1,0.014295896773467973
Mpzl2,0.00035745540657732927
Tcerg1l,2.3585063342637967e-05
Lrp4,0.00018131156613415846
Ppp2r3a,0.008146803550086894
Trmt44,0.01226499356945736
Khdc1c,1.5007143172931893e-05
Zfp617,0.016153577571524746
Rbak,0.01031284358682389
Wdfy3,0.00019134937137425587
Nek3,0.008655492583176334
Trim43a,2.9479046652231096e-05
Brinp2,1.939077141728272e-05
Lbh,0.20549093732836887
Srsf12,0.005584004528758371
Plxna3,0.0015275485432610914
Klk1b22,5.542103894187288e-05
Nfe2,0.0008476162912925184
Kcnn4,0.18093158082978547
Capn12,7.890443574236968e-05
Klrd1,0.30608282004557263
Pnpla7,0.05457289729574384
Ppef2,0.00028732542620823413
Zfp777,0.01975414264781176
Clstn3,0.001131281779481574
Gtf3c1,0.07946098111194556
Asb2,0.07246076507832626
Abi1,0.15322284007651535
Hcfc1,0.045230510987430535
Gm29427,4.991294504480206e-05
Srcap,0.06330000235415773
Marcks,0.006138458036694924
Dcpp2,3.457253298819776e-05
E4f1,0.04643508979195004
Atp2b2,0.0008324954859575106
Prss8,7.188704115830642e-05
Fam114a2,0.08314284516335656
Tnfrsf13b,0.03855380077475117
Noxa1,0.0006174038656307758
Serpinb6a,0.08740798164142972
Pnlip,4.722186069016994e-05
Kat7,0.05974551509207443
Agbl1,0.0013245109288189084
Tmprss11d,9.622875003563988e-05
Prkx,0.05856572513003459
Hmbox1,0.04545001555100464
Zc3h8,0.012886719211380666
Scamp1,0.0029667482601515526
Dcaf7,0.13461979578317537
Zfp174,0.0012707425755530506
Mmp14,0.0021357532965839087
Klra5,0.03446152925950387
Phlpp2,0.009855465783648097
Ctnna1,0.032974800744481454
Zfp568,0.013181878352957681
Fasl,0.10157135364654865
Ankfy1,0.05583090311243596
Nmbr,8.179570896932041e-05
Lrrc14b,2.27733678684558e-05
Mbnl3,0.025671109351033995
Acox1,0.024365056840879792
Lmo3,1.9102291075383602e-05
Kpna1,0.12123678956855756
Cd5,0.3374704629073991
Ubap1,0.04360242145904881
Flywch1,0.027822313720100803
Hapln3,1.3060791407557698e-05
Dhtkd1,7.614516781351207e-05
Armcx5,0.007846836489797834
Dll4,5.008695706041785e-05
Rhbdd2,0.023990409909948364
Nfe2l2,0.1057615239215145
Mtpap,0.039239945510932586
Gsc,3.5516709482193103e-06
Abca7,0.04655546996721302
Tagln2,0.5945671620345071
Zfp326,0.06375854768249402
Gm20683,0.00042550128546611977
Pip,1.8517166346567142e-05
Nr0b2,4.3673948957137e-06
Lamb2,0.0005904926859687971
Hsd17b12,0.06346342888672889
Ttc7b,0.04482468630409195
Pdcd1lg2,0.041039642691437506
Slc6a16,1.7781552322422293e-05
Dcun1d3,0.0173085776073197
Ibtk,0.05585152313612914
Slc45a2,6.87840258305814e-06
Ap5b1,0.017945015573311216
Shld2,0.024382744252617553
Zyx,0.272561217058221
Mtx3,0.00536739842343362
Tub,0.0012132020330869258
Rilpl2,0.10968574805340307
Pde4d,0.11053927291934336
She,0.002161645344143163
Frg2f1,0.0027942241240275813
Immp2l,0.05877258920914362
Anp32e,0.18348232025339836
Atg16l2,0.05159597133452841
Stau1,0.0669539362617116
Zfp189,0.004647039363040418
Sptb,0.001951364678207904
Rae1,0.10464739263142209
Scel,0.00023896451006399496
Lama3,0.0002465464494754623
Rps27,2.057785193513397
Cnot1,0.11711898189021999
Larp1,0.13433457939358195
Npnt,0.0033382986052321044
Nrcam,0.002538904902593269
Rnf17,0.0010384742798725947
Cd180,0.0005234953963507349
Prdm10,0.03942443685077608
Rsl1,0.010565436358945404
Mrc1,0.00048661630496786454
Vstm5,0.0001538920862088824
Cep295,0.04900861475638123
Slc28a1,0.000523091794880107
Clec4f,7.364669716487273e-05
Scd1,0.000449731882409585
Zbtb26,0.0021406301180542627
Tcf3,0.10146469962004863
Slc27a4,0.013330600819726238
Peli2,0.0011737237775684445
Dnah10,0.0005117696258988081
Thsd4,9.48659656948425e-05
Clcn2,0.001805627843828323
Git2,0.17615854607876252
Ascl2,0.0022656449452009763
Etv6,0.09486103102369363
Gpr22,0.0002921879862936912
Lgals7,0.008390281370739331
Rasal3,0.27836067997739905
Camk2g,0.06934839566702704
Abca1,0.014993942879065771
Serpinb6b,0.08216207616013547
Ly6g5b,0.01216576038468417
Ptpn22,0.3144600512108971
Nup153,0.1366607666679595
Exoc6b,0.06742563403248164
Srebf1,0.0464311110148348
Gm43191,0.0007897154836844344
Nbea,0.0006954741448223496
Uri1,0.10642172797426767
Nos2,0.00012700640115965203
Cpsf4l,0.000534735015456072
Frem1,2.6917097516237415e-05
Cenpo,0.01672294704014487
Phlda1,0.06663896479456488
Scarb1,0.009537281347363006
Xab2,0.06241679282170274
Cxcl3,0.0022294283859924237
Cdk14,0.003643929408738723
Mxra7,0.0003364769922091953
Phf14,0.15095904537158777
Isy1,0.10059613677679881
Zfp574,0.032076118256723386
Dnmt3b,0.010789062285514208
Arl5c,0.1216305882882449
Haus6,0.036251529980459204
Ephb3,2.401338632214614e-05
Cdk5rap2,0.035832957006527374
Cdkl1,5.163519907016432e-05
Eif4g3,0.1920789335841367
Pik3cd,0.3314865476614083
Scyl3,0.0420872576686383
Siglecg,0.00035777183658694425
Fnip2,0.002180078200425358
Gstk1,0.015837574728914002
St3gal6,0.08387425030332686
Tnfsf8,0.1035901939932218
Cachd1,0.00018719235713776395
Srp54b,0.0011267996718408548
Frmd6,0.02670590446890652
Cdadc1,0.03720134931164471
Ins1,3.516760814516287e-06
Chic1,0.00801182448466604
Kif5c,0.01092110247563881
Manea,0.01438269011066713
Brpf3,0.016900155737211046
Foxred2,0.006437692924207043
Plscr1,0.04714039914941619
Rnf14,0.0716611297313724
Zfp13,0.00026327114796181417
Il1b,0.001863786666860944
D6Wsu163e,0.009832931258763144
Ube2q2,0.05809210373828684
Scgb2b26,1.992832583899946e-05
Ints14,0.04811651692385772
Pelp1,0.033172084798592474
Zscan22,0.017575806390809266
Esm1,0.006097098828005765
Sult6b1,0.0007132358210031098
Pard3,0.002849975042727693
Rbp1,0.0002350218473311928
Hdc,0.004287751394532153
Shisa7,0.00013577128496692676
Tmem212,3.847511662761637e-06
Tbc1d31,0.009884057977129485
Rnf41,0.045764643076953396
Fas,0.05894680960525242
Lats1,0.044393885824914214
H60b,0.0011578320260952225
Myo1e,0.08065401450542066
Mog,9.513933159871196e-06
Prkd1,7.732164011829817e-05
Sipa1l3,0.026178933577041454
Eea1,0.06987886169313959
Xk,0.0031182371903474585
Phf21a,0.15258374244618222
Mpp4,0.00039388793743518313
Vmn2r98,1.7992497368442139e-06
Khdc1b,1.86570314386654e-05
Zfp950,0.0534695529585516
Il3,3.523044299299141e-05
Zbtb17,0.027641611830187457
Trim12a,0.1414140667684163
Lmf1,0.02743906979945465
Hars2,0.02459841030588362
Ints7,0.04534952050799628
Trpc4ap,0.14891011313822755
Lrrfip2,0.05118477358243664
Phrf1,0.07401490954961033
Tubgcp4,0.037665439467974425
Ccdc183,3.190234820555045e-05
Ulk1,0.02880140927848974
Rsph9,0.0015703298553778624
Txlng,0.04578379875439199
Clasp1,0.04226407393474371
Grap2,0.4746858115710808
Thumpd3,0.059330506162587206
Madd,0.13918540921988007
AI854703,0.010945700905332494
Sacm1l,0.07255287855108883
Asxl1,0.10579079591972311
Onecut2,8.87240581583721e-05
Rgr,5.932137209357282e-06
Bhlhe40,0.16220035570059377
Anapc1,0.0681000872467181
Prss46,5.218262110309157e-06
Sfrp1,3.2519006033272574e-05
Col11a2,0.0038644063207559204
Arhgap25,0.106873651342224
Tmcc1,0.08509312846886602
Myb,0.02926247441292874
Ski,0.06687988744089593
Armcx1,0.0019222433064966164
Spef2,0.011103953897267187
Clec4a3,0.0002716580935424898
Picalm,0.11752377978518792
Arl8b,0.07173414821141537
Dync1i1,7.835059904607847e-05
Tex50,6.34069138810096e-06
Slc9a8,0.03792259606922904
Dcn,0.00013642009048313685
Cxcr1,0.0003402115940740572
Pltp,0.028731048790662846
Thumpd1,0.06944978037893078
Nucb2,0.005703297123441109
Snx29,0.041631477238980995
Cdo1,0.0016853559450128405
Man2a2,0.03570286976236682
Tmem269,4.484867794497085e-05
Haao,0.014638976538119207
Togaram2,6.376080532152923e-05
Armc9,0.0047701006101982905
Arhgap44,4.2100666413670375e-05
Col6a4,0.0004844749338712814
Zranb1,0.051277158420741466
Msn,0.7988598762852676
Brwd3,0.03200846058266765
Rgs3,0.11007450029849135
Insyn1,2.2320893368681097e-06
Grsf1,0.04496265224433934
Bckdhb,0.01948457410633912
Crk,0.05065715111476141
Mier3,0.01432902651703164
Iqgap2,0.15021758979757327
Il22,0.005121510120387317
Zic5,2.0322293879401394e-05
Cdh18,0.0005110477050410117
Blnk,0.0009355426474899726
Fcer2a,0.0007960813480019378
Mageh1,0.00047703947555731094
Pcsk7,0.055227742328863606
Mga,0.0909211232342231
Carns1,0.006836011385932062
Cblc,0.00010406488354722446
Atp10a,0.05462654931962473
Doc2a,0.0011986260696925924
Otud3,0.011998150491527991
Plin4,0.00024563249466392904
Cldn2,4.00390921823818e-05
Arhgef10l,0.0001642016744211665
Htr2b,0.0008317346702245755
Oas1e,3.1617174469566966e-05
Tmprss7,4.060462504888411e-05
Wdr95,0.020857805708973425
Slc10a5,1.127267526991612e-05
Cry1,0.04061354556650793
Gm17026,2.7136839557486483e-06
Cdc27,0.059053810083819644
Hspa2,0.011345805246544046
Get1,0.006547121679794775
Plcb1,0.00019608884841744898
Frem2,0.00010399911708005556
Dcpp1,1.819130686009246e-05
Tmprss13,0.001135683255243087
Pou2af1,0.008192939060832894
Zswim6,0.13323532030088722
Resf1,0.1628303385489403
Bicral,0.035964944203532925
Lyz1,0.0003634113745772108
Defa24,0.0005865940540190442
C2,0.0021760051964976566
Lzts2,0.002642440308700012
Ttbk1,0.0020046156499285315
Klf16,0.02018514187656187
Slc5a3,0.010839100132620414
Gabrb3,0.00013384354038908756
Cd22,0.0032732096301328873
Btbd16,0.0037201077890633267
Tox3,0.00010453345993112957
Ppp4r1,0.029197993471090478
Atf6,0.05101349664130094
Thrsp,6.496673438856858e-05
Bcl2l14,0.0013860463127285025
Vps50,0.026427685112480833
Il18,0.0015608432241116551
Cers6,0.05984600515037775
Creb5,0.0003884863245844232
Slc1a6,5.015502934217948e-05
Ctxn3,3.5827052481552218e-06
Ufl1,0.06029854240781673
Zdhhc9,0.018498074714824352
Ugt2a3,5.309440172163163e-06
Gpr137c,0.0038522338649187014
Gm4924,0.006454244797356736
Ccdc88b,0.0640949757748215
Casz1,0.006431191289729015
Slc3a1,0.001627823063351419
Pik3ca,0.054506068763480346
Oprm1,0.03591682835670713
Ice1,0.0849697701135499
Atp8b4,0.12724225764126704
Cerkl,0.008773058907291782
Ikzf4,0.016242126980071717
Syt17,8.371707472749669e-05
Pspc1,0.08232308256587541
Hectd2,0.01607962437267257
2900092C05Rik,5.6849626458213345e-05
Uba1,0.18167595940175033
Colec12,5.651384802994903e-05
Arrdc5,2.8984859476692075e-06
Fcgr4,0.00022830571127812076
Mbtps2,0.021051466655350022
Slc7a7,0.001084016576642567
Zbtb40,0.01977841962827915
Fbxw4,0.06918857251032519
Tcerg1,0.12215564885759057
Rabgap1,0.07411499218921125
Klk9,0.0006115489773120485
Trip12,0.18309465337587347
Mical3,0.01614123814089731
Saa3,0.00018933126074400434
Fgd5,0.0008465610028190665
Mrgpra6,2.3864383685495824e-05
Map6,0.003984759644271082
Pcdhga3,2.054820240861417e-05
Cradd,0.03643758773002689
Zfp991,0.004298847512024591
Fst,0.0003925555260120695
Nfkb1,0.2441920891136621
Zfp51,0.029801163555249574
Pclaf,0.031467077324201696
Zfp341,0.012009563441736773
Gja5,0.00035126573208327873
Slc10a2,1.1119609156824483e-05
Khnyn,0.05686277833804459
Zscan12,0.00933774854221108
Irf4,0.02519151007417255
Gzmf,0.0016483238573389073
Gpat2,0.0003247212743146151
Pdxk,0.01817271096461748
Thsd7a,0.00018384079431967023
Lrp1,0.0005287647731097145
Mdga1,0.0001763556262006285
Slc23a1,0.00038999426262886425
Gpr88,4.246252022860382e-06
Apobec3,0.22411897377182488
Clec3a,5.962957296249037e-06
Skap2,0.030067852956858588
Coro2b,0.007303988522573723
Emx1,4.539221011558209e-06
Atp8b1,0.00012654773447120772
Strbp,0.056475289084809095
Champ1,0.029928158840014565
Gmeb1,0.03192204102248459
Gm49380,0.0006239989295957381
Barhl1,5.1507379730236086e-05
Samd3,0.030504380537163475
Rbp4,0.0002255533305330351
Ap1ar,0.05956106045091559
Nedd4,0.06279331478473531
Trim25,0.08019306585150095
Col2a1,2.5028769153279846e-05
Ccl2,0.0004338653972593054
Vcam1,0.0011478083126907073
Tcf7l2,0.0022019092026942513
Pm20d1,4.7640867468012825e-05
Zbed4,0.014245764993003831
Amy1,0.0049208976926460425
Gabre,9.126021343749303e-05
Lsm11,0.019562734992652802
Rps6kb1,0.08585366610081845
Rpl12,1.1806353690126208
Slc39a10,0.03495910691045987
Inf2,0.022883977820050954
Camsap2,0.028558096044971996
Ptms,0.10004269156038138
Sulf2,0.01853683497379925
Ptpn4,0.07971214758132386
Phldb3,0.012961768084563426
Dclre1c,0.0380016259945717
Tcl1b3,1.6243624808198033e-06
1700028J19Rik,0.0012563752635314665
Cc2d1b,0.05025425142340551
Wdr86,0.0005415118780328304
Vav2,0.007439901178069803
Gng8,5.8517554123667594e-05
Il21,0.007304108972330358
Aldh9a1,0.07045579522439425
Cyp3a25,4.199897166718227e-05
Ecel1,0.00046019937096308117
Tbck,0.0636074738581543
Gpr173,2.3457097828138307e-05
Poc5,0.018889892859718847
Unc5cl,0.0415581745125698
Fnta,0.09194220380795026
Khdrbs3,0.0007584333104542849
Stx16,0.0742771032328247
Slc22a5,0.013320286961208938
Spdya,0.0006819706471155057
Crkl,0.04589427169979459
Zfp263,0.04214384847149291
Ash1l,0.1430709982925331
Cxcl10,0.020755980121800046
Pygl,0.020438848626840065
Prdm1,0.025401685170258193
Nek4,0.0037478746159352746
Arfgap1,0.05501296245698323
Cldn13,1.04477702108113e-05
Rfx8,0.0001433973004355759
Rps14,1.5396293704217399
Slc34a1,0.00029392676372468453
Ffar2,0.0013423307444090998
Hrh3,6.713842219216507e-06
Ess2,0.03529011223520341
Ddx51,0.013604487165670177
Rnase4,0.00957483583465913
Akr1c12,0.0016684294259424006
Skint3,3.171104155536582e-05
Fam178b,0.00021877753608582883
Zmym6,0.012915553442532746
Pcdhga5,0.00012876954394240665
Neto1,0.00013792357039789903
Abraxas1,0.019531247734710856
Fam131b,0.000292642482579817
Trps1,0.05643908854420133
Sh3rf2,0.0002890672854456224
Nf1,0.030273504543872676
Gm7582,0.0006771109317117015
Fzd6,0.0007901164439511151
Rims3,0.001882173544053536
Sdccag8,0.048257649965826224
Aff1,0.10215506947676338
Bmp2,8.643716732241143e-05
Psme3,0.08410019595675482
Bsdc1,0.044543119587464396
Ctnna3,0.00031921989961742757
Csf2rb,0.00030221758002521094
Arhgef9,0.0019180502974385962
Ralgapa2,0.09898710942763204
Ccdc190,2.851978466183266e-06
Apba1,0.000321005917067242
Angptl7,4.7405870317100625e-05
Chd8,0.1013971251255449
Npas3,6.0587583509703244e-05
Arid5a,0.1375253522617701
Zfp994,0.017491953575311754
Gja4,1.2400437748443103e-05
Klhl15,0.01709350915554732
P2ry10,0.11424526006439943
Mtm1,0.012356539546407327
9930111J21Rik1,0.011883298089375797
Ypel1,0.003556021832076852
Trpv2,0.0630897683403709
Gzme,0.0004669186778437193
Ppp2r5c,0.15324811565965163
Nes,8.438671811488685e-05
Mfhas1,0.03961083832188774
Trim10,4.497975868680404e-05
Pias3,0.015284612650049115
Rnf183,4.327470901139933e-05
Tex11,0.00013279506057126987
Casq1,5.046883312031591e-05
Phactr4,0.029107703956418637
Sgcd,0.0001559082255762979
Alg14,0.027025940750116186
Trim15,0.00014761918197274157
Rgs13,6.356502330476447e-05
Prdm11,0.013717759259991176
Gm14403,0.0031233541033332114
Hapln1,0.00014835118636804924
Cwf19l2,0.06015988393624488
Reln,0.00014468505806127717
Idh2,0.06906147773673837
Cmss1,2.1005479684967168
1700113H08Rik,0.00025512681206321143
Akap5,0.0013542487892924421
Hspg2,4.757276436000885e-05
Gosr1,0.053038470096919484
Erbb3,0.0028861043066471634
Anapc10,0.036104868954421804
Kdm4b,0.046483290588764214
Cep57l1,0.02672050441039481
Bambi,0.012841582899747475
Fbll1,6.187493520469724e-05
Wdr41,0.02734878495100287
Stat1,0.3404912381393206
Clec2d,0.3471781187564137
Stt3a,0.11329811934253314
Ctse,0.09311919182780772
Cd40lg,0.11598905332177356
Ankrd45,1.2617473225852103e-05
Arhgap21,0.013439206222395425
Lrrc25,0.00368930815608401
Nbas,0.03351945091605843
Cxcl9,0.0007117906714642049
Tspear,0.001688166231296712
Dkc1,0.078252051701689
Tet3,0.11597582182843623
Styxl1,0.0036198971930613954
Brinp1,1.5584431928586713e-05
Fam76b,0.08919450904665557
Las1l,0.06216222467452178
Slf1,0.03698474461391799
Proser3,0.006442347447777456
Slx4ip,0.03495598567327864
Usp50,0.011518987885529563
Ddb2,0.06261779745054584
Vwa5b1,1.2878348162778594e-05
AA467197,0.01749441335729676
H4c4,0.09702852405827994
Gbx1,0.0002169453486373349
Exoc3l2,0.0001784025374052511
Stard5,0.04985537304010493
Kifc2,0.0041902317588267705
Nts,2.2527872640081655e-05
Ccn4,0.0013815480929794616
Zc3h18,0.0679891571281856
Ugt1a10,3.0247935798617894e-05
Vps37b,0.47924670472416137
Phf8,0.07183777096825447
Trim33,0.10317140844130768
Opcml,0.00030356551090782337
Clock,0.038760122374873876
6030458C11Rik,0.03233011201566718
Csf1r,0.001550808916896137
Arhgap20,0.0026608708018028317
Erfl,0.00023743890571141933
Fscn1,0.0008492957098743186
Fam124b,0.006192954986899056
Smad7,0.19076066472071754
Map3k19,0.0003097417448066874
Acsl5,0.07575633279456644
Peg10,9.057330907204095e-05
Nrgn,0.02275291447397206
Dennd5a,0.029204372480477143
Copa,0.14175492477726306
Depp1,1.2818968173229708e-05
Phyhipl,5.042221951519269e-05
Fam149b,0.04428375373123827
Ankmy1,0.0004634241873552227
Rps12,1.1535709104105834
Nfyc,0.07032288863224992
Kcna2,0.0038723716408436515
Dnah9,0.00012088766159947587
Tlcd5,0.0004657317306868863
Wdr44,0.06766204264363963
Slc5a2,0.00030255333135494685
Sftpc,0.00025308149152887435
Atg9a,0.011876003859253022
Vps26b,0.08375595881988568
Dpy19l1,0.03958619739967218
Pcm1,0.11230490122857628
Ttbk2,0.007741060398058833
Plcxd2,0.1177152944736904
Ddx1,0.059607886645450456
Trappc11,0.045602160824624524
Galnt10,0.09780294414907295
St8sia1,0.07676390271728568
Mx1,0.014142497205569054
Tasor,0.11386829223296055
Tbc1d2b,0.055481255534296406
Zfp867,0.0070939668878794195
Cped1,0.0004062540827533058
Rhobtb2,0.026390469574639194
Armc7,0.09074569244826926
Armc8,0.06357829093350695
Vmn1r77,1.7604387154826113e-06
Git1,0.018064228224930475
B3gnt9,0.003042358628200188
Cse1l,0.05317642542928914
Crabp2,0.00019544000318967006
Zbtb41,0.022641914846398357
Rab3c,3.988934305813327e-05
Ascl3,8.116294678879411e-05
Tff2,0.0001360999216527294
Efna3,4.186853424128283e-05
Btg1,0.8255316088206961
1700018B08Rik,2.7886073232821056e-05
Coro2a,0.11128327135333237
Srpk3,0.00028693797239517753
Mmachc,0.006232765236902676
Arhgef26,0.0002844491403399319
Ypel2,0.014185809281034864
Zbtb44,0.045362467231657454
Meig1,0.0006879261410112622
Adamts1,9.741395280813004e-05
Avpr1a,1.5025319058239975e-05
Celf4,0.00042953860759440175
Svil,0.1378347798031229
Rslcan18,0.00030810214121854905
Lgals8,0.04305485490117985
Acoxl,0.03143623379979238
Mesp2,6.192278008421511e-05
1700001O22Rik,0.003350867884915804
Tango2,0.044192701932578224
Pkd2l2,0.0026905485865023706
Ogfod1,0.02092359408190096
Fars2,0.0847004042278089
Mup11,4.2259815653795154e-06
Vps35,0.06728216991060512
Ipo7,0.07558569342254588
Pate2,0.001178483169009233
Unc45a,0.061307363425251775
Prr19,1.5247397306586622e-05
Slc25a32,0.031390379956845446
Slc22a23,0.00013254039859644126
Sfta2,8.72018890359529e-05
Rbp2,0.0016472490415730236
Clk1,0.2402210040530737
Rmnd5a,0.07249313499578217
Mid2,0.0008570425249154316
Zfp780b,0.019050473574492625
Trp53bp2,0.03106559753128469
Tagap,0.13343379262546493
Midn,0.07396686762313032
Clec4d,0.00011075066639340905
Blzf1,0.017474630712351627
Gatb,0.01740731593537361
Tuba3b,3.317593263392943e-05
Txndc2,4.541818886576525e-06
Tbx5,5.104893623474855e-06
Bcl2a1d,0.052339080900949214
Zfp521,0.00024229656387516027
L1cam,0.023777694876268605
Edn2,1.212168354317235e-05
Rpgrip1,0.02026550110778624
Parp1,0.07908890993236373
Polk,0.02535779846036735
3830403N18Rik,0.002082993434810684
Limd1,0.07524088939944762
Negr1,7.62434084254213e-05
Wdfy4,0.0007109897132301326
Khsrp,0.08618489465859167
Eno3,0.011706308845011152
Adgre4,0.0002048634137400709
Ppp1r21,0.05475806333531449
Fto,0.08011087064371283
Ankrd13d,0.006666308960857952
Cul3,0.17689404092237743
Fbxo10,0.005021963593290577
Borcs7,0.03276392385946387
Flvcr2,0.0003749485907297013
Gpbp1l1,0.100900999456068
Ccdc85a,1.946392574680607e-05
Gata1,0.003965464969203784
Supt6,0.10359081267336834
Siah3,0.0045893845047534024
Gabbr2,0.0003098056689505008
Rps4l,0.010814965871240374
Gbp11,0.0033368011262592356
Sspo,0.0006502444971347428
Phkg1,0.008227887764216285
Spata7,0.001040875227336483
Vmn1r20,9.397028282787806e-06
Neu4,3.7001218139804485e-05
Taf5l,0.04682340754241896
Slc41a1,0.02023307255767645
Fabp1,0.002049553588025892
Gpalpp1,0.03998055186336822
Adamts10,0.0820648990460048
Ly6c2,0.34471445811694423
Brd4,0.26517906924188284
Gm8206,0.00011769319806886853
Gpr65,0.05659317336034897
Aox4,7.30607784288002e-06
Tom1l2,0.02604209489832819
Ndst4,2.0044177359785258e-05
Rassf3,0.03875957855951868
Mertk,0.00022924726893959523
Tsnax,0.08405609536763363
Slain1,0.08711298100588698
Ncr1,0.006465727860213919
Agbl3,0.005663298611766434
Wfdc21,0.0003455607292005323
F830045P16Rik,1.5898395064871377e-05
Pcdhga2,6.186663955796255e-05
Mndal,0.24916068188167623
Rnf32,0.008130963038531247
Gm14308,0.00014149427680884468
Mst1r,2.258788118973509e-05
4930544D05Rik,0.00019571983351317806
Ythdc1,0.226804506584467
Ubap2,0.059488591279058346
Synj1,0.056212287569950316
Edc4,0.04363687760123851
Acad10,0.012362823328153397
Scg5,0.006209891203803493
Rpgr,0.005351167573723644
Mr1,0.009606159403191544
Kcnh1,5.2878253003732186e-05
Crtc2,0.0655543147296863
Aftph,0.088137613436504
Ano2,2.546332361934452e-05
Wdfy2,0.022905768098973312
Samd5,0.0001901867996892514
Ccer2,0.0001738014755068645
Clcn7,0.020545874532612782
Dlk1,0.00018599196094103702
Rpl41,2.4129101171399796
Fam149a,6.721008325323981e-05
Defa38,0.00016317292299394283
Polm,0.022837141461282923
Rras2,0.125939763121063
Mamdc4,0.0010545306054879754
Mgp,0.0001064073336786772
Agmo,0.00023005884640620592
Spag1,0.003676339967471345
Fbxo33,0.06052572484847877
Rars2,0.03445596544547749
Ogdhl,0.00018370903123488035
Cldn19,4.569347529703584e-06
Capg,0.163663383185541
Raet1e,0.034810993481355086
Ldlr,0.02599591988217058
Arhgap31,0.11615969789833802
Gpatch11,0.048979508536022696
Hgsnat,0.0349092473771227
H1f0,0.05497691579958606
Csgalnact1,0.003980374770293735
Cyp2c68,1.414875744984098e-05
Arc,0.006899031797175052
Tgm6,1.4999183104670027e-05
Acvr1,0.0015114300853316467
Sbf1,0.087722541442801
Myof,0.00021725051691389563
Ddhd2,0.06394760857604158
Sec22a,0.03377825975198632
Ubqln1,0.09225680698960805
Soat1,0.04597186369613018
Tbc1d13,0.018635298942843912
Zfp759,0.0023687215255159843
Atp1a1,0.19781514854540605
Aebp2,0.1505722272159303
Med1,0.06671109771936395
Trim52,8.078704310456718e-05
Grm7,0.0004669734518969174
Ccrl2,0.025831222419705504
Iqck,0.0009399146335509007
Zfr,0.15370478650541944
Smtn,0.0045029654671477175
Reg3a,2.9592979078339596e-05
Gipr,6.722100237799503e-05
Slc36a4,0.009120742411681931
Rtp4,0.09140973460819359
Pcca,0.04363376171732509
Gcg,0.0002474301693483854
Agk,0.037821529201993956
BC035947,4.788395253615158e-06
Pcdhga9,5.35135884333944e-05
Gprasp1,0.03712931995794531
Fbxo32,0.03925281756469178
Kcna4,0.00011209507676030681
Ces2h,1.1881810754159714e-05
Rock1,0.2867456688727659
Helz2,0.06326931664486304
Ccdc141,0.0026125075784579985
Htr5b,5.144422616045444e-05
Gng11,0.0005218391643135715
Sry,9.909046957231507e-06
Cdr2l,0.0005259878469853376
Setmar,0.002320338151801267
Dppa1,1.6268749014061556e-05
Gm26938,2.9720012881214524e-05
Acad11,0.010824758443383386
Rwdd3,0.004777362429574454
Iqank1,0.000601688284760348
Tpst1,0.006022423029628748
Gpr83,0.010510522469304851
Nat8f5,7.687608817191257e-06
Wnt4,0.00019574154728248464
Zfp26,0.037364927001072454
Zfp799,0.020797604459868654
Esr1,0.009020284900568368
Tigd2,0.09792162297093197
Gpr153,0.0003296367960815706
Homer1,0.022343078093151447
Chid1,0.02397390111249942
Tmprss12,5.287410278751409e-06
Marchf6,0.05603614584107961
Pcmtd1,0.13146583231679512
Ttll4,0.01622897639224134
Has2,6.473625462970112e-06
Erich6b,2.4689431147181132e-05
Vcan,0.00019576644437374242
Slc38a2,0.19331971406697204
Dlc1,0.0015807920991641972
Il10ra,0.05159249252679412
Ercc8,0.020523191025493843
Zfp275,0.01393650565301984
Bivm,0.006878409312682579
Agr3,0.000195774458404613
Fa2h,4.80556429197361e-05
Rnf216,0.033817139891064114
Rabggta,0.0523426385132964
Oxsr1,0.04620016133157094
Frmd3,8.774095179582907e-05
Dglucy,0.018142768655852102
Atxn7l2,0.01252389393842911
1110002E22Rik,3.002090196976818e-06
Tmem132e,3.044553875991419e-05
Cfap206,2.7444589582940514e-05
Dop1a,0.05454613391033544
Gm38392,0.0005992403257021735
Ly6h,4.8787188131958416e-06
Naa25,0.03580582511009008
Baz1a,0.15159243189608143
Lta4h,0.18948506322191466
Muc3a,0.00030204899290556725
Zfp984,0.015507073485597779
Mrc2,0.0006777564790543978
Brca2,0.009143175104430969
Nfic,0.04629102461063606
Erich5,3.2754637347355216e-05
Akr1cl,2.2579018855008417e-05
Pla2g6,0.008212587546178641
Cd200,0.02665656495375417
Kdm5b,0.12235638766399377
Mex3c,0.034337035350777936
Rab38,0.00016583796120696288
Ccl24,0.00024791174037782645
Ankrd28,0.04859301588736948
Pdcd4,0.4376696344452229
Agbl5,0.010839458349867038
Lrrc3,2.1202744532412493e-05
2610008E11Rik,0.026953139216426617
Ccdc61,0.02830997824082959
Adra1b,4.221258875151665e-05
Aco1,0.018343337865057804
Mlh1,0.024569013093373355
Gpld1,0.0012655073949620124
Tab1,0.02303812559761579
Zscan29,0.03149029382246298
AI182371,0.0006057507498894079
Col13a1,1.3024738611270484e-05
Gucy2d,2.279877778966155e-05
Kmt2d,0.06510585366531592
Gm20517,0.003018635690504324
Atf7ip,0.22723035505899886
Cgnl1,0.00010897914353247796
Rprd2,0.07309725920950187
Csmd3,0.0002241681368049147
Tpk1,0.03635178284884488
Des,4.918831787411784e-05
Gpsm1,0.01012127159358369
Ccnjl,0.0017205735330860972
Patj,0.06748141964578866
Nubpl,0.01396173583004079
Map3k13,0.00363166141969737
E230025N22Rik,4.479350546130502e-05
Tinf2,0.059486084634702334
Ezh1,0.06512669697247397
Ddx46,0.19874577392413065
Cd34,4.156583819790972e-05
Myl1,0.0017941984620722963
Galnt18,0.00022957324781259012
Hdgfl3,0.05220641292380379
Ndst3,2.0002967934884502e-05
Tmem127,0.06893206712627865
Dipk2a,0.027006959259890582
Vangl2,0.0025793594031314118
Zbtb38,0.08177772129552766
Khdc4,0.0751758765970925
Psd2,0.0006237103039879146
Slc25a27,0.013772109798067674
Smad3,0.05719801928185732
Slc3a2,0.17994516504077931
Pigl,0.01697405383604945
Dmap1,0.03329738969577572
Mycbp2,0.3253144956489092
Tns1,0.006362373366963891
Zranb3,0.005949046321691797
Tdrkh,0.008200255913227268
Cyfip2,0.23669207514911872
Cpz,9.520913377091868e-06
P2ry10b,0.014133429551603521
Lrba,0.1259745610522682
Efcab14,0.06453998227865183
Gm3500,1.0748470578465932e-05
Dnajc27,0.009654835376544026
Smoc1,0.0009557093948921645
Epg5,0.025960973702125644
Ifit1bl2,0.005529009028537159
Megf11,0.001332498724254563
Stat4,0.31271775411421954
Grik2,0.0001455576756299293
Mia2,0.18856550549500808
Pacsin1,0.07687809144865863
Glg1,0.14875796430424992
Pfn2,0.0057960958643850854
Taf1b,0.052702497140035144
Tti1,0.022597083924142503
Pus10,0.022864257811467656
4931406C07Rik,0.006941695115884601
Fam210a,0.030016979771073916
Slc19a2,0.004582737075157794
Pls3,0.0008132024916534958
Terf2ip,0.050081622022293035
Hspa5,0.4882879819819578
Macrod1,0.031384492598252475
Ifit1bl1,0.035158259629672325
Wbp1,0.08012081468438734
Ppp3r1,0.061512586671313006
Cdh22,5.7599623855584354e-05
Sh3bp5,0.08312811937639178
Ankle2,0.0503551931427113
Acvrl1,0.015764349354193585
Cmtr2,0.007371098822608088
Myd88,0.06442970306008766
Hcar1,1.5441608671512163e-06
D3Ertd751e,0.020390540857184326
Itga9,0.0019630090340579686
Lox,2.8746498002566918e-05
Fchsd1,0.012312818469634956
Tbk1,0.07841464690740393
Bend3,0.005583452008641404
Zcchc24,0.0031557031165699023
Ttc3,0.1270646600589147
BC034090,0.00030460393798720605
Upp1,0.0005973706226292362
Ndnf,0.003915071831494941
Rec8,0.0010546199516042825
Dbh,4.603649087107301e-05
Arhgap42,6.822378788209519e-05
Arhgap4,0.18816497991773798
Gja6,4.238508855089875e-05
Ppp2r1b,0.042151855492955394
Xxylt1,0.021336167502207723
Dync1i2,0.08410778676228657
Slfn9,0.01090577762349177
Sertad2,0.07031994548853342
Batf,0.12626970256973813
Plekho2,0.03253056098492182
Znrf2,0.20272051465061514
Mpdz,9.345824723814696e-05
Apbb1,0.003963116989193753
Gjd4,1.685425385923002e-06
Scn2b,9.853029667768331e-05
Mybbp1a,0.12473948347681724
Itch,0.12828362100943388
Ank1,0.000464707413582996
Rtp2,1.5762606863953907e-06
Atp9b,0.11237811346822676
Nemf,0.08780520178863929
Rad52,0.015518253920061731
Zfp868,0.02731796220847657
Tmem253,0.00020390261070454355
Mboat2,0.0006599262999328081
Pcdhb17,3.0287378124769603e-06
Zfp354b,2.2190831920505858e-05
1700019D03Rik,0.004040377037723707
Kcnq3,0.0005216533868276115
Cd59b,0.0010134232742782295
Eloa,0.06542754385992186
Cmpk2,0.016072034469910443
Gm128,0.000803273616963684
Daam2,0.0001450668475714071
Gm10643,0.000562421157898375
Abcd4,0.020751962642456753
Syt11,0.038091408795669045
Smarca1,0.0008215575865996009
Cbx7,0.057207642320675246
Apeh,0.07684277709687218
Tnxb,4.553829513773069e-05
Polr3b,0.054345335020118075
Cd302,0.0014947928474551117
Mfap3l,3.616114206136178e-05
Zbtb48,0.012814960284650423
Pcdh9,0.0001588180137102837
Hes3,2.0305160786965356e-05
Xrcc4,0.06891542383930511
Ice2,0.019183907366399144
Slit1,6.759034932452515e-05
Atad2b,0.12946133854995148
Phf11b,0.08750115442399112
Zfp382,0.01090658321961693
Abi3bp,0.00857142418505698
4933430I17Rik,0.0003171460847524476
Trim56,0.05953885241240958
Klrg1,0.04774843774587568
Unc13d,0.08162520668776456
Dnajc13,0.06251767958768273
Clint1,0.41428567985334
Arhgef7,0.03857026247535464
Alas1,0.030486667966825882
Dpp8,0.09980645801947675
Mzf1,0.0006492320744467395
Mapk11,0.017401636827412022
Zfp111,0.0001665529563706024
Baiap2l1,0.0011558860557491267
Dmbt1,0.0010682610956629158
Ankrd17,0.15845705580548536
L3mbtl1,0.0001864718097119649
Sepsecs,0.023006780978015128
Immt,0.10621489678359085
Uqcc1,0.03701966812577915
Stag1,0.17160430355302997
Cpb2,0.00011541306704587023
Trmt5,0.009679235810013924
Plag1,0.0037562379793121066
Casp14,3.660719475283606e-06
Cic,0.06307976487600035
Fmo4,1.0734496631377574e-05
Ceacam11,3.803849402598248e-05
4930474N05Rik,4.406021585660245e-06
Tlr6,0.0029379245988975975
Rflnb,0.2048812338829713
Tcf24,3.441988373850568e-05
Tsr1,0.049553547154335444
Vat1,0.020833364323275462
Uty,0.042391677869724205
Adgrg3,0.004830492114314348
Fam117a,0.0775704283789812
Timm44,0.04320130567874435
Bicra,0.06815370589652595
Ebf1,0.0023074911114943477
Nmnat2,0.027319242624669882
Syne3,0.015326290375394808
Chrna10,1.4072467658199038e-05
Pate3,3.3148189805268255e-06
Hook1,0.02589104390473757
Slc4a1ap,0.04263161406623519
Inca1,0.001000781616275215
Rtbdn,5.2668309424156624e-05
Enpp1,0.017932600896919705
Prelid2,0.02302508489995054
Pecam1,0.13100859869481435
Sox4,0.02110174370033712
Plaat5,6.288103357404804e-05
Ano1,3.98558903967259e-05
Csmd1,0.0002645823786831422
1700066M21Rik,0.006687467313441766
Diras1,2.5592967555362976e-06
Sycp2,2.2205743220305498e-05
Sppl2a,0.10123417401407625
Trim32,0.009418310572700346
Mib2,0.020753695331539795
Gnl3l,0.0410833860952312
Alg11,0.011136064050398072
Fggy,0.004393734337769748
Smox,0.041111399588535616
Endov,0.020662369658371118
Eif5a2,0.007755379618156711
Socs6,0.017545124078041457
Slco4c1,6.462260556346814e-05
Lgals3bp,0.11092557055433178
Rps5,2.400511036617699
Rassf10,1.6342772432518613e-05
Acan,1.0627661649721614e-05
Grifin,0.001970723289394412
Tmem87a,0.06256253267359162
Kcnip3,0.0009488127947959442
Parp9,0.08105670190276416
Atxn1,0.1703265068203644
Dennd5b,0.0011636503419655982
Sptssb,4.854341652600866e-05
Fam13b,0.09593360683502805
Bex2,0.0015866224937541539
Zfp870,0.002687277084735711
Arhgap5,0.042138898458199785
Fip1l1,0.15936261123655
Macrod2,0.003308582519712885
Mfsd4a,0.00787139361455857
Chrne,0.00829558883068658
Icmt,0.012214180372851451
Podxl,0.0001707582852294746
Etv1,0.00038163465926817575
Trim34a,0.045245695923626976
Serpinb1c,3.155529145474422e-05
Ifna1,1.7468465780422488e-05
Fem1c,0.05311611242231596
Zfp658,0.006493558743607713
Fpr3,0.00016824133260318137
Il2,0.006959065451927635
Pate4,8.43147860106874e-06
Ifitm10,0.055656796438071775
Macroh2a2,3.9714129926874204e-05
Rbm19,0.02928483877710754
Rybp,0.032697027340513024
Smg5,0.04829488896610492
Tmem267,0.006486878404976958
Yme1l1,0.10136330082063996
Frmd7,0.00020390126625930533
Bms1,0.0694561274590982
Ppp1r9a,0.00011746008350152858
Klhl12,0.0354716443485737
Krba1,0.01726940448576251
Hykk,0.00097864505038794
Tnrc6a,0.08752596406142486
Azin1,0.08349502110453637
Opn3,0.00038884335482234554
Ttc16,0.001943895258757509
Prr7,0.05929601789295439
H1f3,0.038041754175674514
Pde8a,0.016720196135239333
Gm3752,8.936529328142209e-05
Ecscr,5.42023781021889e-05
Prrt1,0.06093473074354191
Igfbpl1,1.0772580388957126e-05
Galnt4,0.006388025768280649
Pstk,0.060020334064699955
Vmn2r92,7.890038988453897e-05
1700019A02Rik,0.0006681218958118938
Fut10,0.0008637355588278705
St6galnac3,0.13810033337014913
Fer,0.0009728774507826158
Pik3c2a,0.06059057141972129
Rasgef1a,0.004358803926780596
Tmem132d,0.00015185617410389956
Ampd2,0.02202631654739025
Loxl1,2.260475122237535e-05
Efnb2,0.001613553755495948
Ptgfrn,0.0037782047300760984
Itga2b,0.000941380839527875
Mapk1ip1,0.02720757911766816
Ripor2,0.5738100872161405
Zfp362,0.0485074315292157
Gnpat,0.04581286084123241
Nek1,0.01890189553894614
Slc25a23,0.016796241339651345
Nemp2,0.031046981163843548
Gm6217,2.061361267518754e-06
Atp11b,0.22435863919927826
Zfp646,0.04776964272635299
A830018L16Rik,9.812125440612729e-05
Anapc2,0.06268529393573374
D630003M21Rik,1.2432780186190331e-05
Stard10,0.021993837192200497
Zfp512,0.03065005259983659
Sec31b,0.0009476288881156449
Il4,0.011234536558894625
Pld2,0.003121434354290399
Gm14391,0.0010303605640535796
Slc25a53,0.017503710130962323
Ldlrad1,0.00020092922906048163
Psme4,0.0679357736748482
Fancc,0.02602469492531722
Pear1,0.027820356859780418
Lrsam1,0.00396964990450155
Pknox1,0.0516299801065217
Kcnc2,0.0005507543733234475
Lat2,0.04043285637343198
Ccdc88c,0.1971323360315161
Plekhm2,0.02983389710239522
Mroh8,0.0005911899994474494
Mob1b,0.03275001856973086
Baiap2,0.04552615790687448
Stk38l,0.012380005178875293
Ccr8,0.024792982186518944
Acat3,0.00172433673850391
Rel,0.14915674683967214
Lgals9,0.2970709659235622
Msh4,0.00032282897116856304
Dr1,0.06457947996574055
Bhlhb9,0.020030371555540855
Dlgap1,0.011024420998218676
Nefm,9.079672017790802e-05
Pip5k1c,0.0472660078593934
Myo16,0.007794442205863361
Zfp292,0.2282811205066939
Cabp7,0.00013302563569975517
Pkp4,0.049234719821489935
Pds5b,0.07482528452445705
Tshz3,0.0043961127801577715
Nemp1,0.016724460736544246
Pcdh1,0.0001961687300657963
Lgals12,2.3185107947810117e-05
Bbs7,0.0014181551313080089
Mbnl1,0.8623552283087672
Maneal,0.0010273063119056903
Try4,6.172462685277358e-05
Pcf11,0.06447074604834337
Pyroxd2,0.0007089274819003783
Ercc2,0.019656510138896667
Prrt2,0.001085700792864215
Zfp523,0.011699158324709014
Ifi208,0.15709214356769025
Ptger4,0.057600995250298985
Cited4,0.03631439626559518
Krt83,0.012997685137103811
Rnf6,0.06306475925601407
Phf6,0.125577669358908
Dennd1b,0.1369879379384782
Zfp28,0.005172701237365097
Osbpl5,0.02275344512355479
Fbxo7,0.05448778943345804
Zfp930,0.015647475048771665
Kdm6a,0.09061976963358678
Scara3,1.0231917931265157e-05
Slc28a2b,0.037877431864500516
Rbm10,0.07336956867467366
Caprin2,0.003910703630929629
Srpx2,6.255943361105072e-06
Pcdhga8,0.00010396957451612572
Spata16,4.141463500875217e-05
Rimbp3,7.518567093018154e-05
Pus7,0.021620682956557714
Araf,0.08951587973664148
Tnni1,0.002394633324026441
Asphd1,8.25987163120092e-05
Ywhag,0.09147637002400492
Tead1,0.0003807026513565858
Plekhh2,6.240106434374195e-05
Rnase13,2.3659028353256294e-06
Rev3l,0.12305240129146261
Skp2,0.006114789460235965
Alox5ap,0.00216725793598993
Zfp873,0.014527432033410873
Gabpb1,0.08149070018613117
Hira,0.02065833618510353
Tnr,6.399857259815183e-05
Cpne9,0.00037453391564941607
Alk,0.00026765381018091917
Padi1,0.0012622219051813398
Ankrd12,0.2414609988756353
Zbtb10,0.010937552513239721
Slc2a5,4.088979110129625e-05
Flrt3,0.0012913892859281653
Gm49384,0.0006579032828042435
Has1,3.0717270057795995e-05
Ddb1,0.11429496857233576
Adam32,0.00018352629620256228
Klk1b5,5.2829682653584416e-05
Tada2a,0.013945165070211572
Zfp53,0.09789306615695366
S100z,0.00011797457606441806
Htr1f,0.0001903873098940958
Vti1a,0.13362221215300352
Gna14,0.0011800937760202625
Prickle3,0.023816223284418323
Pik3c3,0.06159625116111778
Slc25a54,1.7656530158167677e-05
Mcoln2,0.01485953801445626
Ephx4,0.0013701291507568882
Itgb1bp2,0.0007975870405355933
Igfbp3,5.2458835032369326e-05
Aldh3b3,1.4914147016842778e-06
Usp29,3.579423491575896e-05
Prss41,0.0006879667579442675
Trpc5,0.00028630712269517555
Cpsf4,0.03692846253538306
Tmem143,0.011391951398860773
Eif2s3y,0.07441921551342298
Bag6,0.0906987381165873
Ankrd11,0.4668102882079832
Akp3,1.3152649366025023e-05
Col6a6,0.0005552608012964655
Galnt2,0.0333188180142578
Rnf182,7.1323525768106e-05
Drd2,4.119598835805543e-06
Trpm5,6.33444813144756e-05
Atf7,0.027451631082528797
Ift172,0.007011604563355716
Dyrk2,0.0605415224716633
Piga,0.014267457172074574
Mafb,0.0016467536576527482
Magi2,0.004281240192021365
Ap3d1,0.07546242019884221
Bcl9,0.02475984120469495
Zfp112,0.0008935513187991628
Ppp6r2,0.02806454289437915
Gm5916,4.075877893447801e-06
Casd1,0.03564407297887488
Crebbp,0.17213695887199798
Dcdc2b,0.0009658485476197123
Nceh1,0.032804745770030674
Ces4a,2.5405365906564252e-05
Axin2,0.028412150092405837
Car1,0.0002521733269779396
Ezh2,0.06279412971033718
Tulp2,0.001336131534477657
Dync1li1,0.06102525923389397
Crebl2,0.018924949774139083
Gpr84,2.485132811787689e-05
Ptpn21,0.0057910275069627155
Prox1,0.00034723039514102566
Ubash3a,0.11299027991766551
Nefh,0.01775358027451719
Eda,0.00017704161511191506
Prlr,0.0006704608055319856
Trank1,1.2922494493026422e-05
Abcb5,1.986987591989502e-05
Slc1a3,6.868973766386573e-05
Osbpl6,0.0022590653831156032
Cacng3,1.109408478665263e-05
Klk1,0.0005053410623503246
Fubp3,0.01630489797960453
Gpr161,4.144704558541157e-05
Pdcd1,0.09660945289736364
Muc5b,1.872724876836926e-05
Rgl1,0.0024692965037401158
Stra6,0.000265906851532307
Ndrg2,0.011827057882175866
Cdhr1,0.00013983493040994497
Plxnb2,0.0005588177144678666
Ints13,0.04704294715053598
Rrm2,0.025136776040838336
Bard1,0.008935161723763772
Syt12,9.709108771325895e-05
Cercam,0.0044124647598323885
Zfp738,0.025348505915602018
1700122O11Rik,4.606105877919736e-06
Zfp365,0.005016312283437126
Atp2c1,0.06566207251073954
Cog3,0.03811721123656368
Itgb5,0.0023400359482187156
Hivep1,0.053246975598188
Gca,0.0020886749093783725
Olfm3,0.0015480765351253303
Zfp748,0.015349073847577416
Tead2,0.000700900895669535
Zfp455,0.002312216865689631
Fam186a,2.6829336580806202e-05
Papola,0.1945164281955009
Ccdc97,0.04144150707292753
Add3,0.27067174621356155
Rhbdl3,0.004132486958369353
Rps6kl1,0.0010348348074413279
Lrrc45,0.021686606486526372
Zfp39,0.013652474853667215
Szt2,0.02467371177405558
Zdhhc24,0.013649548848910979
Ebi3,0.007779038444292566
Six5,0.0002270360450988568
Bysl,0.03345815162863783
Akap12,0.010226502101713992
Mecom,0.00020641964370006735
Mtmr14,0.032146149651421964
Snrnp200,0.12016463103556708
BC024063,0.0021544502373861715
Ms4a6c,0.02798382376753471
Wdr35,0.0017853876884761641
Pigg,0.008305483376636048
Pde8b,0.00039354614367586655
Mospd2,0.01664954485031477
Tlr7,0.0055295455056766476
Rfx3,0.06646157430609739
Zdhhc21,0.03467395378755817
Itgb8,0.010658495492072973
Cntd1,0.0010937266325683215
Vwc2l,1.4812988973702582e-05
Mipep,0.016714681661799333
Rhobtb1,0.0016557707388252948
Cep192,0.06493479651816593
Sap18,0.23445906622708743
Vmn1r16,5.523119542763684e-06
Lyve1,3.60042874242101e-05
Fabp5,0.028245001541183576
Tpsab1,3.644765620381592e-06
Stoml1,0.015243263163350508
Rps29,1.9163624726773838
Astl,0.0007056016956389862
Anapc7,0.040644213225541
Car11,0.001566447141625702
Pgap1,0.024833036106708936
Anxa8,0.00015133742759223157
Ftcd,1.0354607290195612e-05
Gpr107,0.035695796368919064
Fbxo47,0.0018190515722627662
Zdhhc15,0.05036899547148311
Cmtm6,0.07662089866039198
Mki67,0.03487972477622074
Cnot6,0.08446910750806313
Cntnap5b,0.00019021935812160465
Scd2,0.02775968553008149
Zfp663,1.7227571423453693e-05
Zfp661,0.0022707724164610205
Itga5,0.003354950142432971
Tbc1d4,0.07364722006147134
Bbs4,0.011034392733618859
Prkcg,0.0007534800314789143
Utp14b,0.0022568923217244526
Art2a,0.01001436087132171
Jrk,0.0034502223398255867
Tbcd,0.0501251945385237
Gm5127,0.0015034267313488267
Zdhhc22,4.944205171515378e-05
Gm4841,0.0020753991499413097
Blk,0.01562592695858255
Eya2,0.03880837890764531
Eya1,0.00014394479742047458
Actbl2,4.5722916733166206e-05
Cstf3,0.06018430982256275
Dysf,0.00010669366835467787
Tpgs2,0.0458716208357709
Dnajc14,0.050376791398182824
Parp6,0.03829876417365536
Ifrd1,0.23462078776185522
Pip4k2a,0.2151310582062334
Prr33,0.0009839006059217282
Caprin1,0.1980850083035869
Gns,0.028453187066501604
Ccl12,0.0002479678886480711
Dppa4,4.121372557413615e-06
Naa15,0.08720896352131961
Sctr,0.0005825367219272464
Itgax,0.022159740338828313
C9orf72,0.016653151706704332
Arid3c,6.158966079090204e-05
Mrpl37,0.053856495691946255
Dis3l2,0.05829040594468864
Kif3a,0.009102626126803204
Fgf22,9.576458215411265e-05
Pdgfd,3.472944975462479e-05
Fhod1,0.014818387322015089
Zcchc8,0.05980179787317579
Mecp2,0.07639270581114714
Rnf144b,0.0006474641256821471
Rgs10,0.29340409017568986
Acer3,0.03097576337137399
Bbof1,0.003045727620822019
Lctl,3.0309852620997948e-05
F2r,0.032590232555864955
Rlf,0.09317353131868612
Acsf3,0.005819895611298616
Reg2,1.9141431306198095e-05
Prph,0.00030136078924939563
Pan2,0.023512943779303005
Actn4,0.17856915270950638
Fam221a,0.003279918805928351
Arap1,0.034151449592970805
Trim41,0.020116732752949198
Copg1,0.09160512428403288
Fanca,0.004824038580886296
Ankhd1,0.12541978107246043
Zfp141,0.025726099883553847
Cops7b,0.023241688875113676
Abhd17c,0.028504117564249417
Odam,2.0951749740966184e-06
Pth2r,4.829586888030215e-05
Ptpro,0.0003104484351403065
Shfl,0.03185143863637063
Atp8b2,0.034428731562268305
Fbrs,0.03535003252875848
Prol1,0.00012987824796818087
Setbp1,0.026533257114237332
Abcb1b,0.05103034770615115
Prkab2,0.0054422276722439515
Msh6,0.033235130290011086
Wdr19,0.003510009677520385
Mamld1,1.499494627121869e-05
Grik5,0.00389135371261172
Kat6a,0.12189702781124453
Cstb,0.1501286652264952
Ceacam14,1.3769255769816948e-05
Rab6b,0.04990028365272557
Zc4h2,0.0019970379236690984
Klhl38,3.5586302366805153e-06
Nploc4,0.03471069884869375
Plekha5,0.09573620984753342
Stx19,0.0003986239440602178
Fam20b,0.019690405657735815
Pdcd11,0.05601921919704889
Casp8,0.1508240447942014
Arel1,0.02885331410018292
Osbp,0.05451946242236135
Fasn,0.054752234432630886
Fbxo11,0.09228612304820004
Pxn,0.055101696743351185
Zfp120,0.0267015472686564
BC051019,0.00011215141646888012
Maco1,0.046939574235698125
Racgap1,0.05016437463005557
Napb,0.0009516950838504196
Ambra1,0.10497786804483748
Rab12,0.038750878840305064
Mon2,0.0637816408240021
Dlg5,0.0019192385923684845
Gm3002,0.00016605247871886262
Zfp784,0.00414695535654129
Asb12,2.2864403011992288e-05
Tnfrsf19,0.0005810488264964493
Elk1,0.009279928179480887
Ece1,0.04091536918822331
Slc25a13,0.009659111454458627
Cdc14b,0.022517940999005177
Zfp790,0.013295501159518646
Nectin4,0.0002112150506214494
Col6a2,8.666417611144798e-05
Sytl3,0.10683092710525367
Slc23a3,0.00048634163889944523
Entpd3,8.139802458657732e-05
Prn,1.7497327872449733e-05
Ahnak2,9.545140557047246e-05
Tyk2,0.050400481187148904
Pkhd1l1,0.0004313289486868924
Atp6v1g2,0.006001804907884205
Mt4,3.301997500953482e-05
Zfp235,0.014210505538370418
Ddx20,0.026023597597461007
Rprd1a,0.02289872081996915
Robo2,5.78857072854111e-05
Rsad2,0.012303524432952984
Hivep3,0.038319445540962685
Knop1,0.04595814357418434
Lamc3,7.948209408005281e-05
Sv2c,0.009989560481411367
Ccdc50,0.07012188888503064
D2hgdh,0.01871233299752832
Wdr59,0.013001593480643427
S100a5,0.00016498084030261518
Net1,0.029911519002891684
Pla2g5,1.359812335976076e-05
Abca17,0.0004973098237512796
Paxbp1,0.10508113280372129
Rplp1,1.843454652582087
Jmy,0.09035166666816966
Rpf1,0.0632955467065024
Zswim1,0.01666002076798614
Hps1,0.03992537438629007
Lrrc19,0.00011840905842952031
Aak1,0.20498176525070066
Cyp26b1,6.070831800589963e-05
Creb3l4,0.00011236415269414458
Lrrc1,0.026718086249394167
Pacc1,0.01213608185909022
Tgfbr1,0.06725281715378988
Gpr179,0.00013695887776987175
Rpl17,1.5093117086263563
Tll1,1.755281978668806e-05
Efhd2,0.2247992715354075
Nup50,0.07942813293660193
Brms1l,0.02891372483975966
Gm45799,0.0018652614378061722
Ptk2b,0.23635757336088956
Bcl2a1a,0.001993032720263665
Dnah12,0.0010883060612798417
Csprs,0.0003834741279414202
Slc35d1,0.03474421683492577
Nin,0.12302754889450178
Spic,0.0003932855148303442
Kif7,0.002132337949709961
Slc6a19,0.01116978123654735
Cdkl5,0.0033174353014976863
Virma,0.11585761912019461
Hba-a1,0.001933442232033781
Plcg2,0.023349093456169125
Zfp180,0.021131686244720366
Flg,3.985896362022312e-06
Trim30d,0.026876943620191163
Fam234a,0.023911082307707256
Myc,0.11996648725116159
Pdzph1,1.3932648693448678e-05
Zfp36,0.33132468401359144
Cpm,0.062009882753467714
Rab11fip3,0.012717488990676635
Gjc2,1.8798426454241104e-05
Kcnt2,0.000245822292303315
AU041133,0.019736326264436183
Gpc3,0.00016332544011538158
Patl1,0.036047854517447624
Usp15,0.1579309038271238
Ets1,0.6942157363277947
Smim41,0.00010754315178960198
Tmem131,0.11742686674398048
Naip2,0.009904027225714323
Gp1ba,9.169451798319283e-05
Vwa3b,0.0019638452281517853
Frs3,0.0007637739028503402
Srebf2,0.11097273196959444
Catsper4,1.0207745532106958e-05
Efl1,0.05286640427383303
Zfp598,0.03943975976973079
Homer3,0.003496994698208621
Fam118b,0.036675853999913854
Zbtb11,0.06652522840046901
St13,0.14933652823019458
Abca2,0.042819912449553466
Ankmy2,0.040917835840423855
Myo1c,0.013901327556253918
Zfp418,0.004439071578364703
Mmgt2,0.0660308182149157
Lgr5,0.00036843380637405324
Fcamr,1.6680134194999906e-05
Nars2,0.03644818890208112
H2az1,0.6832562308588024
Neu3,0.009420531700137619
Fos,0.29313736403225527
Sptlc1,0.049848757908973265
Ttyh1,0.00022453132238534163
Gle1,0.06141225110958878
Glis1,0.0014437130805577594
Mapre2,0.11230868879134118
D17H6S53E,0.01269297577787243
Rap1gds1,0.17733206723448033
1700102P08Rik,0.0014698124397388393
Zfp558,0.0011253999146269265
Tph1,7.297620509957029e-05
Mettl25,0.028987380367128394
Fryl,0.2693910020419676
Kctd7,0.0021717397558943937
Pcp4l1,4.052045048995464e-05
A030014E15Rik,4.38140235936404e-05
Aplp2,0.10697144176277364
4930503L19Rik,0.03980275146003486
Cyp39a1,0.0014209084550061033
Nufip2,0.1113060387104494
Ercc6l2,0.0323619622144877
Tbx20,7.743906743437742e-06
Ago1,0.028779839164577225
Pigm,0.030078375560422296
Slc16a4,0.0011871349155830866
Leng1,0.035067535893064536
Vapb,0.08310678597743193
Hk1,0.0999093392739784
Tmem252,5.0797499015402074e-05
Phf10,0.0234853119697641
Pak3,3.44262976760888e-05
Zfp516,0.004562422428997673
Lmnb1,0.13966047146788332
Abce1,0.08602565624410224
Rag2,7.93868795637915e-05
Nudcd1,0.022217334034393518
Acp4,0.00010982254878281197
Zfp90,0.010597627294579253
Rgs6,0.0005559007932263855
Dsp,0.002659978879882904
Ube4a,0.06323398577162011
Ahrr,0.0068651710376219175
Fbf1,0.009008445277486163
Arid1b,0.14184425436623346
Fxyd2,0.0015516118995034854
6820408C15Rik,6.896885140744577e-05
Stpg1,0.0007572909809631751
Mdc1,0.04284570812958533
Sypl2,0.00011835911999910452
Lrch1,0.13693757816212862
Ccnb2,0.019491000078904867
Gm49368,0.0005768496846527591
Pom121,0.05449805321506836
Col4a5,4.2919489081482006e-05
Lrtm2,0.00014112198674571234
Fabp6,0.00035437612008124106
Amy2a5,4.878946593741749e-06
Zfp426,0.027923907812003924
Slc22a13b,0.0001988043045766733
Crem,0.12049093330138017
Sumf1,0.01822667429403885
Dlg4,0.015350219259001794
Hs2st1,0.03810547208565792
Hdac2,0.09939306955915471
Slc35f4,2.591000240932628e-05
Liph,0.00024202958460908396
Ercc6l,0.0044317262888561365
Zfp65,0.01204244239156046
Zfp229,0.0002785079678286469
Tpsb2,3.236921513686655e-05
Hspbap1,0.03417776428723279
Cep170b,0.007245509767443608
Ccr1,0.0020485125545057596
Cd46,0.0098226633850003
H3c15,0.00010781852549440525
Nedd4l,0.05675283935524331
Hivep2,0.21905893123795026
Prss34,0.00018230115041268754
Stambp,0.03566127303390236
Vps13b,0.13241352348120358
Id2,0.2102022367937162
Nav2,0.028616585037962074
Egr1,0.0977729163658439
Efcab5,0.0005491629345728689
Nicn1,0.002753023257371126
St3gal2,0.01144623163213091
Dpp4,0.1026387248668959
Prkacb,0.1793726272822549
Nfatc1,0.1996722491293968
Sos2,0.03753909308706408
Zfp583,0.002707194405543091
Samd13,0.001692079311556393
Cdh10,0.0018160647793813106
Mef2c,0.0018629059364686867
Miox,0.0004396557732103256
Fndc7,0.0002231936972276427
Fam135a,0.00045719155850634433
Tssk6,0.0034392409525448447
Cyp4f40,7.317200340258816e-06
Esrrb,2.369285955100706e-05
Usp33,0.032916755247747446
Cd2ap,0.09821567553975523
Sema4f,0.01498483781112584
Nmur2,6.893538083861903e-05
Kazn,0.00015352746885514672
Efna5,0.0003668473450093985
Hlf,0.008835964737709643
Eif2ak4,0.018784246319055817
Cerk,0.05288434141547543
Nelfa,0.05482599716253847
Cbfb,0.10147925587062467
Top3a,0.01993176003443424
Herc1,0.1490312971127133
Ccnk,0.06223594691833798
Wrn,0.08665644081331851
Myt1,1.7571094971092e-05
Cxcl12,0.0001461556613789112
Odf4,5.805878318429934e-05
Gm16253,0.0023401025768055505
Ntrk2,0.00012344824684354475
Prkn,0.0017829266081199739
Zfp992,0.005496450626642584
Syngap1,0.00031535326814321996
Zbtb5,0.0129733856599518
Sptlc3,2.7879968680547964e-05
Zfp469,5.72435651125938e-05
Ank2,0.0005516993247415596
Slc25a46,0.04510766857054109
Abo,1.7331294009920455e-05
Zfp445,0.07419174221961357
Hbb-bt,0.0010490597238945727
Zfp970,0.0014132192042944753
E2f2,0.01797416079277375
Il13,0.003372692254607327
Prelp,1.447932453965321e-05
Vmn2r26,1.3478894706522407e-05
Armcx3,0.01197937146772367
Wdr36,0.05960808581492511
Prpf38b,0.16794668925939968
Dchs1,3.4700753859097586e-05
Brwd1,0.07825804831197497
Daglb,0.014530397437239233
Golga4,0.0834193829112956
Klhdc2,0.10441082020514829
Klf12,0.010233986363733046
Olfml2a,4.3274651737140994e-05
Mef2a,0.12200534188206853
Gm30083,6.2196894175956945e-06
Phactr1,0.00013229482498718713
Usp17lc,2.5185169548548693e-06
Slc9a3,7.009889318553697e-05
Gm15097,7.031191057026132e-06
Nipsnap2,0.04706035027645039
Ms4a3,0.00011458601113087479
Ocrl,0.01190928210993648
Gm3667,0.0006946950620317511
Zfp281,0.0526864749004862
Arsk,0.00989364545756448
Plppr4,1.454870538245866e-05
Nudcd3,0.1134783242149838
Grip1,0.00025507427575835576
Spast,0.04515191347968447
Tyw1,0.045268820394889234
Slmap,0.09654858206177858
Gfral,1.677365448671552e-05
Pon1,1.4583729143908104e-05
Gch1,0.0911001431027102
Npsr1,4.6547931947286175e-05
Trappc10,0.06909709332434308
Ndc1,0.008515238410136036
Wdr48,0.05598879193212857
Usp20,0.02474629180819193
Tug1,0.031094548016893542
Map7,0.019487913158328787
Tox,0.31461085682953743
Garnl3,0.0013562009478300953
Elf2,0.18105511510472766
Lancl3,0.004005178355382982
Bmper,5.27150061328795e-05
Mixl1,9.68550428791293e-06
Zhx3,0.02414782230976672
Pdzd4,0.0011169852415979138
Mip,6.629624574748027e-05
Stab2,0.0008460292961008934
Slc36a2,1.3671766967854834e-05
Gm49359,0.015617024539504275
Lama2,6.943603476465513e-05
Polr1e,0.02113224361504362
Sirt5,0.02160295473810872
Ephx3,0.0003524096400327347
Adcy9,0.0018966930273676026
Mindy4,8.687068321435824e-05
Nme5,4.526848670836422e-05
Tmem184a,4.313212518695368e-05
Uhmk1,0.06358535507495913
Usp38,0.09676642436555072
Lamc1,0.02919217729517875
Hif3a,0.00047794768417440506
Fnbp1l,0.0014611385588910205
Rdx,0.11194352523903588
Exog,0.015709869658564184
Zfp958,0.025954572061442045
Natd1,0.010435144013218546
Smo,0.001399621400717457
Serpini2,9.555814511022207e-06
Cnnm1,0.00010269217101470076
Spocd1,1.723329629843865e-05
Il2ra,0.05763183937668396
Plbd1,0.0011432718365868028
Myo10,0.015997679797267003
Zfp260,0.06768198530778392
Naa40,0.04311517835682411
Fut8,0.0828572891347186
Pomt2,0.004029333828974454
Ncoa2,0.1597462108494288
Fbxl2,0.007755765295602823
Rsph6a,4.7027813699270326e-05
Glmp,0.16334622035597585
Tdrd3,0.023898711654739526
Mpp1,0.07593878102198962
Cspp1,0.05059758505607382
Rabgap1l,0.31399071529116995
Runx3,0.1877284793091429
Matn3,3.594507003862402e-05
Cd209c,2.2493716321397868e-05
Slc10a1,0.0014468367650537096
Plac8,0.14230592968644717
Mettl16,0.05751507999579717
Cyb5rl,0.005590874307322621
Creb3l2,0.015895476814725768
Gnl2,0.07338121585447528
Atl2,0.026326085915416682
Riok2,0.04467462755676777
Taf1d,0.10586875424466669
Krtdap,0.00014530446280252614
Thoc2l,0.053340709387448074
Ptgdr2,0.0006000284171138127
Mavs,0.02632563818502255
Ttn,0.006512614448306084
Mau2,0.0810647635846417
Ttc28,0.050524568337247965
Mrs2,0.033947880867082704
Nrp1,0.03913577877767391
Ahdc1,0.026463414499986532
Spats2,0.008414762992483334
Usp54,0.005035730579563697
Atp6ap1,0.10693793752431019
S100a1,0.016393061354419154
Tgfb1i1,0.0014408467359561038
Wfdc2,0.0009131783949574416
Vcpip1,0.06848424273941815
Helq,0.01754047204945094
Mypn,0.00010372346008600519
Gaa,0.019948998138440085
Dgki,0.0018056321021809806
Inafm2,0.006995186892511086
Fmnl1,0.25950739886384006
Dip2a,0.009008287643962373
Epha1,0.00040842371762740703
Dop1b,0.05263462966671186
Vrk2,0.05606705797266583
Ehmt1,0.08621596607100934
Klhl24,0.08521055431359129
Hace1,0.032793121550800705
3110082I17Rik,0.017899429367698578
Plaa,0.10504728552880849
Usp22,0.04238977246896019
Fancm,0.01853962108903058
Cpne5,0.001350225063051976
Mtrex,0.06940533489124637
Plcb4,0.022276783029317137
Spata45,0.00016938153719715958
Cst7,0.2211911299338021
Ereg,1.3569678411648698e-05
Arhgef28,0.0006984508052283511
Xrn1,0.12041982231748986
Tubb1,3.317940443327079e-05
Crebzf,0.08550471874187199
Epha3,0.0014228124355854348
Il1a,0.0001988835957420212
Dipk1a,0.14270596616888714
Dzip1,0.026097256068831096
Abhd2,0.059091747264508464
Zfp64,0.03563565822649244
Nckap5,0.0033976465580323203
Svip,0.001001237699326515
Procr,0.00010720311999743663
Rnase6,0.00163531652473059
Cwh43,9.866498231539825e-06
Grm8,0.00023881692175983302
Akr1c6,6.893880567499472e-05
Dab2ip,0.0018908296008988482
Col19a1,4.9693387280705484e-05
Hmgxb4,0.042091826599349486
Sema3c,0.00022141831266735612
Rnf213,0.14479263646323196
Tent4a,0.01156336994307338
Crbn,0.09650302520982003
Ehd3,0.09973269776531489
Sohlh1,2.0171935824077316e-05
Adgrl3,0.0002056113654809943
Zc3h6,0.0409143757166292
Ikzf1,0.47785769306403003
Pigv,0.026959405785266424
Bsnd,4.851019074066946e-06
Ccdc117,0.060367629833537356
P2rx5,0.0002090130019752662
Zzz3,0.07100035509893418
Pgm5,2.0391524715186047e-05
Ylpm1,0.09925548239953072
Klk13,0.00028068595306844385
Cyp11a1,0.0003015954679735832
Rapgef5,0.005626686991966376
Rbbp5,0.03826549685098555
2700049A03Rik,0.01771656312147122
Fgf1,7.661881695336527e-05
Egfl6,6.104842763855113e-05
Tbccd1,0.017745144762729266
Dmp1,2.044404212336405e-06
Ugt1a7c,0.0008471837348219319
Thoc2,0.1441341868503192
Msantd1,0.0010830139087054057
Spag6,0.00022495002661589508
Bnc2,4.4976486084222926e-05
Rbl1,0.04684633199534181
Aspm,0.007186248141778586
Lrrc74b,0.00020908181662357
Zfp874a,0.010339138279961586
Zfp3,0.009242284977700693
Prdm4,0.015790439167637626
Ets2,0.050515537699009246
Usf3,0.03201822317737034
Gm17067,6.201032235987029e-06
Frem3,0.00021098765367263785
Iffo1,0.027509007117992708
Colq,0.004017609360731195
Ppm1l,0.015954019728408132
Dytn,1.3444088867433794e-05
Anks1b,0.009792039774874865
Prox2,0.004705027170522218
Tent5d,0.0008465725891790041
Adrb2,0.04168960585227575
Tbkbp1,0.006403126310147225
Plet1,0.00023373142798831852
Zfp689,0.008936069310867514
Gm28047,0.0005548998957531903
Pik3r4,0.028667292738758562
Clasp2,0.08483915270803519
C2cd4b,0.003121075676885612
Vps9d1,0.02760848524196587
Faiml,1.0298581245490189e-05
Smim10l1,0.05818710961730273
Zfp773,0.009357574709112117
Akna,0.21395611263463163
Gm20695,0.00036977533793499306
Ilf3,0.05478501545793165
Cdk12,0.09469408662466423
Cul7,0.004491930899035711
Gpatch2l,0.0426008477844981
Clcn6,0.012521826551879826
Gm20662,0.00043798997293048846
Zfp668,0.01944290091994394
Zdhhc14,0.013745930661868667
Grin2a,3.195775536774612e-05
Gng3,0.0021790173670933484
Npr3,2.368337651904369e-05
Hspb6,0.0037409812646698997
Cpsf1,0.0650391348205223
Cd55b,0.00031829631454384613
Runx2,0.060755557139565236
Capn8,7.365497790983044e-06
Rfc1,0.0867976417981903
Gm14399,0.001380687134442731
Aqp11,0.0025967683156136612
Arhgef10,0.01682864867280133
Wfdc17,0.0009001752088513603
Etnk1,0.15110987972282228
Klf3,0.26080093642244984
Cenpc1,0.031241866369507543
Sstr3,0.00016184128661445369
Kri1,0.08107430435127404
Lix1l,0.0008173674716719629
Wdr49,0.002031346837645913
Pianp,0.0019404533375922749
Snx22,0.0012871823500561728
Nlrc4,0.001090446237085771
Zfp628,0.013382194352475507
Slc35c1,0.046749017966715004
Lyplal1,0.0003308067455010731
Tlcd4,0.004428923206887174
Sec24a,0.05532563874143428
Lactb2,0.03853801416857653
Akap10,0.06745836650519994
Scn3b,0.00013721927697395717
Dmrt2,0.00019988070035379955
Prex2,0.00020046203842826658
Hdac6,0.006486761445342192
Srgn,0.9423947321893886
Larp4b,0.13737749925979045
Ncstn,0.08611964732016594
Synm,3.366139613227278e-05
Dync1h1,0.14909098245497238
Nlk,0.11102511377424512
Tnf,0.06119057345214275
Exph5,0.0010788608006349835
Fndc3a,0.10085606824573866
Cytl1,1.0896008749813476e-05
Pde6a,0.000646444649290335
Zfp931,0.012935623722968222
Kctd12b,0.0014256486184552643
Gm10337,5.57517857644686e-05
Ggn,0.00019138915297921966
2200002J24Rik,3.130377287184675e-06
Dnajb8,9.780486920968058e-05
Ppp1r16b,0.142886389501202
Ranbp9,0.14319309928187068
Grn,0.03212075705297228
Rhox6,4.2156319253511276e-05
Vmn1r80,1.5559388241532073e-06
Prodh,0.0026690484433880696
Ipmk,0.03276621551377474
Mbtps1,0.07316494175324492
Ptpn14,0.0016838463295082654
Smchd1,0.28382406825861
Aqp9,0.003259528959613047
Vmn1r1,2.366859356979331e-05
Nol10,0.05095383876753498
Zfc3h1,0.10180273349082868
Herc6,0.04588055414721927
Prr14,0.07247412329748237
Usp10,0.04927716892898579
Inpp4b,0.5960216713794264
Cd74,0.06849696511754184
Tuba3a,0.0014180977984847207
Vmn2r11,3.4742720982053133e-06
Gm3173,0.0001187266685522919
Trdmt1,0.008936782475441626
Mrps2,0.029119924033392926
Ugt1a2,3.5385014243711395e-06
Ptgr2,0.02912856901227719
Sptbn2,0.000381098437591285
Lrriq3,0.0010625806358279563
Mst1,0.002016761260727475
Slc22a17,0.002655208027780826
Fgf3,2.4351601518574684e-06
Septin11,0.0955901345159368
Phf11a,0.012939744031839189
Snx14,0.04265979694082887
Zfp809,0.03611106724011831
Fam3c,0.1265067936026493
Cdh9,1.4627388397365485e-05
Prpf18,0.05037435030334065
Septin2,0.0061080879230246314
Map4k5,0.0120182556677005
Ppp1r10,0.0993260849623048
Taf4b,0.03781381056125338
Dipk2b,2.3623305660859102e-05
Ascc2,0.03399272373363426
Ak1,4.589662998714782e-05
Stam,0.02381350537534858
Il7,0.0006536520882610611
Celf3,0.0003337913859495234
Pde10a,0.0027133668449174607
Slamf7,0.0814592883576533
Skil,0.12395147605669171
Mov10,0.03789490773955175
Cmbl,0.00030017383701964314
Sdr39u1,0.06714289312395792
Dock4,0.008340795546355763
Jarid2,0.20314095572746743
Erlin2,0.014107596990285921
1700088E04Rik,0.000819915720985247
Ccl22,6.48377784427645e-05
Rfx2,0.005530996109580382
Ctdsp2,0.05044193281344076
Itpk1,0.06645307704567277
Utrn,0.4178622261024133
Ap5m1,0.041835611075880845
Ccnj,0.005408833305875883
Dnajb5,0.010148456535667207
Ces2c,0.0036159480094734853
Rasgrf2,0.007875100870540632
Vmn2r79,3.846568109905246e-05
Arhgap17,0.08222318225943026
Cyp2c70,1.0961139675093113e-05
Sdhaf3,0.017297834896687098
Dntt,0.003308303471587305
Il6,0.00020913023260890992
Zfp791,0.00020252590329110246
Rgl3,3.690829693289635e-05
Mtor,0.03709870689108423
Tmem106c,0.023959339181620656
Tmod1,0.0013357996649188168
Caskin1,9.20803526678862e-05
Fam193b,0.03805962712817381
Pcp2,0.00016392792817578915
Cplane2,0.0032643363001923927
Zbtb18,0.005468975181031078
Depdc1b,0.006060335005911614
Mid1,0.017629281706351592
Gast,1.2990322820193377e-05
Cyth3,0.0549553394330434
Zfp329,0.058425303854955285
Wnt3,0.0010504387614678724
Gpsm2,0.014228517784298284
Rdh16,2.5283780253420022e-05
Apoa1,0.0010653556364582464
Wapl,0.19178060124117002
Ap2b1,0.08169365464282334
Pld5,3.494409997323735e-05
Hmgxb3,0.03870352785918189
Trpm6,0.004346047729850273
Zc2hc1a,0.0035002487130619355
Fam83h,0.00047675108104904863
Trhr,1.325032537301915e-05
Ddx11,0.01792966614522747
Rad21,0.1395935191703484
Nkapd1,0.035422556798417326
Areg,0.044067919532598254
Adgra1,1.631618568513612e-05
Btc,0.0009459050982575049
Tmem220,0.002437234601364985
Klf1,0.00029812654280323564
Il1rl1,0.009098782738744843
Kif1b,0.10215649242798244
Nol9,0.04718272754728275
Plekha6,0.004040420113642705
Vmn1r207,1.2404589302352444e-05
Actn1,0.22989923516807143
Tmem8b,0.0013928040135173325
Tmem158,0.009557497685792305
Traf3,0.09781805927725244
Mpp2,0.0020331871884302255
Sox9,5.114789837781051e-05
Tob1,0.06892089806742624
Txn1,0.32468482776791574
Ubr3,0.07309568506981705
Sfrp2,0.0003186005513519731
Ptx4,2.640629635751857e-06
Il17ra,0.1092272192411967
Gm50318,9.015512494372607e-05
Gdf15,9.851673011303793e-05
Zfp72,0.0018976706529141673
Sec31a,0.10061228259692598
Fam8a1,0.034575133637470196
Mllt6,0.06955478384116442
Cxcl11,0.00017800406939913463
Camk1d,1.0574536139077015
Sarm1,0.0007300396563729568
Dck,0.0463942724421732
Kat6b,0.056707929858447206
Atp6v1b2,0.1008748842140106
Zswim8,0.03762322561176593
Kcnd1,0.00030392257964376114
Nlrc3,0.06534949265418817
Ffar1,8.920731853484954e-05
Fbxw27,1.1286687359644295e-05
Mettl21e,3.154683350379241e-06
Hs3st1,0.0006399920873436115
Gna15,0.053978274061542666
Hid1,0.03276513853945436
Otud7b,0.03151672350275995
Tmem163,0.03322556695123285
Tceanc,0.007336377466336285
Shcbp1l,0.0005383756020635792
Edem1,0.10683512740618298
Sbno2,0.04196193383809379
Ppm1h,0.24592097603335733
Lair1,0.01457291829872675
Zfp874b,0.016903971446275305
Tbp,0.0427792912991009
Fam171b,0.00158740499638257
Tnrc6b,0.29998980295404265
Tcof1,0.1700204632896121
Tusc3,0.09574776411998415
Srfbp1,0.043472855959093365
Atxn2,0.04250791245159451
Nfil3,0.057115346201377724
Vmn2r103,6.212425829973815e-06
Nsun7,0.0008561222265537576
Gpr39,2.347592731045636e-05
Pde4c,0.0009739884977110018
R3hcc1l,0.061057995432335456
Zbtb1,0.09909609484530327
Agrn,0.0037117364188657825
Tsks,0.00015786493106128552
H2-Ab1,0.01926837646719184
Krt222,0.0012598531169655072
Il13ra1,0.0005358572800088093
Foxo3,0.08865698907024591
Rnft2,0.0005873285492370222
Mark4,0.028878322236384597
Atp2a2,0.07855806302727862
1700001J03Rik,9.186791948769769e-05
Krt7,0.00010788887589861389
Ptpdc1,0.002577525160842226
Aar2,0.04064069088207824
Mfsd14b,0.05273924620061445
Akap6,0.004601085184403163
Nfrkb,0.08472398010161303
Nnat,0.00017638939043681788
Gpr132,0.23354260119348064
Sh2d3c,0.09358539358951158
Cfap61,0.00030519674072274647
Zfp605,0.008170403591877325
Fgf7,0.00018361991992434706
Klhl5,0.026936261724225655
Kank3,0.0020741386884958516
Chd6,0.11217285889890054
Egr4,0.0007946712725969312
Ugcg,0.20287904969951764
Trim8,0.07386610593961404
Xiap,0.0887445089618912
Gm7995,1.9944471523297503e-05
Cyfip1,0.03463138986722614
Bbx,0.0910470637546021
Tnfrsf26,0.021054423251906578
Samsn1,0.13502701277121468
1700008O03Rik,0.0005718509255226223
Timm29,0.023794023146332655
Prpf39,0.06415911593456684
Arpin,4.912847370144099e-05
Proz,0.00023047530101721143
Ppp1r9b,0.06565250875361513
Zscan21,0.01971665947079413
Dhx29,0.03459722970998677
Mcm4,0.09554783227989397
Tmc1,5.735765249177991e-05
Slc25a40,0.05236233186099285
Pfkfb3,0.03963550580636303
Atg2b,0.03671602620729772
Vps52,0.05291606497922009
Ptprj,0.049218106056620574
Tmeff2,0.000206559030132218
Clec16a,0.03156568253429342
Fabp7,3.992715855590231e-05
Asic2,0.0003025754945287592
Il19,8.620926209627846e-06
Zfp683,0.016903033220865376
Nr4a2,0.18680353003118536
Rxfp1,3.185605326619028e-05
Ccdc6,0.037337129996904486
Mzb1,0.0006115717653559284
Ralgapb,0.05769243060208411
H2-Ob,0.023625106731559393
Arhgap12,0.041197613280145776
Syt15,2.2581824715136677e-05
Ovol3,3.6863048805732875e-05
Ptprg,0.00016050243459131303
B4galnt4,0.013498492545965633
Vmn2r91,5.862683239696208e-05
Tcea3,0.00025816691952189325
Gm572,0.00026481372099392247
Zeb1,0.243454886730938
Foxj2,0.039212110342427435
Cutal,4.310156397929972e-05
Enox1,0.0012581354543060638
Zfp619,0.005430794065351534
Gpr25,0.00192260995348217
Itga4,0.3494344521300294
Pnpla8,0.057136946478410805
Plin2,0.031574895524920134
Elmo2,0.04612286057895991
Msantd4,0.01483830113794444
Clptm1,0.08331017394615922
Tmem119,8.067659175774798e-05
Eme2,0.008079779490974145
Slc46a2,0.0001570264427616685
Prlhr,1.7972134392322368e-06
Grik1,7.283367947544275e-05
Trf,0.03772894964646092
Snx19,0.028542412634121217
Cand1,0.06645383712591581
Clhc1,0.0016833882603308182
Tmco3,0.014074162584445129
Nagpa,0.033188302524409255
Pcsk9,0.00010884520318022764
Nova2,4.3379281185145e-05
Pcdhb18,2.834102687400751e-06
Cldn12,0.001380914140817577
Gpr135,0.0003283386420395216
Syt6,0.001060167176701606
Defb7,3.2936493588073768e-06
Fmo6,3.5484627585939245e-06
Gzmd,0.0005759498230477304
Fmnl2,0.002059792672532244
Msantd2,0.04190796911367215
Fanci,0.006846402268201549
Pate9,1.0548359323373249e-05
Tbc1d30,0.015984092164763503
Gm14137,3.675577254864849e-05
Slc15a2,0.04633102250431843
Pkib,0.0016469021862851342
Crhbp,5.7465095889395504e-05
Il9r,0.0049349007494317145
Vamp5,0.046082043148879655
Zfp119a,0.012924976619175785
Snx30,0.021307499540409485
Ccn6,5.446688426173449e-05
Rnf39,0.0017405850275477816
Bbc3,0.04233790614809467
Med14,0.09744805214838571
1700001F09Rik,2.820778514622179e-06
Harbi1,0.011592535270689592
Acp5,0.32854684004644297
Ccnyl1,0.012471415224615142
Nlrp1b,0.006213448362597829
Entpd5,0.046575533684851914
Mctp1,0.008400355845921536
Taf2,0.03009293728452907
Mtcl1,0.0010623064878250575
Pcgf3,0.020156908172333805
Ifi27l2a,0.6944381435965176
Adgrg5,0.051306863724221136
Edrf1,0.03348121979014166
Galnt6,0.17470727908936365
Proser2,5.7317544703897866e-05
Pot1b,0.04803185824624384
Rps20,2.382898249713957
Cep112,0.002989727363899137
Ppp2r5a,0.2822046717054152
Ccdc51,0.015323937265911655
Med12,0.07540375116094386
Gcc2,0.07867338150434666
Scpep1,0.022270501490448957
Rps21,1.5515068486674493
Atp9a,0.008828937355499058
Hes1,0.0019036078431405536
Kat2a,0.041180848979620134
Adar,0.07917804958456123
Ccpg1,0.03325638375462324
Ptk2,0.007068118885830293
Tanc1,0.04298191292837
S100a10,0.8573808371886145
Arhgap30,0.2421964837684686
Eps15,0.10466072841154991
Zcchc9,0.06071879229921989
Skint10,8.90082464108618e-06
Kcnmb1,0.0004161264938624608
BC025920,0.0036804281767547423
Fabp12,0.00032224978429155166
Arl5a,0.07100416755772684
Nbeal1,0.04427005231226951
Zfp770,0.01707045187407771
Ano4,0.00011551147568128618
Degs2,0.008554016507741919
Glcci1,0.03326434135414047
Ttc4,0.037414735314334244
Nkx6-2,1.4793119516377164e-05
Hcn3,0.00202927928223197
Pbx1,0.0002863968769090315
Epb41l4a,0.00046198945575947194
Slc29a3,0.018488262033446914
Lrfn1,0.00098003748303536
Cyp51,0.057013816759768236
Atp13a1,0.05728937338749924
Mmp1a,5.385813302448719e-06
Prkcq,0.3877681864147268
Ctnnal1,0.002021337204651762
H2-Q4,0.3364129627551202
Camkmt,0.043189469036918705
Pcdhgb7,0.0006158200649529381
Lhfpl1,0.00030103925382682026
Cog5,0.10467671346212154
Card11,0.15388246958372626
Adig,0.0001539562536244189
Gm5148,0.00834210560157156
Fat1,0.00015907552224239674
Slc12a4,0.00971195907552439
Psg27,1.1672996203982582e-05
Avl9,0.09729381580562747
Adam17,0.06259800973793402
Gm20509,0.00039502472622435523
Stat6,0.10696319382817111
Rflna,0.00028873244404897124
Slc39a13,0.01751363423535223
Wfs1,0.002757874744644512
Wdr7,0.032691773411185274
Trim26,0.09452537823088747
Dtx4,0.022475165812452822
Lce1a1,2.0750476206131866e-05
Glyctk,0.004083722640300649
Zfp267,0.007900678841463823
Ttc17,0.07886035378867721
Arsb,0.06643326512706013
Cacna1g,0.00011071045238374173
Taco1,0.022100320027532552
Tnfrsf18,0.2268791275940055
Serpine1,0.00022739311830872701
Ccar2,0.03994799217873128
Xkr6,0.006097103905866868
Zfp712,0.007628441924361615
Mprip,0.053129439438908
Trim68,0.009914097850935926
Heatr9,0.004926158064907623
Dpys,8.299066492539947e-05
Dmrt3,4.009267443375422e-06
Fez2,0.0343552615927055
Phospho2,0.03993632516921055
Exosc2,0.02803792024085955
Arl9,0.0002653352064784434
Ppp1cb,0.12582320596349075
Reg3b,0.00023082262839690506
Gm49721,0.00014285637845954483
Cdh11,0.0002788931118266762
Cpa1,5.0152537329585716e-05
Acot6,0.002796223764101878
Gal3st3,2.6048354893573647e-05
Ghrl,0.0005395477761825308
Hap1,0.0007674504982109857
H3c2,0.0009937561474414101
Klrb1b,0.001824008731664761
Prtn3,0.0010273028953554655
Exosc9,0.04297074548921067
Ccdc194,2.168324277326521e-06
Afp,0.010801876594449162
Lcor,0.09576045824571769
Zc3h7b,0.017879013053828635
Mug1,1.5245077117918365e-05
Kremen1,0.023530644622392568
Gorab,0.013682175406783901
Adamts3,0.0025718756790239347
Btnl2,0.0001649375150362157
Piezo2,4.697769819653654e-05
Mfsd9,0.001207042959523333
Dcp2,0.06887254804260969
Lmf2,0.03173542824570092
Ly6c1,0.08359446517966945
Cela2a,7.63811442293624e-05
Epcam,0.04000862748428404
Ppat,0.05138120200761777
Camta1,0.05731293781101597
Nanog,7.652563764588204e-06
Mapk12,0.0016272395550552445
Hao1,5.956744085024752e-05
Jmjd1c,0.15614498610201985
Stox1,0.0008128721595609541
Sln,6.615680392174659e-05
Kctd3,0.01171146272124397
Car3,0.00016494124540581656
Ablim2,0.009336160258019402
Ggt5,0.023973752110639714
Dapk2,0.10663305794335767
Zswim9,0.00529598598542654
Wwox,0.08445987456990024
Ncln,0.02768247737543224
Arfgef3,0.002157917269285558
Mgat4a,0.03183846351600954
Map1b,0.002948716000072718
Xrcc5,0.03517513490357421
Calu,0.046050199444199635
Fam117b,0.08131539899752094
Dbndd1,0.0001520934928940051
Glycam1,0.00027512994882719253
Zcchc14,0.0009028632662414158
Iars2,0.06055977313770296
Pars2,0.008819435836439935
B4galnt3,0.00017579557101587458
Map10,0.0020520205522156724
Tarbp1,0.01377504425767167
Foxp4,0.06055270853307222
Ptov1,0.013886263071079883
Cul4b,0.04554794533533199
Cplx2,0.00010596418955720632
Tmem131l,0.09037339685717857
Pdzrn4,5.242094512601798e-05
Pcsk1,0.002471549576176178
Atad5,0.015250170600971029
Vmn2r1,4.9103822976295246e-05
Tprn,0.021142830272281702
Fam131c,1.0956682792296113e-05
Ikbkb,0.14881723859412305
Themis,0.3430592602245637
Sidt2,0.08029432701650378
Apol7b,0.013617715060438585
Twsg1,0.020500367860536217
Suco,0.14739906294176972
Lpar3,0.0006770195943440158
Ttf1,0.044891517711495785
Zfp458,0.003646288841174052
Acsl4,0.06317164425906781
Tut1,0.037407194757510365
Xpr1,0.05922188201869128
Palm3,0.003608955613049703
Inpp5b,0.0893739793259556
Klrb1f,0.008741070015764074
Spatc1,0.00018971479146013604
Slc26a9,8.139312286744613e-06
Rtn4rl1,0.03828014324077044
Slc4a8,0.008188221784876635
Ap4m1,0.012166465311022083
Gypc,0.038526386586030845
Dgkd,0.13998837053421007
Fads1,0.010648683759302969
Vsig10,0.003784273104866016
Ap1s2,0.04376166111865092
Antxrl,6.838152726161711e-06
Gnao1,0.00030963445734824433
Tyrobp,0.17900529701955162
Plcl1,0.021141068155944683
Id4,7.903946705389128e-05
Arhgef11,0.025316455677975497
Clcn1,0.00022069789934812308
Mark2,0.1622098474470837
Nup107,0.044104561877917996
Tfap2b,1.0254003097144496e-05
Zfp563,0.00700886848283478
Shprh,0.059057242892553485
Styk1,0.0022991100787766415
Adgrb1,6.924218533782663e-05
Akap14,0.00018559652758844036
Prnp,0.008936633173720893
Alms1,0.006501725968077722
Zfp109,0.0034435117043412717
Nolc1,0.11811749481615753
Nup155,0.02137642646318984
H4c12,0.004026606428274069
Gdap2,0.03714096194133038
Fxr1,0.09490433906001366
Igfbp7,0.006284648796899726
Ddx3x,0.10747618877612065
Eri2,0.013625789205603289
Snd1,0.12726518163903053
Pigk,0.07659067328900818
Cd209d,2.043950948957801e-05
Vmn2r100,2.095700969388881e-05
Zfp54,0.008666215995549726
Add2,6.561542219455118e-05
Dolk,0.010171190566567833
Myh15,0.0001569327489201998
Tcf4,0.012088376145370531
Tceanc2,0.027407112668313034
Cdnf,0.003341577342022561
Abcb9,0.09278970661817114
Chil3,0.000644466543050732
Rps6kb2,0.046458936339783694
Chka,0.04686094519575925
Xrcc6,0.039529311926312746
Parp14,0.11053339769835124
Psd3,0.004041757279923347
Srp54c,0.00485713387893976
Dgkg,0.0016964700546137895
Isg20l2,0.05876188785653879
Vps37d,0.0002925476199823365
Ninl,0.001354852301749204
Anks1,0.032563620186136684
Fcrl5,0.00021379174701598066
Mtmr6,0.045316451087452886
Alcam,0.02186513529339515
Foxk2,0.033882445613156294
Gm8369,0.23630988628026625
Tjp1,0.003503429378996554
Clec2e,4.668760223720365e-05
Eaf2,0.005581761731906954
Gpr146,0.047345933622380765
Atad2,0.09679649456110687
Ift74,0.007330370601658931
Odc1,0.23743563452443447
Gpc4,3.466242624901257e-05
Col10a1,0.0007586905013365254
Gm13272,5.095418471924096e-06
Xpo1,0.0735095085296996
Sprtn,0.02390368406740509
Ccdc126,0.014771019193089248
Hip1,0.05528888392643246
Dgat2,0.003842864396163546
Samd7,1.0304992894146887e-05
Mageb16,1.5532279975110942e-05
Nbr1,0.07249358967579306
BC035044,0.007058627986480379
Nyap2,6.525619019374712e-05
Sash1,0.00047466959111018754
Gabpa,0.038321813984707576
2310002L09Rik,4.8412588038614345e-06
Atrnl1,0.022411767038560005
Iqub,7.388716489206949e-05
Rrp1b,0.053111874298713724
Hrh4,0.0008672588045167572
H3f4,1.6856417905737687e-05
Plxnd1,0.007244366390826451
Nav1,0.0013706362233433034
Pnisr,0.16275423638986022
Calml4,0.00033184632823210605
Cyct,5.440254405546526e-06
Gorasp1,0.002934471643116208
Csdc2,4.339751645889257e-05
Agtpbp1,0.03683261788288977
Tfe3,0.02330382815909625
Wdr12,0.05591226790678931
Tlr3,0.0003435274044519924
B3gnt8,0.0006954257084284919
Zfp12,0.021269147240628845
Ahsg,0.0001401120820669161
Pds5a,0.13956346556617052
Scn5a,0.00034095563234958165
Krt80,0.0001300075099403332
Magi1,0.002115621547434055
Dhx38,0.03606715872327592
Serpinb9,0.0752760133126839
Zfr2,0.006840168765451284
Acta2,0.0005654744775503764
Gm525,0.0001186223815353261
Guca1b,0.0009764137515145361
Gda,0.0010318723552828859
Mphosph8,0.0977287965885594
Vars2,0.014247763109710342
Rrm1,0.05428161006567142
Try5,0.0002108399318907357
Pla2g2c,9.081016220979228e-06
Zdhhc17,0.033751528930231596
Gm44503,0.0002282098888634639
Rhot2,0.03115193291680405
Gsta3,0.0004733006505805968
1600014C10Rik,0.091605473911694
Zfp142,0.01701934373268479
Pdlim5,0.08024897229690149
Adgra2,0.0002502370993081929
Spata1,0.016958289591573847
Usp3,0.191035052001774
Sall3,8.931930337739515e-05
Cd38,0.04750450669028183
Prkar2a,0.023547217962377742
Septin6,0.30272856603371895
Exoc6,0.06408758158559497
Man1c1,0.011408420623493612
Lrrc47,0.05377541377909954
Dcx,5.378996001538268e-06
Kat14,0.010914763894678877
Rad9b,0.006235756311390705
Tent5a,0.09471813583949287
Trappc8,0.06333765706805945
Zfp750,0.00021358681720052547
Vps37c,0.0232341985995484
Kif3b,0.048409708647287435
Grik4,0.00033375518727905113
Hcst,0.7024110879031717
Rab25,0.00022171916056569943
Rps15a,2.3164907905832397
Agpat4,0.03841114549129992
Cilp,8.66801838548467e-06
Dock8,0.3131011243056413
6330411D24Rik,7.374806860162007e-05
Phgr1,0.0004055604020873098
Mtmr4,0.01650009758892859
Mtmr3,0.08407182574938615
Klhl25,0.026011998167887938
Tspan13,0.19448737573508776
Cbx6,0.013421134051559236
Ghr,0.0001830749423208965
Ric1,0.06443212226801387
Elp3,0.03286669237574341
Abl1,0.04101906114161598
Add1,0.21863910336361556
Smad5,0.030043814256292933
Thy1,0.6804757148165337
Klra8,0.0006229414374861849
Klhl41,4.3353520670546124e-05
Actg2,0.0020402045533448087
Zfp27,0.008229256044675901
Hacd4,0.001765347979327479
Krt19,0.0003327716533874858
Nol8,0.06290427230745821
Mapkap1,0.10239193748642061
Asic1,0.0002277440824337085
Rasa3,0.23164087236442796
Rbm6,0.13424341698078707
Cenpj,0.024427414963102582
Zfp692,0.037377575145055776
Helb,0.03641730631475677
Foxj1,0.00031500634874099816
Mnat1,0.04105549806233143
Spats2l,0.0007768125197895171
Anxa1,0.03004696916441657
Otud1,0.028463933082622257
Tk2,0.042113225803694095
D830030K20Rik,0.0008174517583480541
Lurap1,0.0004826617273570457
Dnajb7,1.5192462085901157e-05
Ap3b1,0.16297220621253375
Zc3h14,0.0789054077437624
Trpd52l3,4.5114517799389754e-06
Xlr4b,0.04476280014936202
Zfp677,0.012747259101785483
Cog7,0.017128643223998836
Mthfsd,0.019203405626404393
Dpp9,0.04490833425985944
Ldhb,0.03719423965699984
Pmp22,0.0022337369555764834
Ipp,0.02110671972541153
Gm7072,0.03193001513449343
Muc5ac,5.670875650946722e-06
Srrt,0.09751089812724034
Ldlrad4,0.1597997676012545
AW554918,0.06016112338989191
Purg,0.005288938348374962
Ank,0.02945784808806271
Myom1,0.0007846302197821241
Phka2,0.018656837653121074
Edn3,0.0005036889517572367
Dtx1,0.17064523995982833
Sema6d,0.0060762738876438335
Stk3,0.019891619292115914
Snph,4.729552349657581e-05
Nr2e1,4.750854882778997e-06
Urb1,0.02140071634401699
Mbtd1,0.06324528534087248
Gys1,0.01003818372957655
Gse1,0.032286942446503895
Dach2,0.00235827086398324
Itfg1,0.07517879967576514
Trpv6,0.00012037722804909433
Scgb1b30,2.2960875364806163e-06
Cxcr6,0.2080617062728251
Map7d1,0.060368578288687774
Cd300a,0.00035903162472013993
Lrrc4b,5.6896259151188626e-05
Nckipsd,0.007688524759389946
Ccser2,0.05601705376960844
Kctd4,0.0007717420525156869
Skint11,4.8570316865947086e-05
Nudt17,0.0007619922705001325
Amigo2,0.013473036275027314
Trap1,0.06847389917973529
Rab31,0.0036886456096450753
Sh3pxd2a,0.03735901380709465
Kcnip1,0.022294420912995952
Ptdss2,0.01376137496461752
H2-T24,0.028239177686552715
Shisa8,6.25851444044078e-05
Shtn1,0.0012222878801935696
Hes7,0.0006988959671762419
Abcf2,0.07369249628500814
Dhx15,0.16915934526864193
Ak9,9.191737199903626e-05
Pkd1l1,0.00014855269564403105
Slc35e2,0.046252911295843586
Slc5a12,2.3203407155621428e-05
Unc5c,0.0001691394666832988
Gfm2,0.029822353340325295
Zpbp,0.014235062860163196
Atxn7l1,0.08982153622576337
Ins2,2.1557972956414228e-05
Chst14,0.006145507793926018
Mpzl3,0.019626246478749276
Rgs7,7.06107675703466e-05
B3gat2,0.008570613296507318
Gap43,2.2915534825924084e-05
Fig4,0.03224422489243648
Nutm1,1.935960140134441e-05
Wdr82,0.11025043368927846
Hk3,0.0008038928000951565
Hoxd1,4.896757375484176e-05
L2hgdh,0.005788491826363577
Prickle4,3.933277903789414e-05
Oxsm,0.010707114016524546
Mpped2,0.0027780288705665335
Tspan5,0.060368522686317594
Pea15a,0.06819983277602387
Rasgrf1,0.00506273413990401
Secisbp2,0.08374712868903018
Tcp11l1,0.0014002905438713798
Stk38,0.2607589240418471
Gucy1a1,0.00308638311860676
Gne,0.03539298990778493
Fndc11,0.00037728166420478246
Rpgrip1l,0.005191021064336386
Slc22a29,6.776921481733184e-06
Rab36,0.00033578958472050186
Il17f,0.006628140339601069
Mta3,0.2076236573499743
Smoc2,0.00025605730625932586
Abhd1,0.003950111492694841
Slc10a4,2.9044240953765927e-05
Rsbn1,0.10205043463586773
Rab11fip1,0.04276812383993556
Ros1,2.2495724889576195e-05
Abcc4,0.03771530276724917
Hdgfl2,0.0920468890122955
Stard8,0.0003672146117194352
Serpini1,0.018163917561528645
Efcab11,0.0036293505111053585
Als2,0.01508255395895673
Hadha,0.09131409598951352
Egln3,0.014081467351142981
Spred2,0.043346241922983704
Pdgfc,0.00010205020085480409
Dse,0.029154242701070344
Mmp28,7.73689908831423e-05
Chil5,0.007831685706130846
Slc26a7,1.3983754475988548e-05
Ikzf3,0.3327264828591826
Pla2g4b,9.17103602533905e-05
Lyzl6,3.225332184869288e-06
Atp13a3,0.08992810152622517
Cep135,0.031696112517630534
Prepl,0.01591382716004319
Dcp1a,0.04771433061038514
C8b,7.5614499140362316e-06
Patl2,0.00809563924755606
Ints6l,0.024543013897194658
Slc16a2,0.0019255850409107685
Spag8,7.747543248269777e-05
Uck2,0.06271616340072278
Chia1,4.5373692610739195e-05
Ifi214,0.056700190838139014
Gpr15,0.008064716697596562
Hdac7,0.11305536323252498
Abca16,2.0609479452411975e-05
Tespa1,0.18250358384885274
Lrit2,5.626063204705075e-06
Lcmt2,0.022404097633141308
Chst12,0.08143743582855902
Thra,0.029290936661440836
Rnf38,0.07173055189818521
Orc2,0.05262881078039947
Vamp2,0.07165604956248743
Gm27027,0.00017829740537342426
Defb6,0.00010140320602451993
Caap1,0.05364576375300933
Clic4,0.04471569327937193
Slc12a6,0.04214872471332057
Myo1g,0.1502100412783267
Gabra2,2.380651465076597e-05
Phf11c,0.04054544063210544
Dgkq,0.010295379181978787
Ctdp1,0.04140222435390313
Inpp4a,0.04548883975596201
Nom1,0.0480948681338496
Tcf15,8.925726517823902e-06
Plcd3,0.00023882197227027244
Slco1c1,5.166358433622929e-06
Adam8,0.016226377688345606
Cacna2d1,6.962012840535411e-05
Pth1r,0.0005751720936783067
Acsf2,0.02516362309278546
Gpam,0.007479644338993439
Adamdec1,7.307101884836157e-05
Cog4,0.0495522332472483
Upf1,0.07512672626866469
Itgal,0.22355588502765047
Slc26a10,0.032144064142446235
Satb1,0.389834846829167
Sorbs1,0.039544486030624174
Bcorl1,0.01303114910506643
Dtna,1.6431308194942717e-05
Naif1,0.007284285202925645
Tagap1,0.009490027285020132
Samd4b,0.04754943911794135
Astn1,2.150741397702147e-05
Pdpr,0.027213438425648058
Ppp5c,0.079078924844528
Ptpn11,0.1113907316131147
Dst,0.011653241296827006
Ttc39a,0.0003908499834309476
1110032F04Rik,0.004794604158272078
Il22ra2,0.0003833007584298819
Slc6a13,0.0025680338378345807
Itga7,0.002291096021222063
Gramd1a,0.2724889543119203
Ciita,0.0015631409090994797
Fbxw25,2.732263900182906e-06
Unc13b,0.000681814550961877
Gm5134,0.0015970632799795596
Jun,0.24371455586376967
Pard6g,0.009112215005380377
Adgre5,0.3282760949565971
Prc1,0.015074928322896414
Zbtb33,0.020015591605899566
Scrn1,1.9604959018382598e-05
Slc39a7,0.04975818436009981
Grk5,0.012074169280931942
Fnbp1,0.2574281187122945
Pbld2,0.0011175204636207957
Cdk13,0.18719463511025264
Cd72,0.05695006315866255
Washc2,0.07066109078368496
Nfat5,0.07413487055629067
Mettl15,0.022306910995863138
Pipox,0.0006100533038579178
Sel1l,0.06297544992043731
Cnga2,1.9909006968182443e-06
Erich6,0.00011038892638596685
H2-M2,6.26825544296541e-05
Abcb7,0.06161482382921579
Jag1,0.0013909800827052645
Slc13a2,1.7218580107944225e-05
Lcn4,0.03471906942416312
Maml3,0.0279825514751249
Setdb1,0.03101836818518626
Sez6l,0.00014710697917537133
Pdcl,0.027464109236188784
Meis1,0.0002256496698208874
Ppp6r3,0.1097001964374733
Wwp1,0.07622197317236204
Myzap,0.0005850721151557001
1700001K19Rik,0.0006594505345029716
Zfp446,0.005905322578619154
Impg2,0.001935499407615001
Cldn10,0.009100677996994874
Serinc3,0.26128573468434907
Abca6,2.3968187719958432e-05
Pex14,0.05878480398512437
Klc2,0.015111111090921042
Gfod2,0.01236211152366638
Scrg1,2.929689859747781e-05
Esf1,0.08444056928153178
Tars2,0.0392212654520183
Kdm4c,0.08085073598626673
Camk2n1,0.05239405243641307
Echdc1,0.026879210775996584
Zswim5,0.0006330793258507227
Stk25,0.057664075063949334
Sqstm1,0.4399895164170389
Trmt2b,0.032884724059672174
Rtl5,0.0007179271929716213
Slc7a10,0.001221212894216834
Utp15,0.03811718561016575
Acbd3,0.10810215395055736
Rhox4g,2.897138270298016e-06
Tec,0.05576892411106669
Fam219a,0.012634577348770219
Arsj,9.687449492074094e-06
Prdm9,0.004675400046251937
Osr1,1.428656658856849e-06
Pex10,0.013243510550000767
Treh,1.342540199407173e-05
Aff2,0.0001632067706976113
Il4ra,0.12510001249886063
Tpbpb,4.1748246286518524e-05
Il10,0.008232776645887903
Mllt3,0.249221439122505
Nfam1,0.0028817584177454505
Gas6,0.00016058161392740354
Siglec1,4.5277934226994566e-05
Col6a5,0.00017348869870336672
Ptchd4,3.244156109708423e-05
Zfp276,0.01983327681081076
Dnttip2,0.10341955185170143
Lztr1,0.03210845968160301
Ccl1,0.0034366401149033706
Sema4a,0.07936031451967351
Lurap1l,4.928694448805443e-05
Wdr88,0.0015330819040841749
Sprr2a2,6.928233508141921e-06
A130010J15Rik,0.006185591467188943
Vps13a,0.18160574073153293
Gm19965,2.042203485202219e-06
S100g,0.0004291289892864439
Tbx22,2.022120512231204e-06
Gm49510,0.0004989708893759813
Sparcl1,3.8053159537561686e-05
Slc27a5,0.00011220889522550318
Stk40,0.04707999616373675
Wdr3,0.051230742500074665
Slc30a2,0.0001700504272309811
Narf,0.04398683428947727
Ist1,0.09258564828488963
Plscr5,8.28865109819579e-05
Slc33a1,0.018154771523102523
Syt14,0.0006999774161585742
Sparc,0.001201222157454193
Efcab7,0.00436459273697213
Cald1,0.0002074698598050726
Tmem19,0.03845025163427247
Adamts12,6.072092085833203e-05
Slc6a15,7.916065724926307e-06
Hpgd,0.0011878744188372624
Ctrb1,0.00016048757127532328
Itsn1,0.010033315551471198
Rhot1,0.04967232485961012
Mms19,0.05851737230921559
Crnkl1,0.06395914833673812
Zfp592,0.06549665927004061
Nrde2,0.020262940309028976
H2-Q2,0.006011510522637829
Acsm3,0.00024115480381942833
Dcbld1,0.00017674401475520333
Pogk,0.015050293419696674
Rdh1,6.613890051966896e-05
Poglut3,0.004193076433270929
Dennd11,0.027954650265484784
Pogz,0.03732921993636261
Endou,0.00039317927005178005
Ppm1e,0.0013093098385633945
Papolg,0.04326009391393063
Rnf224,9.500271298049646e-06
Fcer1a,1.3467295734239543e-05
Asb15,0.00010308566285889182
Sgip1,0.003457623255421273
Nek7,0.12340205665806585
Kiz,0.03059109921630742
Ptpra,0.13138402164146634
Foxh1,9.728441381793735e-06
Card14,0.0003676916296501442
Hydin,9.420623601251354e-05
Smg1,0.19693878500507778
St18,0.000890267793048741
Trim75,9.253291152837848e-06
Sclt1,0.033887713026199036
Gbp2b,0.0015945912591374943
Dmxl1,0.08465053211776008
Lipa,0.08751767947442432
Astn2,0.0008424447349038906
Pi4k2a,0.057211000467355264
Micu3,0.03278331887434475
Ankrd26,0.026125723559015174
Pde2a,0.017941380964560168
mt-Co1,1.5156726704446675
Il17rd,0.0012048153001491414
Zfp36l2,0.4557381394779798
Magee1,0.004660212994995923
Scarf1,0.0001637039796529599
Stam2,0.049142293167842466
Dhx35,0.018214117695071492
Etaa1,0.04904220273759712
Cyp19a1,7.799156913134381e-06
Nipa2,0.05615438887729951
Slc9a1,0.029731475483513164
Prex1,0.22290233805451512
Lin9,0.01853621512003198
Tgfb2,0.0004703719687246172
Cpped1,0.01920530127678157
Shroom4,0.00023381981867063887
Trim39,0.02542498649959085
Dmxl2,0.00037276920238169274
Tgfbrap1,0.024646714395414836
Tmem175,0.041373124562484036
Zfp398,0.05094775173621296
Ankrd22,0.00010128236956135573
Hnrnpll,0.05492149692542458
Tuba4a,0.12654677489140997
Brap,0.07577909252712721
Wipf3,0.0005512549677647713
Riiad1,0.0005486989614369285
Mylk,0.0011438874885848467
Pola1,0.03131529416494928
Nccrp1,0.0021667393426359253
Habp4,0.02174736265176703
Kifap3,0.010604203974632501
Rptor,0.09089711173731367
Zhx1,0.03343495384370166
Nedd9,0.26829238750839635
Ift88,0.008293539385950144
Numa1,0.1907015066672298
Gm20696,0.029744958648386246
Ptprt,9.340068728997943e-05
Kdm3b,0.08954101353875488
Vezt,0.018397418863070027
Cant1,0.053208812761993976
Lsamp,0.0004657093024040835
Slc9a6,0.01748394601761216
Gm45062,0.007906147248348937
Gm37988,0.0024081087430892806
Orm3,0.0010357744677107852
Usp17lb,1.994101876001731e-06
Mgrn1,0.044333797961003715
Itfg2,0.02936272737682324
Boll,0.009582512176278117
Mfsd12,0.002616301913295678
Vmp1,0.11099415955431606
Ikbkg,0.03408694666456876
Itgb6,5.3809946275797174e-05
Abcc10,0.016196026043656137
Aldh3a2,0.030578246100775523
Itgad,0.017689245050334364
Ramp1,0.13730650047812437
Vmn2r93,5.995400830613269e-06
Fmr1,0.06353298904139554
Lta,0.031404619508358385
Tubb2a,0.06457298427406197
Vrk1,0.11114050747888193
0610040J01Rik,0.000239164000337549
Lbr,0.20159573258549193
Aldh1a2,0.0001290230416086846
Il18r1,0.12400838175760628
Cldn4,0.000780712126347963
Arhgap18,0.059191390598332054
Stambpl1,0.11361203505404911
Smim1,0.000725114350338862
Cd33,0.00014475315808140296
Zfyve26,0.025476740146891472
Cpsf3,0.09744315978532396
Top3b,0.046606898956649774
Nrip2,0.0004310854442293924
Msantd3,3.137714608524406e-05
Dok3,0.0016799094033016098
Slitrk2,3.3683381325326315e-06
Scaf1,0.08687378677823673
Osbpl11,0.04836534662723868
Prss28,4.19828914137917e-06
Socs1,0.15371211643346205
Fam167b,0.0005291297558754465
Rbm33,0.12954184872993024
Cdkn1c,0.003967420207286968
Rbm26,0.12533763473125534
Lrrn4,0.0005272378941070476
H2ax,0.11945225856676586
Nfia,0.019678519140663178
Vmn2r24,5.601899439927776e-06
Kif16b,0.033346405165317644
Btbd9,0.06118060280877361
Evc,0.0002567553664706365
Ly6k,0.008701786558518207
Serpinc1,0.001645006779005515
Defa34,1.1234930067859359e-05
Gm37240,0.028128800420996487
Rcsd1,0.1763649078617782
Slc1a5,0.19365273462332455
Thada,0.22310108512229687
Chrnd,2.3783127011289307e-06
Rbm5,0.1822789372841452
Slc20a1,0.04904711411344319
Brsk2,0.0002719090221309172
Gcnt1,0.013608585718602562
Rrp12,0.017536034561738214
Cyp2r1,0.004855214890744117
Pml,0.06312980951951792
Zkscan17,0.027596650148006493
Mapk9,0.05848564178048632
Rsph14,1.8281708988757084e-05
Cldn8,8.836301072726045e-06
Cxcr2,0.00017746679303862333
Fbxl5,0.07005246377451685
Armh1,8.61122498857279e-05
Vps8,0.025689938671929126
Sele,0.00041885704406618193
Tlk1,0.18631328526624102
Birc5,0.02970597451372281
BC048507,1.7610405353094216e-05
Lemd1,3.8813412690259105e-05
Mthfr,0.011665965817708327
Phf20l1,0.27752321371419625
Ptger3,0.0010660365094230016
Lama5,0.0001759957725077294
Hpn,0.0010018907103379504
Larp4,0.06713946002637948
Banp,0.032624344572247575
Gpr137b,0.0005741934795531834
B3galnt1,3.310278957828784e-05
Rnf148,1.419451356761057e-06
Dennd4c,0.07920132600497647
Sh3bp4,0.0019218386188530172
Cdhr3,0.00030851988362751246
Vmn2r61,5.118575839260704e-06
E2f6,0.018806761897310884
Rsrc1,0.09958271945900213
Usp46,0.0187297198939283
Serpinf1,0.0011814260648415678
Slc45a4,0.017320063862478238
Zscan20,0.008514266772196131
Arid3b,0.04237481086050106
Afg3l2,0.06027031984060648
N6amt1,0.037221272692509313
Sbno1,0.16191728386027504
H2bc18,0.014083471038101564
H2bc3,0.005672545595737047
Gm36368,1.3535554721993148e-05
Chn2,0.14326510648304222
Cdh12,0.00017459045583806816
Gpr156,5.715065803979612e-05
Casp1,0.03328023941787426
Exoc5,0.07044521780677132
Plk3,0.05720510116498196
Glt28d2,0.00016239840637261724
Cass4,0.008845524585115035
Nfe2l1,0.04009636297441904
Gna13,0.21508801460328242
Ier3,0.017326920861859343
Il15ra,0.01926266544785234
Mysm1,0.09284695361366538
Nrxn1,0.00012450061166801088
Porcn,4.131733943581666e-05
Pgpep1l,0.007489476575879276
Psg16,4.800817310752163e-05
Trpm8,0.00015898274748748806
Swsap1,0.008039207303032446
Adgrg2,1.6402174521894088e-05
Hacd3,0.09216168115968527
Tmem260,0.038117518245014664
Bcl2l10,8.657630884672613e-06
Mei1,0.022025346981932887
Ankrd13a,0.1048424295558234
Fundc1,0.05580115111410317
Atg7,0.03893658084888893
Me3,0.0002206302477843764
Kdm8,0.009255316615383041
Adam22,0.0003703432350624785
Lpcat1,0.032982729300598916
Lcp2,0.3102234929523077
Dnajb2,0.02520786688475051
Dph6,0.04020484050380608
Ssc5d,0.00019747056349275635
Col27a1,0.003769589857981204
Hectd3,0.033856287564092126
Ppbp,0.00010548226382623942
Pf4,0.0008489678977296712
Junb,0.9999662583638584
Ifngr1,0.5561803522619235
Pdgfa,0.0005086664625335347
Ly6i,0.0006053544893583315
Il31ra,0.8426459869936525
Uvrag,0.14412466888144324
Abcg5,4.284237104452134e-05
Mios,0.02934823560158169
Drosha,0.032510183620884266
Atrx,0.2912608243797461
Homez,0.010920739899689844
Meak7,0.005861624473706706
Dnajc6,0.008307681108203183
Rnf168,0.03911959789714281
Slc17a8,0.00028659357151506316
Chst7,0.00019027651739605877
Adam1b,1.9471426788707352e-05
Erlec1,0.0376190907201803
Zfp940,0.0044255913033124684
Syp,0.0023480572415348826
Scaper,0.09486584492506286
Vmn2r18,2.396435622854374e-05
Apoc4,0.00013952751816469843
Pygm,0.004799895601961145
Impact,0.04942944138325026
Btbd18,3.4622931961742155e-05
Serpina3f,0.007131728977473959
Sh3bp1,0.08714570546113927
Zfp956,0.017084626296418784
Ms4a7,0.00047453625252765445
Casp2,0.033842424930436266
Ctsd,0.3334824159465871
Pdk1,0.08520183486459267
Habp2,0.0001206032490122025
Hsd11b1,0.1714836212727632
Gsap,0.04722200223558899
Cylc1,1.2467144214287398e-05
Ubtfl1,5.962008924161026e-06
Hsf2bp,0.000568378325350639
Ccdc7a,0.0006788915434247725
Ppm1d,0.052350562379156966
Ibsp,4.1820938044177254e-06
Slc16a10,0.033085304543204845
Foxc2,0.00023288656743097346
Nodal,0.00013722957036268573
Zfp462,0.001923230735060887
Ptprc,1.0599287526533603
Abca5,0.0009808129855837346
Cblb,0.30844723198758134
Zfp937,0.004728031925558078
Rrbp1,0.148405420534403
Bach2,0.33271881885574833
Afap1l1,0.0003114390353268528
Sec1,0.00018909756340183836
Spindoc,0.021427583261122957
Plin1,8.312202542045469e-05
Mlh3,0.02317718573321495
Plekhn1,0.022134675094663474
Hmgb2,0.3484603415931403
Gsta2,6.804596028002687e-05
Irak2,0.08807158441457752
Tfip11,0.04814533707241745
H2bc1,6.999891435193741e-06
Zfp317,0.02571676140882737
Gramd1c,0.006614390115276517
Pgr,1.9331343296481562e-05
Arap2,0.21863456316918217
Susd4,0.00574547017035989
Orai1,0.16652507354575585
Scml4,0.25085290109969943
Usp30,0.013105516698735309
Nfib,0.00012080449591271925
Btbd8,0.008131476289821018
Gas2l2,6.332199545842558e-06
Scaf4,0.07326731164251805
Klk1b26,0.00027081148617792684
Ssbp2,0.13469287226895799
Nhlrc2,0.049028365464897465
Calb1,5.37738485778664e-05
Krt17,0.000464373681427372
E2f5,0.017638970234649325
Galk2,0.06076348041193284
Nr2c1,0.013606267384586467
Kif11,0.013472175630441539
Zc3h3,0.016665472770698145
Fgd2,0.0003782031430469225
2410002F23Rik,0.04486008174084263
Nlgn2,0.0019778670886584893
Spon1,0.004245723897253396
Ifi213,0.11481608516471267
Ccdc169,4.0994703168927844e-05
Paqr8,0.00614508455021896
Mbd5,0.08387591341735191
Icos,0.2063924731552433
Dusp3,0.002596115497946513
Emd,0.14761097485475358
Baiap3,0.05032237327494211
Ppp1r3c,2.7439962237603785e-05
Vmn2r114,9.074055159296752e-06
Rab3gap2,0.038996771972113584
Maf,0.08405288134885289
Srm,0.08991412268040867
Mdm4,0.13001397348723567
Pip4k2b,0.03926478524765466
Klhl35,0.003172608974856907
Tor3a,0.03110098211076114
Acvr1b,0.01818279143047863
Grp,7.940003343124155e-06
Kmo,0.0008698828487760706
Stt3b,0.1090205421406965
Armcx6,0.0018606714023862258
Nr1i3,0.0010244975464625795
Ube2z,0.06601470259211138
Ahr,0.05355844607420613
Bank1,0.0038909978054660886
Ambp,9.716478277578498e-06
Edem3,0.04509103953815685
Myo5a,0.022454196188758036
Tmem263,0.019918804583119443
Cdca8,0.020837909825151782
Galnt11,0.04109447801175774
Ass1,0.11404644459608161
Per2,0.004056293730822006
Slx4,0.020711287769900243
Cox10,0.050256433273889976
Mapk14,0.09568069008224361
Rhcg,1.101768493134719e-05
Cc2d2b,0.0008770815592367855
Exd2,0.021767390530279547
Defa23,4.667734580722144e-05
Chd1l,0.05633361278573872
Slc2a3,0.04200750468962454
Pdp1,0.020876807963464764
Ralgps1,0.01771927847381633
Nhs,0.00011486243867547878
Zfp280d,0.08855568731530933
Mto1,0.03281071263679561
Arl5b,0.05091604429627955
Stom,0.0012829973121105222
Rnf128,0.0055737510600072995
Tmtc2,0.028025922836776695
Gimap8,0.2321441155907075
Syne4,0.0005064312747138386
Zfp708,0.0002855009201405451
Foxr2,3.068610350027447e-06
Retnlg,0.0008775894153089125
Peli1,0.4204713953223545
Rspo4,1.296053679508846e-05
Ppfia2,7.31398465696846e-05
Stx6,0.08286948298736146
Slc22a3,0.0002553350907829981
Gm5431,0.002361117170751518
Rad9a,0.03922435013421239
C2cd5,0.06420683489792209
Rnf121,0.036911724290016476
Notch1,0.0716802332320191
Myo19,0.003934147437822814
Gm973,0.0008461942427264244
Gm50461,3.700815726701703e-05
Thrap3,0.2561256648072588
Upf3b,0.06762574746639928
Idh3b,0.21751570048950808
Klhl42,0.019903074011977454
Plagl1,0.004168213679562791
St3gal4,0.07453843315095814
Srgap1,0.00040956435515230536
Cdk17,0.22828738092422238
Ldhd,0.0033398889074068927
Setd1a,0.025742867936278023
Itpkc,0.008578412409615516
Slfn1,0.226276540723417
Vmn2r94,3.115349386927246e-05
Vmn2r29,1.5545358609300496e-05
Caln1,0.0001756659116028937
Klk1b4,4.6514975248945276e-05
Chga,7.124295178918401e-05
Cdkn2aip,0.0553775093902683
Efhc2,0.0009293974750708747
Paxip1,0.026698284639925185
Pcdhga7,9.984635701501776e-05
Itpr3,0.0699105360612724
Gtf2e1,0.01944248455975977
Wdtc1,0.029544918695655283
Inka2,0.007296111153057417
Sh3kbp1,0.3586879445588354
Rfx4,0.0003125888935506876
Iqch,0.00029729497044058664
Cd8b1,0.4158294001918696
Tas2r135,1.180389012973001e-05
Sestd1,0.00510484813280694
Car13,0.00038376418547504367
Gprin2,3.411192142880332e-05
Ubtd2,0.006670081405951309
Zfp384,0.04664916365009313
Snrk,0.06365155742954703
Hdac4,0.08596798857261945
Ppp1r26,2.3379873733202987e-05
Ints2,0.015171281434590308
Chadl,0.0019605067234598436
Calr3,0.0005211768348727486
Mast1,0.003196864159776757
Zfp595,0.007073131220500468
Helz,0.10435041763726627
BC048679,8.471316842560891e-06
Myo7a,0.002399892968901978
Sh2d2a,0.3137628841265109
St6galnac1,0.0012607166225263422
Itpr2,0.23246647725427905
Vopp1,0.04108142327936095
Slc25a22,0.03146329567704169
Mcoln1,0.031149118211530116
Aoc2,0.0025440722389331975
Gtf2ird1,0.010832815970128338
Fbxo8,0.038804643126660016
Ythdf3,0.09462818721864304
Col16a1,0.00027402800790864596
Clec2m,0.00012976265007146932
Cdk3,0.00034728079750831074
Cd19,0.0006193887884091443
Cish,0.08712243023323085
Adora2a,0.06677581654341226
Cdc42bpb,0.0018983318808147482
Mindy2,0.09866865714647957
Zfp647,0.0012965521364448208
Fgd3,0.05658582691360421
Hps3,0.03807503797653273
Kpna4,0.33045991069136865
Adam21,6.834972788742062e-05
Zfp248,0.005433471741216606
Jph4,1.7582933968564656e-05
Sgpp1,0.05004530322397211
Phf21b,0.003574556368093595
Twnk,0.010074302641760749
Heg1,0.06263650111565512
Acss2,0.058050093485063334
Bcam,0.0015644697453605367
Zfp946,0.004441555432797323
Trim31,4.1076836923695336e-05
Prl2c5,4.325565213369357e-06
Rasa1,0.12269687248995889
Alg6,0.009348281108064398
Mest,0.006498880727331526
Gabrr2,0.017816905676501626
Btla,0.06521823882744428
Lamp2,0.05225247733161359
Tex26,0.0003611417144601146
C8a,1.07214955637965e-05
